family	file	variables	clauses	batsat_verdict	batsat_ms	native_verdict	native_ms	cadical_verdict	cadical_ms	kissat_verdict	kissat_ms
p4dfa	compose.p2._bit8_na6_nr3_paired.cnf	159514	583192	sat	10675.197037	sat	450.339607	sat	1306.4637368079275	sat	9821.228379849344
p4dfa	compose.p3._bit8_na6_nr3_paired.cnf	1401163	5111101	unknown	20433.596127	sat	2902.334653	sat	8320.157102076337	unknown	20130.193452117965
p4dfa	compose.s2._bit8_na6_nr3_paired.cnf	106588	390967	unknown	20068.040438	unknown	20402.808111	sat	13330.435564043	sat	4610.702280886471
p4dfa	compose.s2._bit8_na6_nr4_paired.cnf	143357	523901	unknown	20029.806547	unknown	20092.880629	sat	16852.905147941783	sat	13920.833518961444
p4dfa	compose.s3._bit8_na6_nr3_paired.cnf	473949	1729550	unknown	20094.218497	unknown	20471.174027	unknown	20147.583273937926	unknown	20124.538640026003
p4dfa	compose.s3._bit8_na6_nr4_paired.cnf	633175	2308878	unknown	20110.744283	unknown	22233.173447999998	unknown	20171.012870967388	unknown	20121.268942952156
p4dfa	compose.s4._bit8_na6_nr3_paired.cnf	1876101	6845492	unknown	20216.753223	unknown	25732.708737	unknown	20299.67914102599	unknown	20123.306416207924
p4dfa	compose.s4._bit8_na6_nr4_paired.cnf	2506026	9137434	unknown	20776.173501999998	unknown	38191.329837	unknown	20387.6078450121	unknown	20123.547047842294
p4dfa	mobiledevice_bit8_na1_nr1_twocond.cnf	4120	17456	sat	1728.873173	sat	3426.3522970000004	sat	312.84113391302526	sat	603.0118712224066
p4dfa	mobiledevice_bit8_na6_nr3_paired.cnf	58380	217322	unknown	20018.888258	sat	17943.057461	sat	4329.342073993757	sat	3808.747251983732
p4dfa	mobiledevice_bit8_na6_nr3_twocond.cnf	31482	118228	sat	4021.9749790000005	sat	1336.665025	sat	2226.4773179776967	sat	3718.5560499783605
p4dfa	simple_bit8_na1_nr1_twocond.cnf	1424	5651	sat	1.111825	sat	1.0314569999999998	sat	111.37748695909977	sat	104.57672388292849
p4dfa	string1x16.1._bit8_na6_nr3_paired.cnf	178363	651625	unknown	20049.532172	unknown	20491.416321	unknown	20142.75834010914	unknown	20119.24562091008
p4dfa	string1x16.10._bit8_na6_nr3_paired.cnf	178363	651625	unknown	20050.516414	unknown	20518.311579999998	unknown	20191.672169836238	unknown	20124.340415000916
p4dfa	string1x16.2._bit8_na6_nr3_paired.cnf	178363	651625	unknown	20067.729777	unknown	20441.821295	unknown	20139.21997300349	unknown	20123.03999811411
p4dfa	string1x16.3._bit8_na6_nr3_paired.cnf	143662	525457	unknown	20072.101781	unknown	20875.947223	unknown	20123.87958401814	unknown	20155.27290198952
p4dfa	string1x16.4._bit8_na6_nr3_paired.cnf	108802	398971	unknown	20035.585962999998	unknown	20652.422174000003	unknown	20136.71883288771	unknown	20134.454194922
p4dfa	string1x16.5._bit8_na6_nr3_paired.cnf	143662	525457	unknown	20074.94364	unknown	20808.778042	unknown	20159.79900606908	unknown	20155.789135955274
p4dfa	string1x16.6._bit8_na6_nr3_paired.cnf	178363	651625	unknown	20061.585358999997	unknown	20319.440182000002	unknown	20173.525099875405	unknown	20133.080597035587
p4dfa	string1x16.7._bit8_na6_nr3_paired.cnf	143662	525457	unknown	20028.545858	unknown	22122.177132	unknown	20157.629687106237	unknown	20124.286130070686
p4dfa	string1x16.8._bit8_na6_nr3_paired.cnf	143662	525457	unknown	20050.71351	unknown	20407.846272	unknown	20130.013946909457	unknown	20122.210477944463
p4dfa	string1x16.9._bit8_na6_nr3_paired.cnf	143662	525457	unknown	20022.512055	unknown	20116.441371	unknown	20140.913940034807	unknown	20120.666324160993
p4dfa	string1x8.1._bit8_na6_nr3_paired.cnf	78870	290741	unknown	20026.259637	unknown	20295.689408000002	unknown	20144.703790079802	unknown	20120.329387951642
p4dfa	string1x8.10._bit8_na6_nr3_paired.cnf	78870	290741	unknown	20026.180099	unknown	20504.91628	unknown	20150.97266389057	unknown	20120.395017089322
p4dfa	string1x8.2._bit8_na6_nr3_paired.cnf	98696	362295	unknown	20031.936972	unknown	20525.800044	unknown	20194.954108912498	unknown	20123.70495405048
p4dfa	string1x8.3._bit8_na6_nr3_paired.cnf	58826	218751	unknown	20028.470575	unknown	20301.380166000003	sat	19581.152623984963	sat	13220.722190104425
p4dfa	string1x8.4._bit8_na6_nr3_paired.cnf	40548	150293	unknown	20013.867806000002	unknown	20095.488428	unknown	20174.769218079746	unknown	20150.58736805804
p4dfa	string1x8.5._bit8_na6_nr3_paired.cnf	78870	290741	unknown	20012.469179	unknown	20030.59549	unknown	20159.02307187207	unknown	20160.978050203994
p4dfa	string1x8.6._bit8_na6_nr3_paired.cnf	58826	218751	unknown	20022.763518	unknown	20308.874172	unknown	20178.815650055185	sat	9314.93371585384
p4dfa	string1x8.7._bit8_na6_nr3_paired.cnf	40548	150293	unknown	20020.528051	unknown	20094.91594	unknown	20170.610464876518	sat	16817.624943098053
p4dfa	string1x8.8._bit8_na6_nr3_paired.cnf	78870	290741	unknown	20058.00965	unknown	20299.15841	unknown	20135.515633039176	unknown	20118.83561499417
p4dfa	string1x8.9._bit8_na6_nr3_paired.cnf	78870	290741	unknown	20038.247205	unknown	20076.630095	unknown	20151.530497940257	unknown	20121.010908856988
p4dfa	string2x16.1._bit8_na6_nr3_paired.cnf	516371	1884144	unknown	20100.194784	unknown	20883.285878	unknown	20176.070241024718	unknown	20119.62962918915
p4dfa	string2x16.10._bit8_na6_nr3_paired.cnf	532052	1941411	unknown	20127.698198000002	unknown	21626.108301	unknown	20192.68029811792	unknown	20120.187401073053
p4dfa	string2x16.2._bit8_na6_nr3_paired.cnf	467336	1705485	unknown	20061.539939	unknown	21352.309623	unknown	20155.159575864673	unknown	20121.97198206559
p4dfa	string2x16.3._bit8_na6_nr3_paired.cnf	596752	2177305	unknown	20082.357239	unknown	20500.919131	unknown	20163.776027970016	unknown	20122.376163024455
p4dfa	string2x16.4._bit8_na6_nr3_paired.cnf	273064	997459	unknown	20057.210354	unknown	21730.955781999997	unknown	20146.17524598725	unknown	20121.41715316102
p4dfa	string2x16.5._bit8_na6_nr3_paired.cnf	596752	2177305	unknown	20175.094917	unknown	20493.532116000002	unknown	20142.28135999292	unknown	20121.51749082841
p4dfa	string2x16.6._bit8_na6_nr3_paired.cnf	337852	1233529	unknown	20073.473473	unknown	21080.065702	unknown	20123.347857035697	unknown	20119.230119977146
p4dfa	string2x16.7._bit8_na6_nr3_paired.cnf	273064	997459	unknown	20037.407704	unknown	20300.378384	unknown	20146.690231049433	unknown	20121.130128158256
p4dfa	string2x16.8._bit8_na6_nr3_paired.cnf	596752	2177305	unknown	20171.315392	unknown	20446.078128	unknown	20130.039640003815	unknown	20120.58967491612
p4dfa	string2x16.9._bit8_na6_nr3_paired.cnf	596752	2177305	unknown	20195.433257	unknown	20666.838061	unknown	20141.4811629802	unknown	20120.603025890887
p4dfa	string2x8.1._bit8_na6_nr3_paired.cnf	233710	852996	unknown	20066.007142	unknown	20632.35764	unknown	20138.483254937455	unknown	20120.19129516557
p4dfa	string2x8.10._bit8_na6_nr3_paired.cnf	212846	777027	unknown	20099.812221	unknown	20181.535324999997	unknown	20254.7187700402	unknown	20121.64925597608
p4dfa	string2x8.2._bit8_na6_nr3_paired.cnf	212846	777027	unknown	20021.507095	unknown	20050.613202	unknown	20188.476384151727	unknown	20124.45838819258
p4dfa	string2x8.3._bit8_na6_nr3_paired.cnf	281944	1028755	unknown	20023.938288	unknown	20145.298456	unknown	20165.88548780419	unknown	20121.178821194917
p4dfa	string2x8.4._bit8_na6_nr3_paired.cnf	143530	524863	unknown	20013.893895999998	unknown	20171.366016	unknown	20171.073394129053	unknown	20132.24909082055
p4dfa	string2x8.5._bit8_na6_nr3_paired.cnf	212846	777027	unknown	20019.459627	unknown	20439.557835	unknown	20145.84437897429	unknown	20140.650410205126
p4dfa	string2x8.6._bit8_na6_nr3_paired.cnf	178231	651031	unknown	20076.22482	unknown	20680.122914000003	unknown	20144.254801096395	unknown	20123.626883141696
p4dfa	string2x8.7._bit8_na6_nr3_paired.cnf	143530	524863	unknown	20018.510238000003	unknown	20358.773915	unknown	20150.628512958065	unknown	20124.796707881615
p4dfa	string2x8.8._bit8_na6_nr3_paired.cnf	212846	777027	unknown	20036.824509	unknown	20693.367663	unknown	20149.58150102757	unknown	20168.309322791174
p4dfa	string2x8.9._bit8_na6_nr3_paired.cnf	212846	777027	unknown	20032.792997	unknown	20589.181979999998	unknown	20150.754587957636	unknown	20148.513400927186
p4dfa	string4x16.1._bit16_na6_nr3_paired.cnf	425968	1554409	unknown	20087.575182999997	unknown	20755.159928	unknown	20174.35047402978	unknown	20123.75262589194
p4dfa	string4x16.1._bit16_na6_nr4_paired.cnf	2677491	9833759	unknown	20739.503826	unknown	21386.332197000003	unknown	20358.947335975245	unknown	20127.835490973666
p4dfa	string4x16.1._bit8_na6_nr4_pairedtwobranch.cnf	1323705	4830779	unknown	20267.954823	unknown	25906.950446	unknown	20392.89493393153	unknown	20122.533665969968
p4dfa	string4x16.10._bit16_na6_nr3_paired.cnf	726140	2649069	unknown	20119.997660999998	unknown	20872.133921	unknown	20190.93385990709	unknown	20137.30817218311
p4dfa	string4x16.10._bit16_na6_nr4_paired.cnf	3825797	14047839	unknown	20650.913329000003	unknown	25080.807589	unknown	20240.36397598684	unknown	20278.876262018457
p4dfa	string4x16.10._bit8_na6_nr4_pairedtwobranch.cnf	1891179	6899579	unknown	20203.714741	unknown	21706.352658	unknown	20356.889868853614	unknown	20121.914331102744
p4dfa	string4x16.2._bit16_na6_nr3_paired.cnf	378804	1382566	unknown	20093.462402	unknown	20582.24454	unknown	20190.251891035587	unknown	20125.57361810468
p4dfa	string4x16.2._bit16_na6_nr4_paired.cnf	2720339	9991326	unknown	20322.407263999998	unknown	21946.78701	unknown	20390.098748961464	unknown	20142.425084020942
p4dfa	string4x16.2._bit8_na6_nr4_pairedtwobranch.cnf	1344889	4908218	unknown	20212.427384000002	unknown	33611.036155	unknown	20285.43824190274	unknown	20229.765597032383
p4dfa	string4x16.3._bit16_na6_nr3_paired.cnf	307815	1123763	unknown	20080.187094	unknown	20747.034076	unknown	20166.69086413458	unknown	20133.90502310358
p4dfa	string4x16.3._bit16_na6_nr4_paired.cnf	2028450	7452533	unknown	20462.682819	unknown	21980.825017	unknown	20263.436367036775	unknown	20130.722861969844
p4dfa	string4x16.3._bit8_na6_nr4_pairedtwobranch.cnf	1002976	3661937	unknown	20232.930043	unknown	26022.442316	unknown	20262.56117108278	unknown	20128.401095978916
p4dfa	string4x16.4._bit16_na6_nr3_paired.cnf	579189	2113166	unknown	20203.576761	unknown	22559.426372	unknown	20179.19069295749	unknown	20134.14493203163
p4dfa	string4x16.4._bit16_na6_nr4_paired.cnf	3098002	11377248	unknown	20713.183538999998	unknown	25753.724049999997	unknown	20424.153733067214	unknown	20227.30441391468
p4dfa	string4x16.4._bit8_na6_nr4_pairedtwobranch.cnf	1531502	5588560	unknown	20184.339407	unknown	23214.540759	unknown	20246.83226295747	unknown	20133.675791090354
p4dfa	string4x16.5._bit16_na6_nr3_paired.cnf	579189	2113166	unknown	20132.546047000003	unknown	20842.313361	unknown	20125.47270907089	unknown	20146.780428942293
p4dfa	string4x16.5._bit16_na6_nr4_paired.cnf	3432769	12605474	unknown	20268.207302	unknown	28739.577144	unknown	20321.435881080106	unknown	20230.620105052367
p4dfa	string4x16.5._bit8_na6_nr4_pairedtwobranch.cnf	1696936	6191456	unknown	20179.344474	unknown	20737.654068	unknown	20229.198396904394	unknown	20236.96329188533
p4dfa	string4x16.6._bit16_na6_nr3_paired.cnf	317815	1160310	unknown	20025.763898	unknown	20184.015122	unknown	20126.764461863786	unknown	20135.294998064637
p4dfa	string4x16.6._bit16_na6_nr4_paired.cnf	2061034	7572452	unknown	20349.103202	unknown	20423.571487	unknown	20220.488477963954	unknown	20261.89712388441
p4dfa	string4x16.6._bit8_na6_nr4_pairedtwobranch.cnf	1019089	3720898	unknown	20182.441223	unknown	21741.634845	unknown	20257.768298964947	unknown	20157.782854977995
p4dfa	string4x16.7._bit16_na6_nr3_paired.cnf	596752	2177305	unknown	20195.488296	unknown	22896.881388	unknown	20127.86076613702	unknown	20130.858795018867
p4dfa	string4x16.7._bit16_na6_nr4_paired.cnf	3825797	14047839	unknown	20949.291207000002	unknown	50926.699845999996	unknown	20227.17409906909	unknown	20120.312005048618
p4dfa	string4x16.7._bit8_na6_nr4_pairedtwobranch.cnf	1891179	6899579	unknown	20352.028617	unknown	24178.211191	unknown	20228.10644400306	unknown	20222.129659028724
p4dfa	string4x16.8._bit16_na6_nr3_paired.cnf	256789	937980	unknown	20036.444226	unknown	20966.739321999998	unknown	20122.42926307954	unknown	20121.97719491087
p4dfa	string4x16.8._bit16_na6_nr4_paired.cnf	2061034	7572452	unknown	20451.648037	unknown	25554.0329	unknown	20122.452418785542	unknown	20130.729219177738
p4dfa	string4x16.8._bit8_na6_nr4_pairedtwobranch.cnf	1019089	3720898	unknown	20143.154077	unknown	21541.474254	unknown	20123.378201154992	unknown	20123.592350864783
p4dfa	string4x16.9._bit16_na6_nr3_paired.cnf	402618	1469555	unknown	20148.357593	unknown	20842.088507	unknown	20123.60325199552	unknown	20125.668585067615
p4dfa	string4x16.9._bit16_na6_nr4_paired.cnf	2126251	7812487	unknown	20429.920378	unknown	26738.238098	unknown	20139.50751791708	unknown	20221.84337489307
p4dfa	string4x16.9._bit8_na6_nr4_pairedtwobranch.cnf	1051338	3838917	unknown	20149.443562999997	unknown	22085.189978	unknown	20145.230278139934	unknown	20123.796227853745
p4dfa	string4x8.1._bit16_na6_nr4_paired.cnf	1154172	4237021	unknown	20139.361129	unknown	21360.589359999998	unknown	20244.94179803878	unknown	20120.383667061105
p4dfa	string4x8.1._bit8_na6_nr3_paired.cnf	425968	1554409	unknown	20072.164054	unknown	20886.706566	unknown	20160.906709032133	unknown	20120.546858990565
p4dfa	string4x8.10._bit16_na6_nr4_paired.cnf	1968732	7226333	unknown	20259.509244	unknown	23901.935005	unknown	20341.859405161813	unknown	20124.738385900855
p4dfa	string4x8.10._bit8_na6_nr3_paired.cnf	726140	2649069	unknown	20138.994289	unknown	22249.834075	unknown	20195.352950133383	unknown	20120.60163798742
p4dfa	string4x8.2._bit16_na6_nr4_paired.cnf	1025899	3766518	unknown	20103.741109000002	unknown	20183.574224	unknown	20128.47063387744	unknown	20118.12850390561
p4dfa	string4x8.2._bit8_na6_nr3_paired.cnf	378804	1382566	unknown	20045.939052	unknown	21189.572069	unknown	20118.4555941727	unknown	20117.732651997358
p4dfa	string4x8.3._bit16_na6_nr4_paired.cnf	833413	3060199	unknown	20141.376583999998	unknown	20849.883877	unknown	20121.031743939966	unknown	20138.7286700774
p4dfa	string4x8.3._bit8_na6_nr3_paired.cnf	307815	1123763	unknown	20033.451030999997	unknown	20967.650793	unknown	20126.830749912187	unknown	20134.624662110582
p4dfa	string4x8.4._bit16_na6_nr4_paired.cnf	1569816	5762396	unknown	20253.484555	unknown	22729.899332999998	unknown	20238.538103876635	unknown	20119.963017990813
p4dfa	string4x8.4._bit8_na6_nr3_paired.cnf	579189	2113166	unknown	20133.312657000002	unknown	21582.394293	unknown	20129.008564865217	unknown	20118.76848107204
p4dfa	string4x8.5._bit16_na6_nr4_paired.cnf	1569816	5762396	unknown	20293.768833000002	unknown	20829.723222999997	unknown	20332.88737689145	unknown	20128.7670370657
p4dfa	string4x8.5._bit8_na6_nr3_paired.cnf	579189	2113166	unknown	20062.399417	unknown	22331.851844999997	unknown	20125.931035960093	unknown	20123.998026829213
p4dfa	string4x8.6._bit16_na6_nr4_paired.cnf	860371	3159250	unknown	20141.580158	unknown	20571.995832	unknown	20635.496456874534	unknown	20121.13454588689
p4dfa	string4x8.6._bit8_na6_nr3_paired.cnf	317815	1160310	unknown	20062.826836	unknown	20149.454024000002	unknown	20129.50080493465	unknown	20122.54883395508
p4dfa	string4x8.7._bit16_na6_nr4_paired.cnf	1617333	5936871	unknown	20191.261651	unknown	20999.439854999997	unknown	20228.430510964245	unknown	20137.28623301722
p4dfa	string4x8.7._bit8_na6_nr3_paired.cnf	596752	2177305	unknown	20114.735107	unknown	21549.413284	unknown	20249.258822062984	unknown	20117.456573061645
p4dfa	string4x8.8._bit16_na6_nr4_paired.cnf	694776	2551848	unknown	20104.994493	unknown	24044.210695	unknown	20154.793300898746	unknown	20132.206164998934
p4dfa	string4x8.8._bit8_na6_nr3_paired.cnf	256789	937980	unknown	20066.572444999998	unknown	21813.688073	unknown	20165.748176164925	unknown	20118.42435388826
p4dfa	string4x8.9._bit16_na6_nr4_paired.cnf	1090141	4002491	unknown	20341.863493	unknown	20415.698395	unknown	20182.070632930845	unknown	20118.330626981333
p4dfa	string4x8.9._bit8_na6_nr3_paired.cnf	402618	1469555	unknown	20122.565764	unknown	20447.071658999997	unknown	20133.997141150758	unknown	20123.825391056016
p4dfa	tcp_full_bit16_na13_nr4_paired.cnf	974200	3591806	unknown	20164.650644	unknown	21821.883456	unknown	20129.218587186188	unknown	20118.199486052617
p4dfa	tcp_full_bit8_na6_nr3_paired.cnf	258181	942050	unknown	20067.273094	unknown	20364.99378	unknown	20147.373327054083	unknown	20161.468122852966
p4dfa	tcp_full_bit8_na6_nr4_paired.cnf	345094	1257818	unknown	20067.924201	unknown	20503.545732	unknown	20126.073410967365	unknown	20119.847575901076
p4dfa	tcp_full_split4_bit8_na6_nr4_paired.cnf	436541	1594274	unknown	20061.387577	unknown	21721.141216	unknown	20136.2659689039	unknown	20124.4203960523
p4dfa	tcp_open_bit8_na6_nr3_paired.cnf	82541	304079	unknown	20019.859701	unknown	20806.791928	unknown	20125.951474066824	unknown	20143.528942018747
p4dfa	tcp_open_bit8_na6_nr4_paired.cnf	111567	408523	unknown	20031.326983	unknown	20462.326708	unknown	20162.624628981575	unknown	20121.198784094304
p4dfa	videoconf_full_bit16_na13_nr4_paired.cnf	190141	693588	unknown	20099.105156	unknown	20489.178586	unknown	20124.898184090853	unknown	20118.85007703677
p4dfa	videoconf_full_bit8_na6_nr3_paired.cnf	141923	518910	unknown	20054.906625	unknown	20268.27771	unknown	20133.800134062767	unknown	20121.053356910124
p4dfa	videoconf_full_bit8_na6_nr4_paired.cnf	190141	693588	unknown	20050.440221999997	unknown	21023.348664	unknown	20125.294176861644	unknown	20149.911907035857
p4dfa	videoconf_simple_bit8_na6_nr3_paired.cnf	94401	346684	unknown	20041.086486	unknown	20215.199442999998	sat	17619.28892787546	sat	18338.08299107477
p4dfa	videoconf_split4_full_bit16_na13_nr4_paired.cnf	241457	882518	unknown	20085.695861	unknown	20589.25909	unknown	20133.195627946407	unknown	20139.26102500409
noetzli-sample	bv-term-small-rw_1009.cnf	0	1	unsat	0.043469	unsat	0.0044610000000000006	unsat	304.6068870462477	unsat	105.39602395147085
noetzli-sample	bv-term-small-rw_1036.cnf	0	1	unsat	0.014173	unsat	0.002474	unsat	103.99071406573057	unsat	105.31449504196644
noetzli-sample	bv-term-small-rw_1048.cnf	314	966	unsat	7.407557000000001	unsat	2.960937	unsat	104.16080802679062	unsat	105.54942395538092
noetzli-sample	bv-term-small-rw_1055.cnf	4285	17423	unknown	20000.768031	unknown	20238.927266000002	unknown	20138.50569189526	unknown	20117.679086048156
noetzli-sample	bv-term-small-rw_1065.cnf	0	1	unsat	0.179148	unsat	0.005656	unsat	108.03127591498196	unsat	103.07756904512644
noetzli-sample	bv-term-small-rw_1068.cnf	0	1	unsat	0.029431	unsat	0.005103	unsat	109.63820293545723	unsat	102.81780711375177
noetzli-sample	bv-term-small-rw_107.cnf	0	1	unsat	0.028815	unsat	0.006505	unsat	109.9746790714562	unsat	105.30305886641145
noetzli-sample	bv-term-small-rw_1070.cnf	5842	24269	unknown	20001.60405	unknown	20234.997068999997	unknown	20141.483749030158	unknown	20116.478155832738
noetzli-sample	bv-term-small-rw_1074.cnf	7668	31801	unknown	20001.345172	unknown	20050.393382	unsat	17322.086344938725	unsat	10513.767542084679
noetzli-sample	bv-term-small-rw_1077.cnf	0	1	unsat	0.214745	unsat	0.0062840000000000005	unsat	102.65421401709318	unsat	104.59930007345974
noetzli-sample	bv-term-small-rw_1087.cnf	6309	25883	unknown	20004.260602	unknown	20453.392872999997	unknown	20118.651991011575	unknown	20131.8618808873
noetzli-sample	bv-term-small-rw_1088.cnf	0	1	unsat	0.461943	unsat	0.012486	unsat	103.93690690398216	unsat	111.79003096185625
noetzli-sample	bv-term-small-rw_1097.cnf	0	1	unsat	0.0436	unsat	0.005919000000000001	unsat	107.30846808291972	unsat	110.04598392173648
noetzli-sample	bv-term-small-rw_1102.cnf	431	1489	unsat	1.687381	unsat	2.600276	unsat	102.87283500656486	unsat	111.27121583558619
noetzli-sample	bv-term-small-rw_1119.cnf	669	2492	unsat	2.8909640000000003	unsat	4.640804	unsat	102.75471396744251	unsat	112.20645997673273
noetzli-sample	bv-term-small-rw_1145.cnf	430	1452	unsat	4.856148999999999	unsat	3.3125080000000002	unsat	105.6461320258677	unsat	114.37354795634747
noetzli-sample	bv-term-small-rw_1152.cnf	574	2084	unsat	7.788416000000001	unsat	13.262362	unsat	108.14034380018711	unsat	110.70588300935924
noetzli-sample	bv-term-small-rw_1170.cnf	481	1599	unsat	16.132152	unsat	20.220034000000002	unsat	107.08757699467242	unsat	111.69543489813805
noetzli-sample	bv-term-small-rw_1172.cnf	366	1260	unsat	1.778417	unsat	5.715751	unsat	102.58941701613367	unsat	111.61931487731636
noetzli-sample	bv-term-small-rw_1178.cnf	366	1260	unsat	2.017516	unsat	5.9668969999999995	unsat	103.47527801059186	unsat	112.80815582722425
noetzli-sample	bv-term-small-rw_1191.cnf	366	1260	unsat	1.871112	unsat	5.901145	unsat	104.25812704488635	unsat	112.52335994504392
noetzli-sample	bv-term-small-rw_1192.cnf	366	1260	unsat	2.108707	unsat	7.523276	unsat	103.39390486478806	unsat	109.36517105437815
noetzli-sample	bv-term-small-rw_1225.cnf	0	1	unsat	0.16736299999999998	unsat	0.009641	unsat	106.57312301918864	unsat	106.43337294459343
noetzli-sample	bv-term-small-rw_1232.cnf	0	1	unsat	0.036478	unsat	0.004244	unsat	105.15087400563061	unsat	110.13453803025186
noetzli-sample	bv-term-small-rw_1295.cnf	4287	17427	unknown	20002.025706	unknown	20033.935937	unknown	20125.226564938203	unknown	20137.192076072097
noetzli-sample	bv-term-small-rw_1301.cnf	4449	18159	unknown	20002.322365	unknown	20450.84898	unknown	20131.81449007243	unknown	20121.9827728346
noetzli-sample	bv-term-small-rw_1319.cnf	4542	18477	unknown	20002.088839	unknown	20089.178405	unknown	20142.14733382687	unknown	20128.14266909845
noetzli-sample	bv-term-small-rw_1332.cnf	347	1128	unsat	4.508329	unsat	4.961595	unsat	110.1940181106329	unsat	103.30111510120332
noetzli-sample	bv-term-small-rw_1370.cnf	576	2062	unsat	6.368511000000001	unsat	3.8664609999999997	unsat	108.54048398323357	unsat	104.20990898273885
noetzli-sample	bv-term-small-rw_1373.cnf	0	1	unsat	0.06279399999999999	unsat	0.004949	unsat	107.64892492443323	unsat	103.1799700576812
noetzli-sample	bv-term-small-rw_1376.cnf	337	1054	unsat	0.888071	unsat	1.018876	unsat	109.8482059314847	unsat	102.95743611641228
noetzli-sample	bv-term-small-rw_1380.cnf	4386	17846	unknown	20000.569371	unknown	20160.308644	unknown	20143.067377852276	unknown	20118.931665085256
noetzli-sample	bv-term-small-rw_1389.cnf	752	2605	unsat	2.6640140000000003	unsat	5.090987	unsat	312.0914991013706	unsat	103.02041098475456
noetzli-sample	bv-term-small-rw_140.cnf	3251	13833	unknown	20001.145644	unknown	20238.44456	unknown	20167.41368197836	unknown	20119.222104083747
noetzli-sample	bv-term-small-rw_1411.cnf	625	2199	unsat	3.313062	unsat	4.294965	unsat	309.21913404017687	unsat	106.97539011016488
noetzli-sample	bv-term-small-rw_1419.cnf	462	1678	unsat	1.062873	unsat	0.731273	unsat	106.58170515671372	unsat	106.67091188952327
noetzli-sample	bv-term-small-rw_1421.cnf	850	3041	unsat	37.244244	unsat	39.415775000000004	unsat	109.24278595484793	unsat	106.9435270037502
noetzli-sample	bv-term-small-rw_1477.cnf	399	1393	unsat	1.494288	unsat	1.383014	unsat	108.34003798663616	unsat	107.19518712721765
noetzli-sample	bv-term-small-rw_1497.cnf	798	2742	unsat	15.893938	unsat	14.269400999999998	unsat	113.00277803093195	unsat	105.74867599643767
noetzli-sample	bv-term-small-rw_1498.cnf	798	2742	unsat	11.132850999999999	unsat	14.868238	unsat	108.42021508142352	unsat	105.46246496960521
noetzli-sample	bv-term-small-rw_1515.cnf	4450	18192	unknown	20002.266146	unknown	20239.741399	unknown	20140.929228859022	unknown	20128.942392999306
noetzli-sample	bv-term-small-rw_1537.cnf	825	2999	unsat	7.18271	unsat	7.761476	unsat	106.93123191595078	unsat	108.99408906698227
noetzli-sample	bv-term-small-rw_1548.cnf	526	1897	unsat	8.481492	unsat	8.660766	unsat	208.68854084983468	unsat	114.2092898953706
noetzli-sample	bv-term-small-rw_160.cnf	4355	17753	sat	4.311383999999999	sat	6.849944	sat	106.25891597010195	sat	108.26618992723525
noetzli-sample	bv-term-small-rw_163.cnf	285	853	unsat	0.7663989999999999	unsat	0.547415	unsat	104.85690482892096	unsat	109.87395606935024
noetzli-sample	bv-term-small-rw_175.cnf	366	1260	unsat	1.65901	unsat	5.276481	unsat	104.24756188876927	unsat	111.42464610747993
noetzli-sample	bv-term-small-rw_191.cnf	366	1260	unsat	1.654842	unsat	5.514183	unsat	103.82705880329013	unsat	108.46259910613298
noetzli-sample	bv-term-small-rw_282.cnf	0	1	unsat	0.11895099999999999	unsat	0.010392	unsat	104.73281284794211	unsat	112.3042160179466
noetzli-sample	bv-term-small-rw_284.cnf	0	1	unsat	0.02749	unsat	0.0018909999999999999	unsat	104.57862517796457	unsat	109.77769596502185
noetzli-sample	bv-term-small-rw_289.cnf	278	893	unsat	1.8740160000000001	unsat	0.813496	unsat	105.54168606176972	unsat	111.3646060694009
noetzli-sample	bv-term-small-rw_298.cnf	871	3147	unsat	2.6285649999999996	unsat	2.482144	unsat	105.23689491674304	unsat	109.69309997744858
noetzli-sample	bv-term-small-rw_309.cnf	816	2921	unsat	1.3451170000000001	unsat	1.783739	unsat	106.1996219214052	unsat	110.58114911429584
noetzli-sample	bv-term-small-rw_31.cnf	0	1	unsat	0.15237599999999998	unsat	0.01171	unsat	104.558170074597	unsat	109.16545102372766
noetzli-sample	bv-term-small-rw_312.cnf	509	1687	sat	0.41570399999999996	sat	0.460959	sat	104.23988499678671	sat	109.33644301258028
noetzli-sample	bv-term-small-rw_329.cnf	491	1646	unsat	1.256341	unsat	1.26621	unsat	104.56944792531431	unsat	105.2150100003928
noetzli-sample	bv-term-small-rw_359.cnf	682	2271	unsat	3.793249	unsat	2.634291	unsat	105.97182088531554	unsat	107.22437012009323
noetzli-sample	bv-term-small-rw_365.cnf	0	1	unsat	0.231627	unsat	0.019072	unsat	108.85182186029851	unsat	108.56711794622242
noetzli-sample	bv-term-small-rw_388.cnf	3533	14999	unknown	20000.754872	unknown	20185.191105	unknown	20133.70975595899	unknown	20122.106314171106
noetzli-sample	bv-term-small-rw_458.cnf	695	2407	unsat	2.92878	unsat	3.8125210000000003	unsat	103.70580106973648	unsat	102.86388895474374
noetzli-sample	bv-term-small-rw_464.cnf	2224	8951	unsat	1.877077	unsat	1.7824200000000001	unsat	204.2546549346298	unsat	102.45810612104833
noetzli-sample	bv-term-small-rw_48.cnf	0	1	unsat	0.179844	unsat	0.00617	unsat	102.73164883255959	unsat	103.11285010538995
noetzli-sample	bv-term-small-rw_496.cnf	651	2425	unsat	7.945842	unsat	9.879099	unsat	102.99102100543678	unsat	102.72904392331839
noetzli-sample	bv-term-small-rw_505.cnf	641	2263	unsat	16.84522	unsat	19.901442	unsat	102.73684491403401	unsat	102.89876093156636
noetzli-sample	bv-term-small-rw_524.cnf	4261	17468	unknown	20003.958004	unknown	20081.529444	unsat	16718.829638091847	unsat	703.4863538574427
noetzli-sample	bv-term-small-rw_526.cnf	683	2538	unsat	3.64377	unsat	4.983022	unsat	311.92722101695836	unsat	103.03203389048576
noetzli-sample	bv-term-small-rw_527.cnf	417	1437	unsat	1.923009	unsat	2.286842	unsat	110.59275711886585	unsat	103.0618620570749
noetzli-sample	bv-term-small-rw_541.cnf	0	1	unsat	0.10472	unsat	0.005658	unsat	114.5315628964454	unsat	103.18170301616192
noetzli-sample	bv-term-small-rw_55.cnf	2193	8824	unsat	3.474806	unsat	3.877511	unsat	120.67996594123542	unsat	103.02908811718225
noetzli-sample	bv-term-small-rw_558.cnf	0	1	unsat	0.185058	unsat	0.008036999999999999	unsat	233.74077607877553	unsat	102.80177998356521
noetzli-sample	bv-term-small-rw_599.cnf	0	1	unsat	0.027799	unsat	0.004715	unsat	111.94668104872108	unsat	103.09517593123019
noetzli-sample	bv-term-small-rw_600.cnf	0	1	unsat	0.017363999999999997	unsat	0.00347	unsat	114.8720399942249	unsat	103.92856900580227
noetzli-sample	bv-term-small-rw_603.cnf	585	2175	unsat	2.542122	unsat	2.135441	unsat	112.55281884223223	unsat	103.05810207501054
noetzli-sample	bv-term-small-rw_604.cnf	859	3171	unsat	2.64414	unsat	3.4326280000000002	unsat	106.95743490941823	unsat	103.16215991042554
noetzli-sample	bv-term-small-rw_62.cnf	0	1	unsat	0.122858	unsat	0.013885	unsat	107.84802096895874	unsat	103.02146291360259
noetzli-sample	bv-term-small-rw_623.cnf	4140	17161	unsat	126.368118	unsat	220.593299	unsat	411.1450710333884	unsat	203.22079886682332
noetzli-sample	bv-term-small-rw_648.cnf	0	1	unsat	0.131348	unsat	0.003555	unsat	212.57810504175723	unsat	103.11930510215461
noetzli-sample	bv-term-small-rw_65.cnf	0	1	unsat	0.010508	unsat	0.00138	unsat	109.0173409320414	unsat	103.52011700160801
noetzli-sample	bv-term-small-rw_653.cnf	0	1	unsat	0.002531	unsat	0.0007109999999999999	unsat	109.29143102839589	unsat	102.75485902093351
noetzli-sample	bv-term-small-rw_655.cnf	0	1	unsat	0.0027489999999999997	unsat	0.00037	unsat	109.43904984742403	unsat	103.07416110299528
noetzli-sample	bv-term-small-rw_663.cnf	1547	6871	unknown	20000.385202	unknown	20221.804188000002	unknown	20125.48563000746	unknown	20116.12405302003
noetzli-sample	bv-term-small-rw_665.cnf	0	1	unsat	0.376948	unsat	0.008072	unsat	103.49725792184472	unsat	103.30910701304674
noetzli-sample	bv-term-small-rw_669.cnf	628	2307	unsat	1.942278	unsat	1.807142	unsat	104.2013328988105	unsat	102.98549197614193
noetzli-sample	bv-term-small-rw_67.cnf	0	1	unsat	0.104748	unsat	0.00342	unsat	105.54477805271745	unsat	103.14334998838603
noetzli-sample	bv-term-small-rw_680.cnf	1872	8032	unsat	14.892940000000001	unsat	34.689532	unsat	105.48540600575507	unsat	102.75715007446706
noetzli-sample	bv-term-small-rw_733.cnf	0	1	unsat	0.320552	unsat	0.012869	unsat	104.31298008188605	unsat	102.8732848353684
noetzli-sample	bv-term-small-rw_763.cnf	0	1	unsat	0.051309	unsat	0.007199	unsat	103.70314796455204	unsat	102.53625200130045
noetzli-sample	bv-term-small-rw_772.cnf	0	1	unsat	0.056627	unsat	0.006311000000000001	unsat	104.90165301598608	unsat	102.64632711187005
noetzli-sample	bv-term-small-rw_782.cnf	0	1	unsat	0.007212	unsat	0.0010470000000000002	unsat	103.73942507430911	unsat	102.9348848387599
noetzli-sample	bv-term-small-rw_80.cnf	0	1	unsat	0.003963	unsat	0.0005390000000000001	unsat	103.52442902512848	unsat	103.08909299783409
noetzli-sample	bv-term-small-rw_807.cnf	0	1	unsat	0.021703	unsat	0.003193	unsat	103.99907315149903	unsat	102.92167402803898
noetzli-sample	bv-term-small-rw_836.cnf	0	1	unsat	0.072838	unsat	0.009662	unsat	104.070930974558	unsat	102.70648496225476
noetzli-sample	bv-term-small-rw_848.cnf	3999	16689	unknown	20001.777128	unknown	20496.987674	unknown	20118.21410083212	unsat	903.5566130187362
noetzli-sample	bv-term-small-rw_879.cnf	635	2246	unsat	7.11006	unsat	22.419165	unsat	104.5358709525317	unsat	104.42383610643446
noetzli-sample	bv-term-small-rw_902.cnf	480	1594	unsat	2.468199	unsat	4.588389	unsat	104.02328404597938	unsat	103.0880599282682
noetzli-sample	bv-term-small-rw_913.cnf	0	1	unsat	0.164307	unsat	0.009967	unsat	103.0235888902098	unsat	102.86181792616844
noetzli-sample	bv-term-small-rw_922.cnf	2063	8315	unsat	5.15698	unsat	1.8375299999999999	unsat	104.28831400349736	unsat	102.96458099037409
noetzli-sample	bv-term-small-rw_933.cnf	632	2183	sat	1.071506	sat	0.37922599999999995	sat	103.92569587565958	sat	103.09378197416663
noetzli-sample	bv-term-small-rw_934.cnf	0	1	unsat	0.18072	unsat	0.013458999999999999	unsat	103.58136310242116	unsat	103.0240401159972
noetzli-sample	bv-term-small-rw_950.cnf	0	1	unsat	0.037	unsat	0.004082	unsat	104.29973714053631	unsat	103.32543007098138
noetzli-sample	bv-term-small-rw_971.cnf	0	1	unsat	0.046695	unsat	0.007882	unsat	104.71130395308137	unsat	103.06355101056397
