file	verdict	rc	wall_s	kind	detail	decided_by	bound_by	last	bound_ms	total_ms	attempts	phase
/nas3/data/axeyum/corpus/smtlib-2024/non-incremental/non-incremental/QF_NIA/20170427-VeryMax/CInteger/Stroeder_15__ChenFlurMukhopadhyay-SAS2012-Ex2.02_false-termination.c__p21008_terminationG_0.smt2	unknown	0	24.1	Incomplete	bounded integer model overflowed at width 32 (assertion #586 is false over exact semantics); widen the bound	none	nia-linearize	fd:bounded-completeness-unsat	7360	14850	21	none
/nas3/data/axeyum/corpus/smtlib-2024/non-incremental/non-incremental/QF_NIA/20170427-VeryMax/CInteger/Stroeder_15__ChenFlurMukhopadhyay-SAS2012-Ex3.06_false-termination.c__p22014_terminationG_0.smt2	unknown	0	24.1	Timeout	preprocessed dispatch timeout after reduced solve; the reduced solve's own reason was [ResourceLimit] integer bit-blast width ladder: wall-clock timeout reached	none	int-blast-ladder	fd:bounded-completeness-unsat	13396	24087	19	none
/nas3/data/axeyum/corpus/smtlib-2024/non-incremental/non-incremental/QF_NIA/20170427-VeryMax/CInteger/Stroeder_15__DivWithoutMinus.c__p22517_edge_closing_0.smt2	unknown	0	25.1	Watchdog	watchdog fired before the worker thread returned	none	none	none	-1	-1	-1	stack=none depth=0 in=none in_ms=na deepest=dpll-lia:new>dpll-lia:assert-all>dpll-lia:abstract enters=dl-online:check:1,dpll-lia:abstract:3538,dpll-lia:assert-all:3,dpll-lia:initial-lemmas:2,dpll-lia:justified-support:27,dpll-lia:new:3,dpll-lia:prop-assert:3537,dpll-lia:prop-solve:27,dpll-lia:solve:1,dpll-lia:theory-conflicts:27,dpll-lia:unspecified-scan:3,dpll-t:abstract:1,dpll-t:lra-dpll:3,lia:simplex-capped:1800,nra:check:1,simplex:run:151431
/nas3/data/axeyum/corpus/smtlib-2024/non-incremental/non-incremental/QF_NIA/20170427-VeryMax/CInteger/Stroeder_15__GulwaniJainKoskinen-PLDI2009-Fig1_true-termination.c__p23483_edge_closing_0.smt2	unknown	0	24.9	Timeout	preprocessed dispatch timeout after reduced solve; the reduced solve's own reason was [Timeout] combined-theory timeout after scalar backend	none	int-blast-ladder	fd:bounded-completeness-unsat	14118	24826	21	none
/nas3/data/axeyum/corpus/smtlib-2024/non-incremental/non-incremental/QF_NIA/20170427-VeryMax/CInteger/Stroeder_15__LeikeHeizmann-WST2014-Ex5_false-termination.c__p24052_edge_closing_0.smt2	unknown	0	21.4	Incomplete	bounded integer model overflowed at width 32 (assertion #236 is false over exact semantics); widen the bound	none	nia-linearize	fd:bounded-completeness-unsat	7139	11064	21	none
/nas3/data/axeyum/corpus/smtlib-2024/non-incremental/non-incremental/QF_NIA/20170427-VeryMax/CInteger/Stroeder_15__NonTermination2_false-termination.c__p24932_edge_closing_0.smt2	unknown	0	20.8	Incomplete	bounded integer model overflowed at width 32 (assertion #779 is false over exact semantics); widen the bound	none	int-blast-ladder	fd:bounded-completeness-unsat	10233	19848	20	none
/nas3/data/axeyum/corpus/smtlib-2024/non-incremental/non-incremental/QF_NIA/20170427-VeryMax/CInteger/Stroeder_15__Sunset.c__terminationQ_0_0.smt2	unknown	0	18.1	Incomplete	bounded integer model overflowed at width 32 (assertion #376 is false over exact semantics); widen the bound	none	int-blast-ladder	fd:bounded-completeness-unsat	4821	5736	20	none
/nas3/data/axeyum/corpus/smtlib-2024/non-incremental/non-incremental/QF_NIA/20170427-VeryMax/CInteger/Stroeder_15__svcomp_ex2.c__p25866_terminationG_0.smt2	unknown	0	24.3	Timeout	preprocessed dispatch timeout after reduced solve; the reduced solve's own reason was [Timeout] combined-theory timeout after scalar backend	none	int-blast-ladder	fd:bounded-completeness-unsat	13485	24182	19	none
/nas3/data/axeyum/corpus/smtlib-2024/non-incremental/non-incremental/QF_NIA/20170427-VeryMax/CInteger/Ton_Chanh_15__Benghazi_nondet_true-termination.c__p26690_terminationG_0.smt2	unknown	0	17.1	Incomplete	bounded integer model overflowed at width 32 (assertion #650 is false over exact semantics); widen the bound	none	nia-linearize	fd:bounded-completeness-unsat	6663	16659	19	none
/nas3/data/axeyum/corpus/smtlib-2024/non-incremental/non-incremental/QF_NIA/20170427-VeryMax/CInteger/Ton_Chanh_15__Singapore_true-termination.c__p27347_terminationG_0.smt2	unknown	0	23.7	Incomplete	bounded integer model overflowed at width 32 (assertion #408 is false over exact semantics); widen the bound	none	nia-linearize	fd:bounded-completeness-unsat	7033	12110	21	none
/nas3/data/axeyum/corpus/smtlib-2024/non-incremental/non-incremental/QF_NIA/20170427-VeryMax/ITS/From_AProVE_2014__FlattenTreeListRec.jar-obl-10__p29567_safety_0.smt2	unknown	0	25.1	Watchdog	watchdog fired before the worker thread returned	none	none	none	-1	-1	-1	stack=none depth=0 in=none in_ms=na deepest=dpll-lia:new>dpll-lia:assert-all>dpll-lia:abstract enters=dl-online:check:1,dpll-lia:abstract:4340,dpll-lia:assert-all:3,dpll-lia:initial-lemmas:2,dpll-lia:justified-support:29,dpll-lia:new:3,dpll-lia:prop-assert:4339,dpll-lia:prop-solve:29,dpll-lia:solve:1,dpll-lia:theory-conflicts:29,dpll-lia:unspecified-scan:3,dpll-t:abstract:1,dpll-t:lra-dpll:3,lia:simplex-capped:1323,nra:check:1,simplex:run:112743
/nas3/data/axeyum/corpus/smtlib-2024/non-incremental/non-incremental/QF_NIA/20170427-VeryMax/ITS/From_AProVE_2014__MainDelete.jar-obl-10__p10430_safety_0.smt2	unknown	0	21.3	Incomplete	bounded integer model overflowed at width 32 (assertion #784 is false over exact semantics); widen the bound	none	nia-linearize	fd:bounded-completeness-unsat	6669	13677	19	none
/nas3/data/axeyum/corpus/smtlib-2024/non-incremental/non-incremental/QF_NIA/20170427-VeryMax/ITS/From_AProVE_2014__SortCount.jar-obl-10__terminationS_2_0.smt2	unknown	0	10.9	EncodingBudget	estimated 150732237 CNF clauses before lowering exceeds budget 64000000 (oversized encoding refused gracefully)	none	nia-linearize	fd:bounded-completeness-unsat	6705	10827	21	none
/nas3/data/axeyum/corpus/smtlib-2024/non-incremental/non-incremental/QF_NIA/20170427-VeryMax/ITS/From_AProVE_2014__Test13Loops.jar-obl-10__p12737_edge_closing_0.smt2	unknown	0	24.4	Timeout	preprocessed dispatch timeout after reduced solve; the reduced solve's own reason was [ResourceLimit] integer bit-blast width ladder: wall-clock timeout reached	none	int-blast-ladder	fd:bounded-completeness-unsat	13658	24370	21	none
/nas3/data/axeyum/corpus/smtlib-2024/non-incremental/non-incremental/QF_NIA/20170427-VeryMax/ITS/From_AProVE_2014__Test6.jar-obl-13__terminationS_36_0.smt2	unknown	0	24.2	Timeout	preprocessed dispatch timeout after reduced solve; the reduced solve's own reason was [ResourceLimit] integer bit-blast width ladder: wall-clock timeout reached	none	int-blast-ladder	fd:bounded-completeness-unsat	13118	24158	21	none
/nas3/data/axeyum/corpus/smtlib-2024/non-incremental/non-incremental/QF_NIA/20170427-VeryMax/ITS/From_AProVE_2014__Velroyen08-complInterv3.jar-obl-8__p13362_terminationG_0.smt2	unknown	0	24.1	Incomplete	bounded integer model overflowed at width 32 (assertion #288 is false over exact semantics); widen the bound	none	nia-linearize	fd:bounded-completeness-unsat	6857	13287	21	none
/nas3/data/axeyum/corpus/smtlib-2024/non-incremental/non-incremental/QF_NIA/20170427-VeryMax/ITS/From_AProVE_2014__Velroyen08-factorial.jar-obl-8__p13829_terminationG_0.smt2	unknown	0	24.2	Timeout	preprocessed dispatch timeout after reduced solve; the reduced solve's own reason was [ResourceLimit] integer bit-blast width ladder: wall-clock timeout reached	none	int-blast-ladder	fd:bounded-completeness-unsat	13441	24151	19	none
/nas3/data/axeyum/corpus/smtlib-2024/non-incremental/non-incremental/QF_NIA/20170427-VeryMax/ITS/From_AProVE_2014__Velroyen08-upAndDownIneq.jar-obl-8__terminationS_1_0.smt2	unknown	0	21.0	Incomplete	bounded integer model overflowed at width 32 (assertion #542 is false over exact semantics); widen the bound	none	int-blast-ladder	fd:bounded-completeness-unsat	10052	20751	21	none
/nas3/data/axeyum/corpus/smtlib-2024/non-incremental/non-incremental/QF_NIA/20170427-VeryMax/ITS/From_AProVE_2014__cousot_rec.jar-obl-8__p28312_terminationG_0.smt2	unknown	0	24.1	Timeout	preprocessed dispatch timeout after reduced solve; the reduced solve's own reason was [ResourceLimit] integer bit-blast width ladder: wall-clock timeout reached	none	int-blast-ladder	fd:bounded-completeness-unsat	13397	24097	21	none
/nas3/data/axeyum/corpus/smtlib-2024/non-incremental/non-incremental/QF_NIA/20170427-VeryMax/ITS/From_AProVE_2014__juHashMapCreate.jar-obl-10__p4676_safety_0.smt2	unknown	0	11.1	EncodingBudget	estimated 145454991 CNF clauses before lowering exceeds budget 64000000 (oversized encoding refused gracefully)	none	nia-linearize	fd:bounded-completeness-unsat	6728	11002	19	none
/nas3/data/axeyum/corpus/smtlib-2024/non-incremental/non-incremental/QF_NIA/20170427-VeryMax/ITS/From_AProVE_2014__juHashMapCreate.jar-obl-10__p4943_safety_0.smt2	unknown	0	11.1	EncodingBudget	estimated 109820226 CNF clauses before lowering exceeds budget 64000000 (oversized encoding refused gracefully)	none	nia-linearize	fd:bounded-completeness-unsat	6741	11066	21	none
/nas3/data/axeyum/corpus/smtlib-2024/non-incremental/non-incremental/QF_NIA/20170427-VeryMax/ITS/From_AProVE_2014__juHashMapCreateClear.jar-obl-11__p30726_safety_0.smt2	unknown	0	11.0	EncodingBudget	estimated 114749562 CNF clauses before lowering exceeds budget 64000000 (oversized encoding refused gracefully)	none	nia-linearize	fd:bounded-completeness-unsat	6702	10980	20	none
/nas3/data/axeyum/corpus/smtlib-2024/non-incremental/non-incremental/QF_NIA/20170427-VeryMax/ITS/From_AProVE_2014__juHashMapCreateContainsKey.jar-obl-11__p30967_safety_0.smt2	unknown	0	11.0	EncodingBudget	estimated 171206739 CNF clauses before lowering exceeds budget 64000000 (oversized encoding refused gracefully)	none	nia-linearize	fd:bounded-completeness-unsat	6725	10988	20	none
/nas3/data/axeyum/corpus/smtlib-2024/non-incremental/non-incremental/QF_NIA/20170427-VeryMax/ITS/From_AProVE_2014__juHashMapCreateContainsKey.jar-obl-11__p31253_safety_0.smt2	unknown	0	12.3	EncodingBudget	estimated 105646605 CNF clauses before lowering exceeds budget 64000000 (oversized encoding refused gracefully)	none	nia-linearize	fd:bounded-completeness-unsat	6667	10789	20	none
/nas3/data/axeyum/corpus/smtlib-2024/non-incremental/non-incremental/QF_NIA/20170427-VeryMax/ITS/From_AProVE_2014__juHashMapCreateContainsKey.jar-obl-11__p31541_safety_0.smt2	unknown	0	11.9	EncodingBudget	estimated 81972837 CNF clauses before lowering exceeds budget 64000000 (oversized encoding refused gracefully)	none	nia-linearize	fd:bounded-completeness-unsat	6676	10800	19	none
/nas3/data/axeyum/corpus/smtlib-2024/non-incremental/non-incremental/QF_NIA/20170427-VeryMax/ITS/From_AProVE_2014__juHashMapCreateContainsKey.jar-obl-11__p31818_safety_0.smt2	unknown	0	23.6	EncodingBudget	estimated 81482280 CNF clauses before lowering exceeds budget 64000000 (oversized encoding refused gracefully)	none	nia-linearize	fd:bounded-completeness-unsat	6678	10788	20	none
/nas3/data/axeyum/corpus/smtlib-2024/non-incremental/non-incremental/QF_NIA/20170427-VeryMax/ITS/From_AProVE_2014__juHashMapCreateContainsValue.jar-obl-11__p32069_safety_0.smt2	unknown	0	11.2	EncodingBudget	estimated 267934755 CNF clauses before lowering exceeds budget 64000000 (oversized encoding refused gracefully)	none	nia-linearize	fd:bounded-completeness-unsat	6711	11143	20	none
/nas3/data/axeyum/corpus/smtlib-2024/non-incremental/non-incremental/QF_NIA/20170427-VeryMax/ITS/From_AProVE_2014__juHashMapCreateContainsValue.jar-obl-11__p32332_safety_0.smt2	unknown	0	11.0	EncodingBudget	estimated 126586314 CNF clauses before lowering exceeds budget 64000000 (oversized encoding refused gracefully)	none	nia-linearize	fd:bounded-completeness-unsat	6709	10989	19	none
/nas3/data/axeyum/corpus/smtlib-2024/non-incremental/non-incremental/QF_NIA/20170427-VeryMax/ITS/From_AProVE_2014__juHashMapCreateContainsValue.jar-obl-11__p32598_safety_0.smt2	unknown	0	11.3	EncodingBudget	estimated 286797975 CNF clauses before lowering exceeds budget 64000000 (oversized encoding refused gracefully)	none	nia-linearize	fd:bounded-completeness-unsat	6745	11263	20	none
/nas3/data/axeyum/corpus/smtlib-2024/non-incremental/non-incremental/QF_NIA/20170427-VeryMax/ITS/From_AProVE_2014__juHashMapCreateContainsValue.jar-obl-11__p420_safety_0.smt2	unknown	0	11.0	EncodingBudget	estimated 129912477 CNF clauses before lowering exceeds budget 64000000 (oversized encoding refused gracefully)	none	nia-linearize	fd:bounded-completeness-unsat	6694	10930	19	none
/nas3/data/axeyum/corpus/smtlib-2024/non-incremental/non-incremental/QF_NIA/20170427-VeryMax/ITS/From_AProVE_2014__juHashMapCreateIsEmpty.jar-obl-10__p1784_safety_0.smt2	unknown	0	23.5	EncodingBudget	estimated 74329095 CNF clauses before lowering exceeds budget 64000000 (oversized encoding refused gracefully)	none	nia-linearize	fd:bounded-completeness-unsat	6678	10778	20	none
/nas3/data/axeyum/corpus/smtlib-2024/non-incremental/non-incremental/QF_NIA/20170427-VeryMax/ITS/From_AProVE_2014__juHashMapCreateIsEmpty.jar-obl-10__p2235_terminationG_0.smt2	unknown	0	11.8	EncodingBudget	estimated 236225562 CNF clauses before lowering exceeds budget 64000000 (oversized encoding refused gracefully)	none	nia-linearize	fd:bounded-completeness-unsat	6670	10944	19	none
/nas3/data/axeyum/corpus/smtlib-2024/non-incremental/non-incremental/QF_NIA/20170427-VeryMax/ITS/From_AProVE_2014__juHashMapCreateIsEmpty.jar-obl-10__p2587_safety_0.smt2	unknown	0	11.0	EncodingBudget	estimated 128318187 CNF clauses before lowering exceeds budget 64000000 (oversized encoding refused gracefully)	none	nia-linearize	fd:bounded-completeness-unsat	6694	10914	19	none
/nas3/data/axeyum/corpus/smtlib-2024/non-incremental/non-incremental/QF_NIA/20170427-VeryMax/ITS/From_AProVE_2014__juHashMapCreateIteratorEntryLoop.jar-obl-12__p3150_safety_0.smt2	unknown	0	23.6	EncodingBudget	estimated 75194781 CNF clauses before lowering exceeds budget 64000000 (oversized encoding refused gracefully)	none	nia-linearize	fd:bounded-completeness-unsat	6679	10810	20	none
/nas3/data/axeyum/corpus/smtlib-2024/non-incremental/non-incremental/QF_NIA/20170427-VeryMax/ITS/From_AProVE_2014__juHashMapCreatePut.jar-obl-10__p5428_safety_0.smt2	unknown	0	10.9	EncodingBudget	estimated 128928408 CNF clauses before lowering exceeds budget 64000000 (oversized encoding refused gracefully)	none	nia-linearize	fd:bounded-completeness-unsat	6700	10876	19	none
/nas3/data/axeyum/corpus/smtlib-2024/non-incremental/non-incremental/QF_NIA/20170427-VeryMax/ITS/From_AProVE_2014__juHashMapCreatePut.jar-obl-10__p5722_safety_0.smt2	unknown	0	13.2	EncodingBudget	estimated 111696312 CNF clauses before lowering exceeds budget 64000000 (oversized encoding refused gracefully)	none	nia-linearize	fd:bounded-completeness-unsat	6710	10889	19	none
/nas3/data/axeyum/corpus/smtlib-2024/non-incremental/non-incremental/QF_NIA/20170427-VeryMax/ITS/From_AProVE_2014__juHashMapCreatePut.jar-obl-10__p6041_safety_0.smt2	unknown	0	24.0	Incomplete	bounded integer model overflowed at width 32 (assertion #2634 is false over exact semantics); widen the bound	none	int-blast-ladder	fd:bounded-completeness-unsat	8124	18908	19	none
/nas3/data/axeyum/corpus/smtlib-2024/non-incremental/non-incremental/QF_NIA/20170427-VeryMax/ITS/From_AProVE_2014__juHashMapCreateRemove.jar-obl-11__p6637_safety_0.smt2	unknown	0	12.3	EncodingBudget	estimated 94426554 CNF clauses before lowering exceeds budget 64000000 (oversized encoding refused gracefully)	none	nia-linearize	fd:bounded-completeness-unsat	6673	10763	20	none
/nas3/data/axeyum/corpus/smtlib-2024/non-incremental/non-incremental/QF_NIA/20170427-VeryMax/ITS/From_AProVE_2014__juHashMapCreateRemove.jar-obl-11__p6984_safety_0.smt2	unknown	0	11.7	EncodingBudget	estimated 82466889 CNF clauses before lowering exceeds budget 64000000 (oversized encoding refused gracefully)	none	nia-linearize	fd:bounded-completeness-unsat	6678	10801	19	none
/nas3/data/axeyum/corpus/smtlib-2024/non-incremental/non-incremental/QF_NIA/20170427-VeryMax/ITS/From_AProVE_2014__juHashMapCreateSize.jar-obl-10__p7265_safety_0.smt2	unknown	0	10.9	EncodingBudget	estimated 107475720 CNF clauses before lowering exceeds budget 64000000 (oversized encoding refused gracefully)	none	nia-linearize	fd:bounded-completeness-unsat	6700	10851	19	none
/nas3/data/axeyum/corpus/smtlib-2024/non-incremental/non-incremental/QF_NIA/20170427-VeryMax/ITS/From_AProVE_2014__juHashMapCreateSize.jar-obl-10__p7535_safety_0.smt2	unknown	0	11.9	EncodingBudget	estimated 99609969 CNF clauses before lowering exceeds budget 64000000 (oversized encoding refused gracefully)	none	nia-linearize	fd:bounded-completeness-unsat	6687	10796	19	none
/nas3/data/axeyum/corpus/smtlib-2024/non-incremental/non-incremental/QF_NIA/20170427-VeryMax/ITS/From_AProVE_2014__juLinkedListCreateAddAll.jar-obl-11__p9492_safety_0.smt2	unknown	0	24.2	Timeout	preprocessed dispatch timeout after reduced solve; the reduced solve's own reason was [ResourceLimit] integer bit-blast width ladder: wall-clock timeout reached	none	int-blast-ladder	fd:bounded-completeness-unsat	13209	24150	20	none
/nas3/data/axeyum/corpus/smtlib-2024/non-incremental/non-incremental/QF_NIA/20170427-VeryMax/ITS/From_AProVE_2014__juLinkedListCreateAddAllAt.jar-obl-17__p7725_safety_0.smt2	unknown	0	24.6	Timeout	preprocessed dispatch timeout after reduced solve; the reduced solve's own reason was [ResourceLimit] integer bit-blast width ladder: wall-clock timeout reached	none	int-blast-ladder	fd:bounded-completeness-unsat	13678	24562	20	none
/nas3/data/axeyum/corpus/smtlib-2024/non-incremental/non-incremental/QF_NIA/20170427-VeryMax/ITS/From_AProVE_2014__juLinkedListCreateAddAllAt.jar-obl-17__p7871_safety_0.smt2	unknown	0	24.1	Timeout	preprocessed dispatch timeout after reduced solve; the reduced solve's own reason was [ResourceLimit] integer bit-blast width ladder: wall-clock timeout reached	none	int-blast-ladder	fd:bounded-completeness-unsat	13124	24020	20	none
/nas3/data/axeyum/corpus/smtlib-2024/non-incremental/non-incremental/QF_NIA/20170427-VeryMax/ITS/From_AProVE_2014__juLinkedListCreateAddAllAt.jar-obl-17__p8065_safety_0.smt2	unknown	0	24.9	Timeout	preprocessed dispatch timeout after reduced solve; the reduced solve's own reason was [ResourceLimit] integer bit-blast width ladder: wall-clock timeout reached	none	int-blast-ladder	fd:bounded-completeness-unsat	13646	24791	20	none
/nas3/data/axeyum/corpus/smtlib-2024/non-incremental/non-incremental/QF_NIA/20170427-VeryMax/ITS/From_AProVE_2014__juLinkedListCreateAddAllAt.jar-obl-17__p8261_safety_0.smt2	unknown	0	24.5	Timeout	preprocessed dispatch timeout after reduced solve; the reduced solve's own reason was [ResourceLimit] integer bit-blast width ladder: wall-clock timeout reached	none	int-blast-ladder	fd:bounded-completeness-unsat	13649	24450	20	none
/nas3/data/axeyum/corpus/smtlib-2024/non-incremental/non-incremental/QF_NIA/20170427-VeryMax/ITS/From_AProVE_2014__juLinkedListCreateAddAllAt.jar-obl-17__p8434_safety_0.smt2	unknown	0	24.1	Timeout	preprocessed dispatch timeout after reduced solve; the reduced solve's own reason was [ResourceLimit] integer bit-blast width ladder: wall-clock timeout reached	none	int-blast-ladder	fd:bounded-completeness-unsat	13268	24082	19	none
/nas3/data/axeyum/corpus/smtlib-2024/non-incremental/non-incremental/QF_NIA/20170427-VeryMax/ITS/From_AProVE_2014__juLinkedListCreateAddAllAt.jar-obl-17__p8651_safety_0.smt2	unknown	0	24.5	Timeout	preprocessed dispatch timeout after reduced solve; the reduced solve's own reason was [Timeout] combined-theory timeout after scalar backend	none	int-blast-ladder	fd:bounded-completeness-unsat	13750	24443	20	none
/nas3/data/axeyum/corpus/smtlib-2024/non-incremental/non-incremental/QF_NIA/20170427-VeryMax/ITS/From_AProVE_2014__juLinkedListCreateAddAllAt.jar-obl-17__p8809_safety_0.smt2	unknown	0	24.2	Timeout	preprocessed dispatch timeout after reduced solve; the reduced solve's own reason was [ResourceLimit] integer bit-blast width ladder: wall-clock timeout reached	none	int-blast-ladder	fd:bounded-completeness-unsat	13336	24149	20	none
/nas3/data/axeyum/corpus/smtlib-2024/non-incremental/non-incremental/QF_NIA/20170427-VeryMax/ITS/From_AProVE_2014__juLinkedListCreateAddAllAt.jar-obl-17__p8992_safety_0.smt2	unknown	0	24.1	Timeout	preprocessed dispatch timeout after reduced solve; the reduced solve's own reason was [ResourceLimit] integer bit-blast width ladder: wall-clock timeout reached	none	int-blast-ladder	fd:bounded-completeness-unsat	13313	24078	20	none
/nas3/data/axeyum/corpus/smtlib-2024/non-incremental/non-incremental/QF_NIA/20170427-VeryMax/ITS/From_AProVE_2014__juLinkedListCreateAddAllAt.jar-obl-17__p9188_safety_0.smt2	unknown	0	24.7	Timeout	preprocessed dispatch timeout after reduced solve; the reduced solve's own reason was [ResourceLimit] integer bit-blast width ladder: wall-clock timeout reached	none	int-blast-ladder	fd:bounded-completeness-unsat	13872	24604	20	none
/nas3/data/axeyum/corpus/smtlib-2024/non-incremental/non-incremental/QF_NIA/20170427-VeryMax/ITS/From_AProVE_2014__whileNested_rec.jar-obl-9__p14976_terminationG_0.smt2	unknown	0	24.1	Incomplete	bounded integer model overflowed at width 32 (assertion #407 is false over exact semantics); widen the bound	none	nia-linearize	fd:bounded-completeness-unsat	6666	15890	20	none
/nas3/data/axeyum/corpus/smtlib-2024/non-incremental/non-incremental/QF_NIA/20170427-VeryMax/ITS/From_T2__agafp.t2_fixed__terminationS_0_0.smt2	unknown	0	24.3	Timeout	preprocessed dispatch timeout after reduced solve; the reduced solve's own reason was [ResourceLimit] integer bit-blast width ladder: wall-clock timeout reached	none	int-blast-ladder	fd:bounded-completeness-unsat	13540	24238	21	none
/nas3/data/axeyum/corpus/smtlib-2024/non-incremental/non-incremental/QF_NIA/20170427-VeryMax/ITS/From_T2__apchild-live.t2_fixed__p16479_terminationG_0.smt2	unknown	0	24.9	Timeout	preprocessed dispatch timeout after reduced solve; the reduced solve's own reason was [ResourceLimit] integer bit-blast width ladder: wall-clock timeout reached	none	int-blast-ladder	fd:bounded-completeness-unsat	13144	24786	21	none
/nas3/data/axeyum/corpus/smtlib-2024/non-incremental/non-incremental/QF_NIA/20170427-VeryMax/ITS/From_T2__broydn.c.i.broydn.pl.t2.fixed.t2__term_unfeasibility_3_0.smt2	unknown	0	24.2	Timeout	preprocessed dispatch timeout after reduced solve; the reduced solve's own reason was [ResourceLimit] integer bit-blast width ladder: wall-clock timeout reached	none	int-blast-ladder	fd:bounded-completeness-unsat	13237	24114	20	none
/nas3/data/axeyum/corpus/smtlib-2024/non-incremental/non-incremental/QF_NIA/20170427-VeryMax/ITS/From_T2__consts5nt.t2__p18457_edge_closing_0.smt2	unknown	0	24.6	Timeout	preprocessed dispatch timeout after reduced solve; the reduced solve's own reason was [ResourceLimit] integer bit-blast width ladder: wall-clock timeout reached	none	int-blast-ladder	fd:bounded-completeness-unsat	13817	24530	21	none
/nas3/data/axeyum/corpus/smtlib-2024/non-incremental/non-incremental/QF_NIA/20170427-VeryMax/ITS/From_T2__db2.t2_fixed__terminationS_29_0.smt2	unknown	0	24.1	Timeout	preprocessed dispatch timeout after reduced solve; the reduced solve's own reason was [ResourceLimit] integer bit-blast width ladder: wall-clock timeout reached	none	int-blast-ladder	fd:bounded-completeness-unsat	13180	24015	21	none
/nas3/data/axeyum/corpus/smtlib-2024/non-incremental/non-incremental/QF_NIA/20170427-VeryMax/ITS/From_T2__disj_nightmare.t2__p18944_edge_closing_0.smt2	unknown	0	25.1	Watchdog	watchdog fired before the worker thread returned	none	none	none	-1	-1	-1	stack=none depth=0 in=none in_ms=na deepest=dpll-lia:new>dpll-lia:assert-all>dpll-lia:abstract enters=dl-online:check:1,dpll-lia:abstract:8874,dpll-lia:assert-all:2,dpll-lia:initial-lemmas:1,dpll-lia:new:2,dpll-lia:prop-assert:8873,dpll-lia:unspecified-scan:2,dpll-t:abstract:1,dpll-t:lra-dpll:3,lia:simplex-capped:1,nra:check:1
/nas3/data/axeyum/corpus/smtlib-2024/non-incremental/non-incremental/QF_NIA/20170427-VeryMax/ITS/From_T2__edn.t2__p20109_safety_0.smt2	unknown	0	25.0	Incomplete	bounded integer model overflowed at width 32 (assertion #1200 is false over exact semantics); widen the bound	none	int-blast-ladder	fd:bounded-completeness-unsat	8320	19033	21	none
/nas3/data/axeyum/corpus/smtlib-2024/non-incremental/non-incremental/QF_NIA/20170427-VeryMax/ITS/From_T2__edn.t2__p20676_safety_0.smt2	unknown	0	25.1	Watchdog	watchdog fired before the worker thread returned	none	none	none	-1	-1	-1	stack=nra:check(1577ms) depth=1 in=nra:check in_ms=1577 deepest=dpll-lia:new>dpll-lia:assert-all>dpll-lia:abstract enters=dl-online:check:46,dpll-lia:abstract:7092,dpll-lia:assert-all:23,dpll-lia:finish-sat:2,dpll-lia:initial-lemmas:12,dpll-lia:justified-support:77,dpll-lia:new:23,dpll-lia:prop-assert:7081,dpll-lia:prop-solve:77,dpll-lia:solve:3,dpll-lia:theory-conflicts:79,dpll-lia:unspecified-scan:23,dpll-t:abstract:4,dpll-t:lra-dpll:12,lia:simplex-capped:453,nra:check:11,simplex:run:449475
/nas3/data/axeyum/corpus/smtlib-2024/non-incremental/non-incremental/QF_NIA/20170427-VeryMax/ITS/From_T2__efegp.t2__p21963_edge_closing_0.smt2	unknown	0	24.5	Timeout	preprocessed dispatch timeout after reduced solve; the reduced solve's own reason was [ResourceLimit] integer bit-blast width ladder: wall-clock timeout reached	none	int-blast-ladder	fd:bounded-completeness-unsat	13737	24461	21	none
/nas3/data/axeyum/corpus/smtlib-2024/non-incremental/non-incremental/QF_NIA/20170427-VeryMax/ITS/From_T2__ex19.t2__p22319_terminationG_0.smt2	unknown	0	24.0	Incomplete	bounded integer model overflowed at width 32 (assertion #388 is false over exact semantics); widen the bound	none	nia-linearize	fd:bounded-completeness-unsat	7051	12494	21	none
/nas3/data/axeyum/corpus/smtlib-2024/non-incremental/non-incremental/QF_NIA/20170427-VeryMax/ITS/From_T2__ex36.t2__p26914_safety_0.smt2	unknown	0	24.4	Incomplete	bounded integer model overflowed at width 32 (assertion #1268 is false over exact semantics); widen the bound	none	nia-linearize	fd:bounded-completeness-unsat	6667	16798	21	none
/nas3/data/axeyum/corpus/smtlib-2024/non-incremental/non-incremental/QF_NIA/20170427-VeryMax/ITS/From_T2__ex36.t2__p28763_safety_0.smt2	unknown	0	24.7	Incomplete	bounded integer model overflowed at width 32 (assertion #1103 is false over exact semantics); widen the bound	none	nia-linearize	fd:bounded-completeness-unsat	6667	15457	21	none
/nas3/data/axeyum/corpus/smtlib-2024/non-incremental/non-incremental/QF_NIA/20170427-VeryMax/ITS/From_T2__ex36.t2__p29986_safety_0.smt2	unknown	0	21.1	Incomplete	bounded integer model overflowed at width 32 (assertion #829 is false over exact semantics); widen the bound	none	nia-linearize	fd:bounded-completeness-unsat	6663	13479	21	none
/nas3/data/axeyum/corpus/smtlib-2024/non-incremental/non-incremental/QF_NIA/20170427-VeryMax/ITS/From_T2__ex36.t2__p31135_safety_0.smt2	unknown	0	24.6	Incomplete	bounded integer model overflowed at width 32 (assertion #1107 is false over exact semantics); widen the bound	none	int-blast-ladder	fd:bounded-completeness-unsat	9270	19970	21	none
/nas3/data/axeyum/corpus/smtlib-2024/non-incremental/non-incremental/QF_NIA/20170427-VeryMax/ITS/From_T2__fun1b.t2__terminationS_11_0.smt2	unknown	0	24.5	Timeout	preprocessed dispatch timeout after reduced solve; the reduced solve's own reason was [ResourceLimit] integer bit-blast width ladder: wall-clock timeout reached	none	int-blast-ladder	fd:bounded-completeness-unsat	13452	24427	21	none
/nas3/data/axeyum/corpus/smtlib-2024/non-incremental/non-incremental/QF_NIA/20170427-VeryMax/ITS/From_T2__fun9.t2__p1346_edge_closing_0.smt2	unknown	0	24.2	Timeout	preprocessed dispatch timeout after reduced solve; the reduced solve's own reason was [ResourceLimit] integer bit-blast width ladder: wall-clock timeout reached	none	int-blast-ladder	fd:bounded-completeness-unsat	13415	24122	20	none
/nas3/data/axeyum/corpus/smtlib-2024/non-incremental/non-incremental/QF_NIA/20170427-VeryMax/ITS/From_T2__fun9.t2__p1480_edge_closing_0.smt2	unknown	0	24.4	Timeout	preprocessed dispatch timeout after reduced solve; the reduced solve's own reason was [ResourceLimit] integer bit-blast width ladder: wall-clock timeout reached	none	int-blast-ladder	fd:bounded-completeness-unsat	13630	24331	21	none
/nas3/data/axeyum/corpus/smtlib-2024/non-incremental/non-incremental/QF_NIA/20170427-VeryMax/ITS/From_T2__hqr.c.i.hqr.pl.t2.fixed.t2_fixed__terminationS_36_0.smt2	unknown	0	24.6	Timeout	preprocessed dispatch timeout after reduced solve; the reduced solve's own reason was [ResourceLimit] integer bit-blast width ladder: wall-clock timeout reached	none	int-blast-ladder	fd:bounded-completeness-unsat	13540	24491	21	none
/nas3/data/axeyum/corpus/smtlib-2024/non-incremental/non-incremental/QF_NIA/20170427-VeryMax/ITS/From_T2__hqr.c.i.hqr.pl.t2.nor.t2.rlgfixed.t2_fixed__terminationS_45_0.smt2	unknown	0	25.1	Watchdog	watchdog fired before the worker thread returned	none	none	none	-1	-1	-1	stack=none depth=0 in=none in_ms=na deepest=dpll-lia:new>dpll-lia:assert-all>dpll-lia:abstract enters=dl-online:check:1,dpll-lia:abstract:7392,dpll-lia:assert-all:2,dpll-lia:initial-lemmas:1,dpll-lia:new:2,dpll-lia:prop-assert:7391,dpll-lia:unspecified-scan:2,dpll-t:abstract:1,dpll-t:lra-dpll:3,lia:simplex-capped:1,nra:check:1
/nas3/data/axeyum/corpus/smtlib-2024/non-incremental/non-incremental/QF_NIA/20170427-VeryMax/ITS/From_T2__hqr.t2_fixed__terminationS_36_0.smt2	unknown	0	24.3	Timeout	preprocessed dispatch timeout after reduced solve; the reduced solve's own reason was [ResourceLimit] integer bit-blast width ladder: wall-clock timeout reached	none	int-blast-ladder	fd:bounded-completeness-unsat	13286	24245	21	none
/nas3/data/axeyum/corpus/smtlib-2024/non-incremental/non-incremental/QF_NIA/20170427-VeryMax/ITS/From_T2__n-10.t2__p3427_edge_closing_0.smt2	unknown	0	24.1	Timeout	preprocessed dispatch timeout after reduced solve; the reduced solve's own reason was [ResourceLimit] integer bit-blast width ladder: wall-clock timeout reached	none	int-blast-ladder	fd:bounded-completeness-unsat	13299	24006	21	none
/nas3/data/axeyum/corpus/smtlib-2024/non-incremental/non-incremental/QF_NIA/20170427-VeryMax/ITS/From_T2__n-5.t2__p4694_edge_closing_0.smt2	unknown	0	24.5	Timeout	preprocessed dispatch timeout after reduced solve; the reduced solve's own reason was [ResourceLimit] integer bit-blast width ladder: wall-clock timeout reached	none	int-blast-ladder	fd:bounded-completeness-unsat	13600	24385	21	none
/nas3/data/axeyum/corpus/smtlib-2024/non-incremental/non-incremental/QF_NIA/20170427-VeryMax/ITS/From_T2__p-43-terminate.t2__term_unfeasibility_1_0.smt2	unknown	0	24.1	Timeout	preprocessed dispatch timeout after reduced solve; the reduced solve's own reason was [ResourceLimit] integer bit-blast width ladder: wall-clock timeout reached	none	int-blast-ladder	fd:bounded-completeness-unsat	13334	24042	20	none
/nas3/data/axeyum/corpus/smtlib-2024/non-incremental/non-incremental/QF_NIA/20170427-VeryMax/ITS/From_T2__polling.t2_fixed__p7335_terminationG_0.smt2	unknown	0	25.1	Watchdog	watchdog fired before the worker thread returned	none	none	none	-1	-1	-1	stack=none depth=0 in=none in_ms=na deepest=dpll-lia:new>dpll-lia:assert-all>dpll-lia:abstract enters=dl-online:check:1,dpll-lia:abstract:20096,dpll-lia:assert-all:2,dpll-lia:initial-lemmas:1,dpll-lia:new:2,dpll-lia:prop-assert:20095,dpll-lia:unspecified-scan:2,dpll-t:abstract:1,dpll-t:lra-dpll:3,lia:simplex-capped:1,nra:check:1
/nas3/data/axeyum/corpus/smtlib-2024/non-incremental/non-incremental/QF_NIA/20170427-VeryMax/ITS/From_T2__queens.t2__term_unfeasibility_1_0.smt2	unknown	0	24.1	Timeout	preprocessed dispatch timeout after reduced solve; the reduced solve's own reason was [ResourceLimit] integer bit-blast width ladder: wall-clock timeout reached	none	int-blast-ladder	fd:bounded-completeness-unsat	13198	24005	20	none
/nas3/data/axeyum/corpus/smtlib-2024/non-incremental/non-incremental/QF_NIA/20170427-VeryMax/ITS/From_T2__rlft3.c.i.rlft3.pl.t2.fixed.t2__p8813_terminationG_0.smt2	unknown	0	23.6	EncodingBudget	estimated 88872570 CNF clauses before lowering exceeds budget 64000000 (oversized encoding refused gracefully)	none	int-blast-ladder	fd:bounded-completeness-unsat	11516	22254	19	none
/nas3/data/axeyum/corpus/smtlib-2024/non-incremental/non-incremental/QF_NIA/20170427-VeryMax/ITS/From_T2__s1-striped.t2_fixed__p11698_safety_0.smt2	unknown	0	18.6	Incomplete	bounded integer model overflowed at width 32 (assertion #439 is false over exact semantics); widen the bound	none	nia-linearize	fd:bounded-completeness-unsat	6665	11891	21	none
/nas3/data/axeyum/corpus/smtlib-2024/non-incremental/non-incremental/QF_NIA/20170427-VeryMax/ITS/From_T2__s1.t2__p18409_safety_0.smt2	unknown	0	18.4	Incomplete	bounded integer model overflowed at width 32 (assertion #508 is false over exact semantics); widen the bound	none	nia-linearize	fd:bounded-completeness-unsat	6665	11978	21	none
/nas3/data/axeyum/corpus/smtlib-2024/non-incremental/non-incremental/QF_NIA/20170427-VeryMax/ITS/From_T2__s1.t2__p20015_safety_0.smt2	unknown	0	24.1	Timeout	preprocessed dispatch timeout after reduced solve; the reduced solve's own reason was [ResourceLimit] integer bit-blast width ladder: wall-clock timeout reached	none	int-blast-ladder	fd:bounded-completeness-unsat	13327	24075	19	none
/nas3/data/axeyum/corpus/smtlib-2024/non-incremental/non-incremental/QF_NIA/20170427-VeryMax/ITS/From_T2__s1.t2_fixed__p15159_terminationG_0.smt2	unknown	0	24.8	Timeout	preprocessed dispatch timeout after reduced solve; the reduced solve's own reason was [ResourceLimit] integer bit-blast width ladder: wall-clock timeout reached	none	int-blast-ladder	fd:bounded-completeness-unsat	13363	24692	19	none
/nas3/data/axeyum/corpus/smtlib-2024/non-incremental/non-incremental/QF_NIA/20170427-VeryMax/ITS/From_T2__sas2.t2__terminationQ_2_0.smt2	unknown	0	12.4	EncodingBudget	estimated 117393672 CNF clauses before lowering exceeds budget 64000000 (oversized encoding refused gracefully)	none	nia-linearize	fd:bounded-completeness-unsat	6695	10989	20	none
/nas3/data/axeyum/corpus/smtlib-2024/non-incremental/non-incremental/QF_NIA/20170427-VeryMax/ITS/From_T2__slayer-3.t2_fixed__terminationS_31_0.smt2	unknown	0	24.9	Timeout	preprocessed dispatch timeout after reduced solve; the reduced solve's own reason was [ResourceLimit] integer bit-blast width ladder: wall-clock timeout reached	none	int-blast-ladder	fd:bounded-completeness-unsat	13429	24837	21	none
/nas3/data/axeyum/corpus/smtlib-2024/non-incremental/non-incremental/QF_NIA/20170427-VeryMax/ITS/From_T2__small01.t2__p23469_terminationG_0.smt2	unknown	0	24.2	Incomplete	bounded integer model overflowed at width 32 (assertion #557 is false over exact semantics); widen the bound	none	nia-linearize	fd:bounded-completeness-unsat	7340	16298	20	none
/nas3/data/axeyum/corpus/smtlib-2024/non-incremental/non-incremental/QF_NIA/20170427-VeryMax/ITS/From_T2__small17.t2__p23845_edge_closing_0.smt2	unknown	0	13.2	Incomplete	bounded integer model overflowed at width 32 (assertion #321 is false over exact semantics); widen the bound	none	nia-linearize	fd:bounded-completeness-unsat	6662	13023	21	none
/nas3/data/axeyum/corpus/smtlib-2024/non-incremental/non-incremental/QF_NIA/20170427-VeryMax/ITS/From_T2__streamserver-succeed.t2__p24602_terminationG_0.smt2	unknown	0	25.0	Timeout	preprocessed dispatch timeout after reduced solve; the reduced solve's own reason was [ResourceLimit] integer bit-blast width ladder: wall-clock timeout reached	none	int-blast-ladder	fd:bounded-completeness-unsat	17615	24883	19	none
/nas3/data/axeyum/corpus/smtlib-2024/non-incremental/non-incremental/QF_NIA/20170427-VeryMax/ITS/From_T2__streamserver.bug.t2__terminationS_1_0.smt2	unknown	0	24.3	Timeout	preprocessed dispatch timeout after reduced solve; the reduced solve's own reason was [ResourceLimit] integer bit-blast width ladder: wall-clock timeout reached	none	int-blast-ladder	fd:bounded-completeness-unsat	13418	24183	21	none
/nas3/data/axeyum/corpus/smtlib-2024/non-incremental/non-incremental/QF_NIA/20170427-VeryMax/ITS/From_T2__ud.t2__term_unfeasibility_1_0.smt2	unknown	0	17.3	Incomplete	bounded integer model overflowed at width 32 (assertion #1137 is false over exact semantics); widen the bound	none	nia-linearize	fd:bounded-completeness-unsat	6670	16954	20	none
/nas3/data/axeyum/corpus/smtlib-2024/non-incremental/non-incremental/QF_NIA/20170427-VeryMax/ITS/From_T2__zlib-adler32.c.t2__p25902_terminationG_0.smt2	unknown	0	24.6	Timeout	preprocessed dispatch timeout after reduced solve; the reduced solve's own reason was [ResourceLimit] integer bit-blast width ladder: wall-clock timeout reached	none	int-blast-ladder	fd:bounded-completeness-unsat	13793	24567	19	none
/nas3/data/axeyum/corpus/smtlib-2024/non-incremental/non-incremental/QF_NIA/20170427-VeryMax/SAT14/1051.smt2	unknown	0	18.5	EncodingBudget	estimated 209669991 CNF clauses before lowering exceeds budget 64000000 (oversized encoding refused gracefully)	none	nia-linearize	fd:bounded-completeness-unsat	6688	10895	21	none
/nas3/data/axeyum/corpus/smtlib-2024/non-incremental/non-incremental/QF_NIA/20170427-VeryMax/SAT14/1166.smt2	unknown	0	17.4	EncodingBudget	estimated 234076155 CNF clauses before lowering exceeds budget 64000000 (oversized encoding refused gracefully)	none	nia-linearize	fd:bounded-completeness-unsat	6668	10880	21	none
/nas3/data/axeyum/corpus/smtlib-2024/non-incremental/non-incremental/QF_NIA/20170427-VeryMax/SAT14/1509.smt2	unknown	0	17.8	EncodingBudget	estimated 171663927 CNF clauses before lowering exceeds budget 64000000 (oversized encoding refused gracefully)	none	nia-linearize	fd:bounded-completeness-unsat	6657	10810	21	none
/nas3/data/axeyum/corpus/smtlib-2024/non-incremental/non-incremental/QF_NIA/20170427-VeryMax/SAT14/1623.smt2	unknown	0	16.4	EncodingBudget	estimated 114208308 CNF clauses before lowering exceeds budget 64000000 (oversized encoding refused gracefully)	none	nia-linearize	fd:bounded-completeness-unsat	6663	10768	21	none
/nas3/data/axeyum/corpus/smtlib-2024/non-incremental/non-incremental/QF_NIA/20170427-VeryMax/SAT14/1738.smt2	unknown	0	24.2	Timeout	preprocessed dispatch timeout after reduced solve; the reduced solve's own reason was [ResourceLimit] integer bit-blast width ladder: wall-clock timeout reached	none	int-blast-ladder	fd:bounded-completeness-unsat	13457	24150	21	none
/nas3/data/axeyum/corpus/smtlib-2024/non-incremental/non-incremental/QF_NIA/20170427-VeryMax/SAT14/227.smt2	unknown	0	24.3	Timeout	preprocessed dispatch timeout after reduced solve; the reduced solve's own reason was [ResourceLimit] integer bit-blast width ladder: wall-clock timeout reached	none	int-blast-ladder	fd:bounded-completeness-unsat	13519	24201	21	none
/nas3/data/axeyum/corpus/smtlib-2024/non-incremental/non-incremental/QF_NIA/20170427-VeryMax/SAT14/341.smt2	unknown	0	24.3	Timeout	preprocessed dispatch timeout after reduced solve; the reduced solve's own reason was [ResourceLimit] integer bit-blast width ladder: wall-clock timeout reached	none	int-blast-ladder	fd:bounded-completeness-unsat	13497	24202	21	none
/nas3/data/axeyum/corpus/smtlib-2024/non-incremental/non-incremental/QF_NIA/20170427-VeryMax/SAT14/456.smt2	unknown	0	16.8	EncodingBudget	estimated 168414324 CNF clauses before lowering exceeds budget 64000000 (oversized encoding refused gracefully)	none	nia-linearize	fd:bounded-completeness-unsat	6680	10818	21	none
/nas3/data/axeyum/corpus/smtlib-2024/non-incremental/non-incremental/QF_NIA/20170427-VeryMax/SAT14/571.smt2	unknown	0	24.3	Timeout	preprocessed dispatch timeout after reduced solve; the reduced solve's own reason was [ResourceLimit] integer bit-blast width ladder: wall-clock timeout reached	none	int-blast-ladder	fd:bounded-completeness-unsat	19417	24227	21	none
/nas3/data/axeyum/corpus/smtlib-2024/non-incremental/non-incremental/QF_NIA/20170427-VeryMax/SAT14/687.smt2	unknown	0	17.1	EncodingBudget	estimated 201184362 CNF clauses before lowering exceeds budget 64000000 (oversized encoding refused gracefully)	none	nia-linearize	fd:bounded-completeness-unsat	6648	10830	21	none
/nas3/data/axeyum/corpus/smtlib-2024/non-incremental/non-incremental/QF_NIA/20170427-VeryMax/SAT14/803.smt2	unknown	0	16.6	EncodingBudget	estimated 164395047 CNF clauses before lowering exceeds budget 64000000 (oversized encoding refused gracefully)	none	nia-linearize	fd:bounded-completeness-unsat	6664	10787	21	none
/nas3/data/axeyum/corpus/smtlib-2024/non-incremental/non-incremental/QF_NIA/20210219-Dartagnan/ReachSafety-Loops/array_3-1-O0.smt2	unknown	0	0.3	ResourceLimit	ingest resource limit: `distinct` with 16525 arguments requires 136529550 pairwise expansions; deterministic limit is 65536	none	fd:parse	fd:parse	258	258	1	none
/nas3/data/axeyum/corpus/smtlib-2024/non-incremental/non-incremental/QF_NIA/20210219-Dartagnan/ReachSafety-Loops/geo1-u_valuebound2-O0.smt2	unknown	0	11.4	Incomplete	integer constant 4294967295 does not fit the bounded width 32; widen the bound	none	int-real-relax	fd:bounded-completeness-unsat	4145	4759	22	none
/nas3/data/axeyum/corpus/smtlib-2024/non-incremental/non-incremental/QF_NIA/20210219-Dartagnan/ReachSafety-Loops/ps2-ll_unwindbound50-O0.smt2	unknown	0	24.3	Incomplete	no model within the bounded integer width 32; widen the bound	none	int-real-relax	fd:bounded-completeness-unsat	5153	14331	44	none
/nas3/data/axeyum/corpus/smtlib-2024/non-incremental/non-incremental/QF_NIA/20230328-sqrtmodinv-hoenicke/sqrtStep6a.smt2	unknown	0	1.4	Incomplete	integer constant 462408296549760 does not fit the bounded width 32; widen the bound	none	nia-linearize	fd:bounded-completeness-unsat	31	33	21	none
/nas3/data/axeyum/corpus/smtlib-2024/non-incremental/non-incremental/QF_NIA/AProVE/aproveSMT4687047739446499948.smt2	unknown	0	12.4	Incomplete	bounded integer model overflowed at width 32 (assertion #620 is false over exact semantics); widen the bound	none	nia-linearize	fd:bounded-completeness-unsat	7146	12351	21	none
/nas3/data/axeyum/corpus/smtlib-2024/non-incremental/non-incremental/QF_NIA/AProVE/aproveSMT5048239408100334127.smt2	unknown	0	19.3	Incomplete	bounded integer model overflowed at width 32 (assertion #797 is false over exact semantics); widen the bound	none	int-blast-ladder	fd:bounded-completeness-unsat	9947	19193	21	none
/nas3/data/axeyum/corpus/smtlib-2024/non-incremental/non-incremental/QF_NIA/AProVE/aproveSMT6461796824751951221.smt2	unknown	0	24.4	Timeout	preprocessed dispatch timeout after reduced solve; the reduced solve's own reason was [ResourceLimit] integer bit-blast width ladder: wall-clock timeout reached	none	int-blast-ladder	fd:bounded-completeness-unsat	13571	24326	21	none
/nas3/data/axeyum/corpus/smtlib-2024/non-incremental/non-incremental/QF_NIA/AProVE/aproveSMT7795667227375240089.smt2	unknown	0	13.7	Incomplete	bounded integer model overflowed at width 32 (assertion #323 is false over exact semantics); widen the bound	none	nia-linearize	fd:bounded-completeness-unsat	7982	13524	21	none
/nas3/data/axeyum/corpus/smtlib-2024/non-incremental/non-incremental/QF_NIA/UltimateLassoRanker/LarrazOliverasRodriguez-CarbonellRubio-2013FMCAD-Fig1-alloca_unknown-termination.c.i_Iteration6_Lasso+nonterminationTemplate.smt2	unknown	0	24.3	Timeout	preprocessed dispatch timeout after reduced solve; the reduced solve's own reason was [ResourceLimit] integer bit-blast width ladder: wall-clock timeout reached	none	int-blast-ladder	fd:bounded-completeness-unsat	19660	24199	19	none
