mode	case	expected	verdict	class	detail
full	core/bogus1	reject	reject	kernel:DeclarationValueMismatch	line_198:_kernel_rejected_thm:_DeclarationValueMismatch_{_declared:_ExprId(577),_inferred:_ExprId(538)_}
full	core/constlevels	reject	reject	kernel:TypeMismatch	line_283:_kernel_rejected__test:_TypeMismatch_{_expected:_ExprId(1),_got:_ExprId(0)_}
full	core/ctor-num-fields	reject	reject	malformed	line_235:_generated/exported_constructor_metadata_or_type_differs
full	core/extra-rec	reject	reject	malformed	line_18:_single-family_inductive_must_export_one_recursor
full	core/init-prelude	accept	accept	ok	-
full	core/k-rec-conv	reject	reject	kernel:DeclarationValueMismatch	line_243:_kernel_rejected_bad:_DeclarationValueMismatch_{_declared:_ExprId(685),_inferred:_ExprId(688)_}
full	core/large-elim-param	reject	reject	malformed	line_86:_generated/exported_recursor_universe-parameter_arity_differs
full	core/large-elim-prop-bool	reject	reject	malformed	line_307:_generated/exported_recursor_universe-parameter_arity_differs
full	core/level-imax-leq	reject	reject	malformed	line_69:_exported_recursor_K-like_flag_differs_from_the_kernel-derived_one
full	core/level-imax-normalization	reject	reject	kernel:DeclarationValueMismatch	line_77:_kernel_rejected_down:_DeclarationValueMismatch_{_declared:_ExprId(120),_inferred:_ExprId(127)_}
full	core/level-index-out-of-order	accept	reject	malformed	line_1:_meta.exporter.name_is_not_lean4export
full	core/nat-rec-k-lie	reject	reject	malformed	line_59:_exported_recursor_K-like_flag_differs_from_the_kernel-derived_one
full	core/nat-rec-rules	reject	reject	malformed	line_91:_exported_recursor_K-like_flag_differs_from_the_kernel-derived_one
full	core/nested-unused-param	reject	reject	kernel:ProjectionTypeMismatch	line_1012:_kernel_rejected_E:_ProjectionTypeMismatch_{_expected:_NameId(31),_got:_ExprId(3535)_}
full	core/orphan-ctor	reject	reject	malformed	line_19:_constructor-name_lists_do_not_match_ctor_record_count
full	core/orphan-rec	reject	reject	malformed	line_18:_single-family_inductive_must_export_one_recursor
full	core/proj-non-structure	reject	reject	kernel:ProjectionConstructorCount	line_75:_kernel_rejected_bad:_ProjectionConstructorCount_{_name:_NameId(13),_got:_2_}
full	core/proj-of-imax-prop	reject	reject	kernel:ProjectionFromPropToType	line_245:_kernel_rejected_imaxProjBool:_ProjectionFromPropToType_{_name:_NameId(27),_field_index:_0_}
full	core/proj-of-prop	reject	reject	kernel:TypeMismatch	line_56:_kernel_rejected_badFalse:_TypeMismatch_{_expected:_ExprId(1),_got:_ExprId(76)_}
full	core/proj-of-stuck-prop	reject	reject	kernel:InductiveTypeNotASort	line_4742:_kernel_rejected_Native64ResultSortOwner:_InductiveTypeNotASort_{_got:_ExprId(21965)_}
full	core/proj-of-subst-prop	reject	reject	kernel:InductiveTypeNotASort	line_4612:_kernel_rejected_PR14806Subst.Owner:_InductiveTypeNotASort_{_got:_ExprId(21457)_}
full	core/proof-irrel	accept	accept	ok	-
full	core/rec-k-lie	reject	reject	malformed	line_35:_exported_recursor_K-like_flag_differs_from_the_kernel-derived_one
full	core/rec-missing-ih	reject	reject	kernel:InvalidInductiveOccurrence	line_4811:_kernel_rejected_Native64TwoHashOwner:_InvalidInductiveOccurrence_{_inductive:_NameId(698),_ctor:_NameId(700),_field_index:_2_}
full	core/rec-of-subst-prop	reject	reject	kernel:InductiveTypeNotASort	line_4429:_kernel_rejected_Issue.Owner:_InductiveTypeNotASort_{_got:_ExprId(20383)_}
full	core/sparse-name-index	accept	reject	malformed	line_1:_meta.exporter.name_is_not_lean4export
full	perf/app-lam	accept	timeout	timeout	no_verdict_in_30s
full	perf/args-before-unfold	accept	accept	ok	-
full	perf/beta-ladder	accept	accept	ok	-
full	perf/church-numerals	accept	accept	ok	-
full	perf/discarded-argument	accept	accept	ok	-
full	perf/discarded-argument-match	accept	accept	ok	-
full	perf/folded-constant-first	accept	accept	ok	-
full	perf/folded-constant-last	accept	accept	ok	-
full	perf/grind-ring-5	accept	accept	ok	-
full	perf/identical-nesting	accept	accept	ok	-
full	perf/irrelevance-before-evaluation	accept	accept	ok	-
full	perf/let-ladder	accept	accept	ok	-
full	perf/refute-cheap-first	reject	reject	kernel:DeclarationValueMismatch	line_439:_kernel_rejected_kernel_refute_cheap_first:_DeclarationValueMismatch_{_declared:_ExprId(882),_inferred:_ExprId(901)_}
full	perf/refute-cheap-last	reject	reject	kernel:DeclarationValueMismatch	line_439:_kernel_rejected_kernel_refute_cheap_last:_DeclarationValueMismatch_{_declared:_ExprId(882),_inferred:_ExprId(901)_}
full	perf/repeated-subproblem	accept	accept	ok	-
full	perf/shared-subterm	accept	accept	ok	-
full	perf/shift-cascade	accept	accept	ok	-
full	perf/unroll-versus-evaluate	accept	accept	ok	-
full	tutorial/001_basicDef	accept	accept	ok	-
full	tutorial/002_badDef	reject	reject	kernel:DeclarationValueMismatch	line_6:_kernel_rejected_badDef:_DeclarationValueMismatch_{_declared:_ExprId(0),_inferred:_ExprId(2)_}
full	tutorial/003_arrowType	accept	accept	ok	-
full	tutorial/004_dependentType	accept	accept	ok	-
full	tutorial/005_constType	accept	accept	ok	-
full	tutorial/006_betaReduction	accept	accept	ok	-
full	tutorial/007_betaReduction2	accept	accept	ok	-
full	tutorial/008_forallSortWhnf	accept	accept	ok	-
full	tutorial/009_forallSortBad	reject	reject	kernel:NotASort	line_26:_kernel_rejected_forallSortBad:_NotASort_{_got:_ExprId(8)_}
full	tutorial/010_nonTypeType	reject	reject	kernel:DeclarationTypeNotASort	line_21:_kernel_rejected_nonTypeType:_DeclarationTypeNotASort_{_got:_ExprId(2)_}
full	tutorial/011_nonTypeAxiom	reject	reject	kernel:DeclarationTypeNotASort	line_20:_kernel_rejected_nonTypeAxiom:_DeclarationTypeNotASort_{_got:_ExprId(2)_}
full	tutorial/012_nonPropThm	reject	accept	ok	-
full	tutorial/013_thmProof	accept	accept	ok	-
full	tutorial/014_selfProof	reject	reject	kernel:UnknownConst	line_8:_kernel_rejected_selfProof:_UnknownConst_{_name:_NameId(1)_}
full	tutorial/015_levelComp1	accept	accept	ok	-
full	tutorial/016_levelComp2	accept	accept	ok	-
full	tutorial/017_levelComp3	accept	accept	ok	-
full	tutorial/018_levelParams	accept	accept	ok	-
full	tutorial/019_tut06_bad01	reject	accept	ok	-
full	tutorial/020_levelComp4	accept	accept	ok	-
full	tutorial/021_levelComp5	accept	accept	ok	-
full	tutorial/022_imax1	accept	accept	ok	-
full	tutorial/023_imax2	accept	accept	ok	-
full	tutorial/024_levelMaxComm	accept	accept	ok	-
full	tutorial/025_levelMaxAssoc	accept	accept	ok	-
full	tutorial/026_levelMaxIdem	accept	accept	ok	-
full	tutorial/027_levelMaxAbsorb	accept	accept	ok	-
full	tutorial/028_inferVar	accept	accept	ok	-
full	tutorial/029_defEqLambda	accept	accept	ok	-
full	tutorial/030_peano1	accept	accept	ok	-
full	tutorial/031_peano2	accept	accept	ok	-
full	tutorial/032_peano3	accept	accept	ok	-
full	tutorial/033_letType	accept	accept	ok	-
full	tutorial/034_letTypeDep	accept	accept	ok	-
full	tutorial/035_letRed	accept	accept	ok	-
full	tutorial/036_empty	accept	accept	ok	-
full	tutorial/037_boolType	accept	accept	ok	-
full	tutorial/038_twoBool	accept	accept	ok	-
full	tutorial/039_andType	accept	accept	ok	-
full	tutorial/040_prodType	accept	accept	ok	-
full	tutorial/041_pprodType	accept	accept	ok	-
full	tutorial/042_pUnitType	accept	accept	ok	-
full	tutorial/043_eqType	accept	accept	ok	-
full	tutorial/044_natDef	accept	accept	ok	-
full	tutorial/045_rbTreeDef	accept	accept	ok	-
full	tutorial/046_inductBadNonSort	reject	reject	kernel:InductiveTypeNotASort	line_20:_kernel_rejected_inductBadNonSort:_InductiveTypeNotASort_{_got:_ExprId(2)_}
full	tutorial/047_inductBadNonSort2	reject	reject	kernel:InductiveTypeNotASort	line_8:_kernel_rejected_inductBadNonSort2:_InductiveTypeNotASort_{_got:_ExprId(2)_}
full	tutorial/048_inductLevelParam	reject	reject	malformed	line_7:_single-family_inductive_must_export_one_recursor
full	tutorial/049_inductTooFewParams	reject	reject	kernel:InductiveTypeNotASort	line_6:_kernel_rejected_inductTooFewParams:_InductiveTypeNotASort_{_got:_ExprId(0)_}
full	tutorial/050_inductWrongCtorParams	reject	reject	kernel:MalformedConstructorType	line_16:_kernel_rejected_inductWrongCtorParams:_MalformedConstructorType_{_ctor:_NameId(4)_}
full	tutorial/051_inductWrongCtorResParams	reject	reject	kernel:ConstructorResultMismatch	line_19:_kernel_rejected_inductWrongCtorResParams:_ConstructorResultMismatch_{_expected:_NameId(1),_ctor:_NameId(4)_}
full	tutorial/052_inductWrongCtorResLevel	reject	reject	kernel:ConstructorResultMismatch	line_23:_kernel_rejected_inductWrongCtorResLevel:_ConstructorResultMismatch_{_expected:_NameId(1),_ctor:_NameId(6)_}
full	tutorial/053_inductInIndex	reject	reject	malformed	line_14:_exported_recursor_K-like_flag_differs_from_the_kernel-derived_one
full	tutorial/054_indNeg	reject	reject	kernel:NonPositiveInductiveOccurrence	line_12:_kernel_rejected_indNeg:_NonPositiveInductiveOccurrence_{_inductive:_NameId(1),_ctor:_NameId(2),_field_index:_0_}
full	tutorial/055_reduceCtorParam.mk	accept	accept	ok	-
full	tutorial/056_reduceCtorType.mk	reject	reject	malformed	line_26:_generated/exported_recursor_universe-parameter_arity_differs
full	tutorial/057_indNegReducible	reject	reject	kernel:NonPositiveInductiveOccurrence	line_31:_kernel_rejected_indNegReducible:_NonPositiveInductiveOccurrence_{_inductive:_NameId(10),_ctor:_NameId(11),_field_index:_0_}
full	tutorial/058_predWithTypeField	accept	accept	ok	-
full	tutorial/059_typeWithTypeField	accept	accept	ok	-
full	tutorial/060_typeWithTypeFieldPoly	accept	accept	ok	-
full	tutorial/061_typeWithTooHighTypeField.mk	reject	reject	kernel:ConstructorFieldUniverseTooBig	line_11:_kernel_rejected_typeWithTooHighTypeField:_ConstructorFieldUniverseTooBig_{_inductive:_NameId(1),_ctor:_NameId(2),_field_index:_0_}
full	tutorial/062_emptyRec	accept	accept	ok	-
full	tutorial/063_boolRec	accept	accept	ok	-
full	tutorial/064_twoBoolRec	accept	accept	ok	-
full	tutorial/065_andRec	accept	accept	ok	-
full	tutorial/066_prodRec	accept	accept	ok	-
full	tutorial/067_pprodRec	accept	accept	ok	-
full	tutorial/068_punitRec	accept	accept	ok	-
full	tutorial/069_eqRec	accept	accept	ok	-
full	tutorial/070_nRec	accept	accept	ok	-
full	tutorial/071_rbTreeRef	accept	accept	ok	-
full	tutorial/072_boolPropRec	accept	accept	ok	-
full	tutorial/073_BogusRecursor	reject	reject	malformed	line_24:_generated/exported_recursor_universe-parameter_arity_differs
full	tutorial/074_existsRec	accept	accept	ok	-
full	tutorial/075_typeSingletonRecReduction	accept	accept	ok	-
full	tutorial/076_sortElimPropRec	accept	accept	ok	-
full	tutorial/077_sortElimProp2Rec	accept	accept	ok	-
full	tutorial/078_boolRecEqns	accept	accept	ok	-
full	tutorial/079_prodRecEqns	accept	accept	ok	-
full	tutorial/080_nRecReduction	accept	accept	ok	-
full	tutorial/081_listRecReduction	accept	accept	ok	-
full	tutorial/082_RBTree.id_spec	accept	accept	ok	-
full	tutorial/083_And.right	accept	accept	ok	-
full	tutorial/084_Prod.snd	accept	accept	ok	-
full	tutorial/085_PProd.snd	accept	accept	ok	-
full	tutorial/086_PSigma.snd	accept	accept	ok	-
full	tutorial/087_projOutOfRange	reject	reject	kernel:ProjectionFieldOutOfBounds	line_67:_kernel_rejected_projOutOfRange:_ProjectionFieldOutOfBounds_{_name:_NameId(1),_field_index:_2,_field_count:_2_}
full	tutorial/088_projNotStruct	reject	reject	kernel:ProjectionConstructorCount	line_64:_kernel_rejected_projNotStruct:_ProjectionConstructorCount_{_name:_NameId(1),_got:_2_}
full	tutorial/089_projProp1	accept	accept	ok	-
full	tutorial/090_projProp2	reject	reject	kernel:ProjectionFromPropToType	line_143:_kernel_rejected_projProp2:_ProjectionFromPropToType_{_name:_NameId(23),_field_index:_1_}
full	tutorial/091_projProp3	accept	accept	ok	-
full	tutorial/092_projProp4	reject	reject	kernel:ProjectionFromPropToType	line_143:_kernel_rejected_projProp4:_ProjectionFromPropToType_{_name:_NameId(23),_field_index:_3_}
full	tutorial/093_projProp5	reject	reject	kernel:ProjectionFromPropToType	line_148:_kernel_rejected_projProp5:_ProjectionFromPropToType_{_name:_NameId(23),_field_index:_3_}
full	tutorial/094_projProp6	reject	reject	kernel:ProjectionFromPropToType	line_143:_kernel_rejected_projProp6:_ProjectionFromPropToType_{_name:_NameId(23),_field_index:_5_}
full	tutorial/095_projDataIndexRec	accept	accept	ok	-
full	tutorial/096_projIndexData	reject	reject	kernel:ProjectionTypeMismatch	line_111:_kernel_rejected_projIndexData:_ProjectionTypeMismatch_{_expected:_NameId(36),_got:_ExprId(222)_}
full	tutorial/097_projIndexData2	reject	reject	kernel:ProjectionTypeMismatch	line_111:_kernel_rejected_projIndexData2:_ProjectionTypeMismatch_{_expected:_NameId(36),_got:_ExprId(222)_}
full	tutorial/098_projRed	accept	accept	ok	-
full	tutorial/099_ruleK	accept	accept	ok	-
full	tutorial/100_ruleKbad	reject	reject	kernel:DeclarationValueMismatch	line_121:_kernel_rejected_ruleKbad:_DeclarationValueMismatch_{_declared:_ExprId(272),_inferred:_ExprId(328)_}
full	tutorial/101_ruleKAcc	reject	reject	kernel:DeclarationValueMismatch	line_238:_kernel_rejected_ruleKAcc:_DeclarationValueMismatch_{_declared:_ExprId(960),_inferred:_ExprId(1120)_}
full	tutorial/102_aNatLit	accept	accept	ok	-
full	tutorial/103_natLitEq	accept	accept	ok	-
full	tutorial/104_proofIrrelevance	accept	accept	ok	-
full	tutorial/105_proofIrrelevanceBad	reject	reject	kernel:DeclarationValueMismatch	line_93:_kernel_rejected_proofIrrelevanceBad:_DeclarationValueMismatch_{_declared:_ExprId(225),_inferred:_ExprId(264)_}
full	tutorial/106_proofIrrelevanceWhnf	accept	accept	ok	-
full	tutorial/107_unitEta1	accept	reject	kernel:DeclarationValueMismatch	line_116:_kernel_rejected_unitEta1:_DeclarationValueMismatch_{_declared:_ExprId(266),_inferred:_ExprId(289)_}
full	tutorial/108_unitEta2	accept	reject	kernel:DeclarationValueMismatch	line_109:_kernel_rejected_unitEta2:_DeclarationValueMismatch_{_declared:_ExprId(262),_inferred:_ExprId(278)_}
full	tutorial/109_unitEta3	accept	accept	ok	-
full	tutorial/110_indexedUnitEta	reject	reject	kernel:DeclarationValueMismatch	line_121:_kernel_rejected_indexedUnitEta:_DeclarationValueMismatch_{_declared:_ExprId(319),_inferred:_ExprId(342)_}
full	tutorial/111_structEta	accept	accept	ok	-
full	tutorial/112_indexedStructEta	reject	reject	kernel:DeclarationValueMismatch	line_138:_kernel_rejected_indexedStructEta:_DeclarationValueMismatch_{_declared:_ExprId(370),_inferred:_ExprId(388)_}
full	tutorial/113_funEta	accept	accept	ok	-
full	tutorial/114_funEtaDep	accept	accept	ok	-
full	tutorial/115_funEtaBad	reject	reject	kernel:DeclarationValueMismatch	line_97:_kernel_rejected_funEtaBad:_DeclarationValueMismatch_{_declared:_ExprId(206),_inferred:_ExprId(280)_}
full	tutorial/116_etaRuleK	reject	reject	kernel:DeclarationValueMismatch	line_121:_kernel_rejected_etaRuleK:_DeclarationValueMismatch_{_declared:_ExprId(276),_inferred:_ExprId(325)_}
full	tutorial/117_etaCtor	reject	reject	kernel:DeclarationValueMismatch	line_148:_kernel_rejected_etaCtor:_DeclarationValueMismatch_{_declared:_ExprId(365),_inferred:_ExprId(386)_}
full	tutorial/118_reflOccLeft	reject	reject	kernel:NonPositiveInductiveOccurrence	line_61:_kernel_rejected_reflOccLeft:_NonPositiveInductiveOccurrence_{_inductive:_NameId(13),_ctor:_NameId(14),_field_index:_0_}
full	tutorial/119_reflOccInIndex	reject	reject	kernel:InvalidInductiveOccurrence	line_66:_kernel_rejected_reflOccInIndex:_InvalidInductiveOccurrence_{_inductive:_NameId(13),_ctor:_NameId(15),_field_index:_1_}
full	tutorial/120_reduceCtorParamRefl.mk	accept	accept	ok	-
full	tutorial/121_reduceCtorParamRefl2.mk	accept	accept	ok	-
full	tutorial/122_rTreeRec	accept	accept	ok	-
full	tutorial/123_rtreeRecReduction	accept	accept	ok	-
full	tutorial/124_accRecType	accept	accept	ok	-
full	tutorial/125_accRecReduction	accept	accept	ok	-
full	tutorial/126_accRecNoEta	reject	reject	kernel:DeclarationValueMismatch	line_244:_kernel_rejected_accRecNoEta:_DeclarationValueMismatch_{_declared:_ExprId(966),_inferred:_ExprId(1163)_}
full	tutorial/127_quotMkType	accept	accept	ok	-
full	tutorial/128_quotIndType	accept	accept	ok	-
full	tutorial/129_quotLiftType	accept	accept	ok	-
full	tutorial/130_quotSoundType	accept	accept	ok	-
full	tutorial/131_quotLiftReduction	accept	accept	ok	-
full	tutorial/132_quotIndReduction	accept	accept	ok	-
full	tutorial/133_dup_defs	reject	reject	kernel:DeclarationExists	line_7:_kernel_rejected_dup_defs:_DeclarationExists_{_name:_NameId(1)_}
full	tutorial/134_dup_ind_def	reject	reject	malformed	line_10:_in:_expected_dense_name_index_4,_got_8
full	tutorial/135_dup_ctor_def	reject	reject	malformed	line_10:_in:_expected_dense_name_index_4,_got_8
full	tutorial/136_dup_rec_def	reject	reject	malformed	line_10:_in:_expected_dense_name_index_4,_got_8
full	tutorial/137_misnamed_rec_user	reject	reject	malformed	line_9:_in:_expected_dense_name_index_5,_got_9
full	tutorial/138_dup_rec_def2	reject	reject	malformed	line_11:_in:_expected_dense_name_index_5,_got_9
full	tutorial/139_dup_ctor_rec	reject	reject	malformed	line_7:_in:_expected_dense_name_index_3,_got_6
full	tutorial/140_DupConCon	reject	reject	malformed	line_8:_in:_expected_dense_name_index_4,_got_7
full	tutorial/141_falseFromUnsafe	reject	decline	unsupported:declaration-unsafe-or-partial	line_20:_unsupported_lean4export_construct:_declaration-unsafe-or-partial
full	tutorial/142_falseFromPartial	reject	decline	unsupported:declaration-unsafe-or-partial	line_20:_unsupported_lean4export_construct:_declaration-unsafe-or-partial
parse-only	core/bogus1	reject	accept	ok	-
parse-only	core/constlevels	reject	accept	ok	-
parse-only	core/ctor-num-fields	reject	reject	malformed	line_235:_generated/exported_constructor_metadata_or_type_differs
parse-only	core/extra-rec	reject	reject	malformed	line_18:_single-family_inductive_must_export_one_recursor
parse-only	core/init-prelude	accept	accept	ok	-
parse-only	core/k-rec-conv	reject	accept	ok	-
parse-only	core/large-elim-param	reject	reject	malformed	line_86:_generated/exported_recursor_universe-parameter_arity_differs
parse-only	core/large-elim-prop-bool	reject	reject	malformed	line_307:_generated/exported_recursor_universe-parameter_arity_differs
parse-only	core/level-imax-leq	reject	reject	malformed	line_69:_exported_recursor_K-like_flag_differs_from_the_kernel-derived_one
parse-only	core/level-imax-normalization	reject	accept	ok	-
parse-only	core/level-index-out-of-order	accept	reject	malformed	line_1:_meta.exporter.name_is_not_lean4export
parse-only	core/nat-rec-k-lie	reject	reject	malformed	line_59:_exported_recursor_K-like_flag_differs_from_the_kernel-derived_one
parse-only	core/nat-rec-rules	reject	reject	malformed	line_91:_exported_recursor_K-like_flag_differs_from_the_kernel-derived_one
parse-only	core/nested-unused-param	reject	accept	ok	-
parse-only	core/orphan-ctor	reject	reject	malformed	line_19:_constructor-name_lists_do_not_match_ctor_record_count
parse-only	core/orphan-rec	reject	reject	malformed	line_18:_single-family_inductive_must_export_one_recursor
parse-only	core/proj-non-structure	reject	accept	ok	-
parse-only	core/proj-of-imax-prop	reject	accept	ok	-
parse-only	core/proj-of-prop	reject	accept	ok	-
parse-only	core/proj-of-stuck-prop	reject	accept	ok	-
parse-only	core/proj-of-subst-prop	reject	accept	ok	-
parse-only	core/proof-irrel	accept	accept	ok	-
parse-only	core/rec-k-lie	reject	reject	malformed	line_35:_exported_recursor_K-like_flag_differs_from_the_kernel-derived_one
parse-only	core/rec-missing-ih	reject	accept	ok	-
parse-only	core/rec-of-subst-prop	reject	accept	ok	-
parse-only	core/sparse-name-index	accept	reject	malformed	line_1:_meta.exporter.name_is_not_lean4export
parse-only	perf/app-lam	accept	timeout	timeout	no_verdict_in_30s
parse-only	perf/args-before-unfold	accept	accept	ok	-
parse-only	perf/beta-ladder	accept	accept	ok	-
parse-only	perf/church-numerals	accept	accept	ok	-
parse-only	perf/discarded-argument	accept	accept	ok	-
parse-only	perf/discarded-argument-match	accept	accept	ok	-
parse-only	perf/folded-constant-first	accept	accept	ok	-
parse-only	perf/folded-constant-last	accept	accept	ok	-
parse-only	perf/grind-ring-5	accept	accept	ok	-
parse-only	perf/identical-nesting	accept	accept	ok	-
parse-only	perf/irrelevance-before-evaluation	accept	accept	ok	-
parse-only	perf/let-ladder	accept	accept	ok	-
parse-only	perf/refute-cheap-first	reject	accept	ok	-
parse-only	perf/refute-cheap-last	reject	accept	ok	-
parse-only	perf/repeated-subproblem	accept	accept	ok	-
parse-only	perf/shared-subterm	accept	accept	ok	-
parse-only	perf/shift-cascade	accept	accept	ok	-
parse-only	perf/unroll-versus-evaluate	accept	accept	ok	-
parse-only	tutorial/001_basicDef	accept	accept	ok	-
parse-only	tutorial/002_badDef	reject	accept	ok	-
parse-only	tutorial/003_arrowType	accept	accept	ok	-
parse-only	tutorial/004_dependentType	accept	accept	ok	-
parse-only	tutorial/005_constType	accept	accept	ok	-
parse-only	tutorial/006_betaReduction	accept	accept	ok	-
parse-only	tutorial/007_betaReduction2	accept	accept	ok	-
parse-only	tutorial/008_forallSortWhnf	accept	accept	ok	-
parse-only	tutorial/009_forallSortBad	reject	accept	ok	-
parse-only	tutorial/010_nonTypeType	reject	accept	ok	-
parse-only	tutorial/011_nonTypeAxiom	reject	accept	ok	-
parse-only	tutorial/012_nonPropThm	reject	accept	ok	-
parse-only	tutorial/013_thmProof	accept	accept	ok	-
parse-only	tutorial/014_selfProof	reject	accept	ok	-
parse-only	tutorial/015_levelComp1	accept	accept	ok	-
parse-only	tutorial/016_levelComp2	accept	accept	ok	-
parse-only	tutorial/017_levelComp3	accept	accept	ok	-
parse-only	tutorial/018_levelParams	accept	accept	ok	-
parse-only	tutorial/019_tut06_bad01	reject	accept	ok	-
parse-only	tutorial/020_levelComp4	accept	accept	ok	-
parse-only	tutorial/021_levelComp5	accept	accept	ok	-
parse-only	tutorial/022_imax1	accept	accept	ok	-
parse-only	tutorial/023_imax2	accept	accept	ok	-
parse-only	tutorial/024_levelMaxComm	accept	accept	ok	-
parse-only	tutorial/025_levelMaxAssoc	accept	accept	ok	-
parse-only	tutorial/026_levelMaxIdem	accept	accept	ok	-
parse-only	tutorial/027_levelMaxAbsorb	accept	accept	ok	-
parse-only	tutorial/028_inferVar	accept	accept	ok	-
parse-only	tutorial/029_defEqLambda	accept	accept	ok	-
parse-only	tutorial/030_peano1	accept	accept	ok	-
parse-only	tutorial/031_peano2	accept	accept	ok	-
parse-only	tutorial/032_peano3	accept	accept	ok	-
parse-only	tutorial/033_letType	accept	accept	ok	-
parse-only	tutorial/034_letTypeDep	accept	accept	ok	-
parse-only	tutorial/035_letRed	accept	accept	ok	-
parse-only	tutorial/036_empty	accept	accept	ok	-
parse-only	tutorial/037_boolType	accept	accept	ok	-
parse-only	tutorial/038_twoBool	accept	accept	ok	-
parse-only	tutorial/039_andType	accept	accept	ok	-
parse-only	tutorial/040_prodType	accept	accept	ok	-
parse-only	tutorial/041_pprodType	accept	accept	ok	-
parse-only	tutorial/042_pUnitType	accept	accept	ok	-
parse-only	tutorial/043_eqType	accept	accept	ok	-
parse-only	tutorial/044_natDef	accept	accept	ok	-
parse-only	tutorial/045_rbTreeDef	accept	accept	ok	-
parse-only	tutorial/046_inductBadNonSort	reject	accept	ok	-
parse-only	tutorial/047_inductBadNonSort2	reject	accept	ok	-
parse-only	tutorial/048_inductLevelParam	reject	reject	malformed	line_7:_single-family_inductive_must_export_one_recursor
parse-only	tutorial/049_inductTooFewParams	reject	accept	ok	-
parse-only	tutorial/050_inductWrongCtorParams	reject	accept	ok	-
parse-only	tutorial/051_inductWrongCtorResParams	reject	accept	ok	-
parse-only	tutorial/052_inductWrongCtorResLevel	reject	accept	ok	-
parse-only	tutorial/053_inductInIndex	reject	reject	malformed	line_14:_exported_recursor_K-like_flag_differs_from_the_kernel-derived_one
parse-only	tutorial/054_indNeg	reject	accept	ok	-
parse-only	tutorial/055_reduceCtorParam.mk	accept	accept	ok	-
parse-only	tutorial/056_reduceCtorType.mk	reject	reject	malformed	line_26:_generated/exported_recursor_universe-parameter_arity_differs
parse-only	tutorial/057_indNegReducible	reject	accept	ok	-
parse-only	tutorial/058_predWithTypeField	accept	accept	ok	-
parse-only	tutorial/059_typeWithTypeField	accept	accept	ok	-
parse-only	tutorial/060_typeWithTypeFieldPoly	accept	accept	ok	-
parse-only	tutorial/061_typeWithTooHighTypeField.mk	reject	accept	ok	-
parse-only	tutorial/062_emptyRec	accept	accept	ok	-
parse-only	tutorial/063_boolRec	accept	accept	ok	-
parse-only	tutorial/064_twoBoolRec	accept	accept	ok	-
parse-only	tutorial/065_andRec	accept	accept	ok	-
parse-only	tutorial/066_prodRec	accept	accept	ok	-
parse-only	tutorial/067_pprodRec	accept	accept	ok	-
parse-only	tutorial/068_punitRec	accept	accept	ok	-
parse-only	tutorial/069_eqRec	accept	accept	ok	-
parse-only	tutorial/070_nRec	accept	accept	ok	-
parse-only	tutorial/071_rbTreeRef	accept	accept	ok	-
parse-only	tutorial/072_boolPropRec	accept	accept	ok	-
parse-only	tutorial/073_BogusRecursor	reject	reject	malformed	line_24:_generated/exported_recursor_universe-parameter_arity_differs
parse-only	tutorial/074_existsRec	accept	accept	ok	-
parse-only	tutorial/075_typeSingletonRecReduction	accept	accept	ok	-
parse-only	tutorial/076_sortElimPropRec	accept	accept	ok	-
parse-only	tutorial/077_sortElimProp2Rec	accept	accept	ok	-
parse-only	tutorial/078_boolRecEqns	accept	accept	ok	-
parse-only	tutorial/079_prodRecEqns	accept	accept	ok	-
parse-only	tutorial/080_nRecReduction	accept	accept	ok	-
parse-only	tutorial/081_listRecReduction	accept	accept	ok	-
parse-only	tutorial/082_RBTree.id_spec	accept	accept	ok	-
parse-only	tutorial/083_And.right	accept	accept	ok	-
parse-only	tutorial/084_Prod.snd	accept	accept	ok	-
parse-only	tutorial/085_PProd.snd	accept	accept	ok	-
parse-only	tutorial/086_PSigma.snd	accept	accept	ok	-
parse-only	tutorial/087_projOutOfRange	reject	accept	ok	-
parse-only	tutorial/088_projNotStruct	reject	accept	ok	-
parse-only	tutorial/089_projProp1	accept	accept	ok	-
parse-only	tutorial/090_projProp2	reject	accept	ok	-
parse-only	tutorial/091_projProp3	accept	accept	ok	-
parse-only	tutorial/092_projProp4	reject	accept	ok	-
parse-only	tutorial/093_projProp5	reject	accept	ok	-
parse-only	tutorial/094_projProp6	reject	accept	ok	-
parse-only	tutorial/095_projDataIndexRec	accept	accept	ok	-
parse-only	tutorial/096_projIndexData	reject	accept	ok	-
parse-only	tutorial/097_projIndexData2	reject	accept	ok	-
parse-only	tutorial/098_projRed	accept	accept	ok	-
parse-only	tutorial/099_ruleK	accept	accept	ok	-
parse-only	tutorial/100_ruleKbad	reject	accept	ok	-
parse-only	tutorial/101_ruleKAcc	reject	accept	ok	-
parse-only	tutorial/102_aNatLit	accept	accept	ok	-
parse-only	tutorial/103_natLitEq	accept	accept	ok	-
parse-only	tutorial/104_proofIrrelevance	accept	accept	ok	-
parse-only	tutorial/105_proofIrrelevanceBad	reject	accept	ok	-
parse-only	tutorial/106_proofIrrelevanceWhnf	accept	accept	ok	-
parse-only	tutorial/107_unitEta1	accept	accept	ok	-
parse-only	tutorial/108_unitEta2	accept	accept	ok	-
parse-only	tutorial/109_unitEta3	accept	accept	ok	-
parse-only	tutorial/110_indexedUnitEta	reject	accept	ok	-
parse-only	tutorial/111_structEta	accept	accept	ok	-
parse-only	tutorial/112_indexedStructEta	reject	accept	ok	-
parse-only	tutorial/113_funEta	accept	accept	ok	-
parse-only	tutorial/114_funEtaDep	accept	accept	ok	-
parse-only	tutorial/115_funEtaBad	reject	accept	ok	-
parse-only	tutorial/116_etaRuleK	reject	accept	ok	-
parse-only	tutorial/117_etaCtor	reject	accept	ok	-
parse-only	tutorial/118_reflOccLeft	reject	accept	ok	-
parse-only	tutorial/119_reflOccInIndex	reject	accept	ok	-
parse-only	tutorial/120_reduceCtorParamRefl.mk	accept	accept	ok	-
parse-only	tutorial/121_reduceCtorParamRefl2.mk	accept	accept	ok	-
parse-only	tutorial/122_rTreeRec	accept	accept	ok	-
parse-only	tutorial/123_rtreeRecReduction	accept	accept	ok	-
parse-only	tutorial/124_accRecType	accept	accept	ok	-
parse-only	tutorial/125_accRecReduction	accept	accept	ok	-
parse-only	tutorial/126_accRecNoEta	reject	accept	ok	-
parse-only	tutorial/127_quotMkType	accept	accept	ok	-
parse-only	tutorial/128_quotIndType	accept	accept	ok	-
parse-only	tutorial/129_quotLiftType	accept	accept	ok	-
parse-only	tutorial/130_quotSoundType	accept	accept	ok	-
parse-only	tutorial/131_quotLiftReduction	accept	accept	ok	-
parse-only	tutorial/132_quotIndReduction	accept	accept	ok	-
parse-only	tutorial/133_dup_defs	reject	accept	ok	-
parse-only	tutorial/134_dup_ind_def	reject	reject	malformed	line_10:_in:_expected_dense_name_index_4,_got_8
parse-only	tutorial/135_dup_ctor_def	reject	reject	malformed	line_10:_in:_expected_dense_name_index_4,_got_8
parse-only	tutorial/136_dup_rec_def	reject	reject	malformed	line_10:_in:_expected_dense_name_index_4,_got_8
parse-only	tutorial/137_misnamed_rec_user	reject	reject	malformed	line_9:_in:_expected_dense_name_index_5,_got_9
parse-only	tutorial/138_dup_rec_def2	reject	reject	malformed	line_11:_in:_expected_dense_name_index_5,_got_9
parse-only	tutorial/139_dup_ctor_rec	reject	reject	malformed	line_7:_in:_expected_dense_name_index_3,_got_6
parse-only	tutorial/140_DupConCon	reject	reject	malformed	line_8:_in:_expected_dense_name_index_4,_got_7
parse-only	tutorial/141_falseFromUnsafe	reject	decline	unsupported:declaration-unsafe-or-partial	line_20:_unsupported_lean4export_construct:_declaration-unsafe-or-partial
parse-only	tutorial/142_falseFromPartial	reject	decline	unsupported:declaration-unsafe-or-partial	line_20:_unsupported_lean4export_construct:_declaration-unsafe-or-partial
