file	declared	z3	z3_ms	base	base_ms	base_detail	ab	ab_ms	ab_detail	budget	budget_ms	budget_detail
/nas3/data/axeyum/corpus/smtlib-2024/non-incremental/non-incremental/QF_IDL/20210312-Bouvier/vlsat3_c48.smt2	unsat	other	24028	unknown	29130	unknown kind=Timeout detail: preprocessed dispatch timeout after reduced solve	unknown	29132	unknown kind=Timeout detail: preprocessed dispatch timeout after reduced solve	unknown	29130	unknown kind=Timeout detail: preprocessed dispatch timeout after reduced solve
/nas3/data/axeyum/corpus/smtlib-2024/non-incremental/non-incremental/QF_IDL/20210312-Bouvier/vlsat3_c00.smt2	unsat	other	24028	unknown	29130	unknown kind=Timeout detail: preprocessed dispatch timeout after reduced solve	unknown	29131	unknown kind=Timeout detail: preprocessed dispatch timeout after reduced solve	unknown	29131	unknown kind=Timeout detail: preprocessed dispatch timeout after reduced solve
/nas3/data/axeyum/corpus/smtlib-2024/non-incremental/non-incremental/QF_IDL/20210312-Bouvier/vlsat3_c24.smt2	unsat	other	24026	unknown	29130	unknown kind=Timeout detail: preprocessed dispatch timeout after reduced solve	unknown	29133	unknown kind=Timeout detail: preprocessed dispatch timeout after reduced solve	unknown	29130	unknown kind=Timeout detail: preprocessed dispatch timeout after reduced solve
/nas3/data/axeyum/corpus/smtlib-2024/non-incremental/non-incremental/QF_IDL/20210312-Bouvier/vlsat3_c12.smt2	unsat	other	24028	unknown	29130	unknown kind=Timeout detail: preprocessed dispatch timeout after reduced solve	unknown	29131	unknown kind=Timeout detail: preprocessed dispatch timeout after reduced solve	unknown	29131	unknown kind=Timeout detail: preprocessed dispatch timeout after reduced solve
/nas3/data/axeyum/corpus/smtlib-2024/non-incremental/non-incremental/QF_IDL/20210312-Bouvier/vlsat3_c36.smt2	unsat	other	24032	unknown	29230	unknown kind=Timeout detail: preprocessed dispatch timeout after reduced solve	unknown	29231	unknown kind=Timeout detail: preprocessed dispatch timeout after reduced solve	unknown	29333	unknown kind=Timeout detail: preprocessed dispatch timeout after reduced solve
/nas3/data/axeyum/corpus/smtlib-2024/non-incremental/non-incremental/QF_IDL/20210312-Bouvier/vlsat3_c60.smt2	unsat	other	24029	unknown	29132	unknown kind=Timeout detail: preprocessed dispatch timeout after reduced solve	unknown	29133	unknown kind=Timeout detail: preprocessed dispatch timeout after reduced solve	unknown	29135	unknown kind=Timeout detail: preprocessed dispatch timeout after reduced solve
/nas3/data/axeyum/corpus/smtlib-2024/non-incremental/non-incremental/QF_IDL/20210312-Bouvier/vlsat3_c96.smt2	unsat	other	24029	unknown	29132	unknown kind=Timeout detail: preprocessed dispatch timeout after reduced solve	unknown	29133	unknown kind=Timeout detail: preprocessed dispatch timeout after reduced solve	unknown	29135	unknown kind=Timeout detail: preprocessed dispatch timeout after reduced solve
/nas3/data/axeyum/corpus/smtlib-2024/non-incremental/non-incremental/QF_IDL/20210312-Bouvier/vlsat3_c84.smt2	unsat	other	24132	unknown	29434	unknown kind=Timeout detail: preprocessed dispatch timeout after reduced solve	unknown	29531	unknown kind=Timeout detail: preprocessed dispatch timeout after reduced solve	unknown	29535	unknown kind=Timeout detail: preprocessed dispatch timeout after reduced solve
/nas3/data/axeyum/corpus/smtlib-2024/non-incremental/non-incremental/QF_IDL/20210312-Bouvier/vlsat3_c72.smt2	unsat	other	24133	unknown	29732	unknown kind=Timeout detail: preprocessed dispatch timeout after reduced solve	unknown	29431	unknown kind=Timeout detail: preprocessed dispatch timeout after reduced solve	unknown	29733	unknown kind=Timeout detail: preprocessed dispatch timeout after reduced solve
/nas3/data/axeyum/corpus/smtlib-2024/non-incremental/non-incremental/QF_IDL/20210312-Bouvier/vlsat3_i08.smt2	sat	other	24029	unknown	29632	unknown kind=Timeout detail: preprocessed dispatch timeout after reduced solve	unknown	29632	unknown kind=Timeout detail: preprocessed dispatch timeout after reduced solve	unknown	29933	unknown kind=Timeout detail: preprocessed dispatch timeout after reduced solve
/nas3/data/axeyum/corpus/smtlib-2024/non-incremental/non-incremental/QF_IDL/20210312-Bouvier/vlsat3_i32.smt2	sat	other	24128	HARDKILL	32135		HARDKILL	32133		unknown	31532	unknown kind=Timeout detail: preprocessed dispatch timeout after reduced solve
/nas3/data/axeyum/corpus/smtlib-2024/non-incremental/non-incremental/QF_IDL/20210312-Bouvier/vlsat3_i56.smt2	sat	other	24227	unknown	29837	unknown kind=Timeout detail: preprocessed dispatch timeout after reduced solve	HARDKILL	32137		HARDKILL	32235	
/nas3/data/axeyum/corpus/smtlib-2024/non-incremental/non-incremental/QF_IDL/20210312-Bouvier/vlsat3_i20.smt2	sat	other	24128	HARDKILL	32135		HARDKILL	32133		HARDKILL	32132	
/nas3/data/axeyum/corpus/smtlib-2024/non-incremental/non-incremental/QF_IDL/20210312-Bouvier/vlsat3_i44.smt2	sat	other	24126	unknown	31833	unknown kind=Timeout detail: preprocessed dispatch timeout after reduced solve	unknown	32034	unknown kind=Timeout detail: preprocessed dispatch timeout after reduced solve	HARDKILL	32131	
/nas3/data/axeyum/corpus/smtlib-2024/non-incremental/non-incremental/QF_IDL/20210312-Bouvier/vlsat3_i68.smt2	sat	other	24127	HARDKILL	32135		HARDKILL	32236		HARDKILL	32134	
/nas3/data/axeyum/corpus/smtlib-2024/non-incremental/non-incremental/QF_IDL/20220214-jobshop-BohanLi/jobshop10-2-5-5-4-4-16.smt2	sat	sat	110	sat	1709		sat	1610		sat	1211	
/nas3/data/axeyum/corpus/smtlib-2024/non-incremental/non-incremental/QF_IDL/20220214-jobshop-BohanLi/jobshop16-2-8-8-4-4-16.smt2	sat	sat	212	sat	15720		sat	10316		sat	15623	
/nas3/data/axeyum/corpus/smtlib-2024/non-incremental/non-incremental/QF_IDL/20220214-RVpredict-BohanLi/RVpredict_13.smt2	sat	sat	539	unknown	26128	unknown kind=Timeout detail: preprocessed dispatch timeout after reduced solve	unknown	26127	unknown kind=Timeout detail: preprocessed dispatch timeout after reduced solve	unknown	26246	unknown kind=Timeout detail: preprocessed dispatch timeout after reduced solve
/nas3/data/axeyum/corpus/smtlib-2024/non-incremental/non-incremental/QF_IDL/20220214-jobshop-BohanLi/jobshop20-2-10-10-4-4-16.smt2	sat	sat	622	unknown	29132	unknown kind=Timeout detail: preprocessed dispatch timeout after reduced solve	unknown	29129	unknown kind=Timeout detail: preprocessed dispatch timeout after reduced solve	unknown	29147	unknown kind=Timeout detail: preprocessed dispatch timeout after reduced solve
/nas3/data/axeyum/corpus/smtlib-2024/non-incremental/non-incremental/QF_IDL/20210312-Bouvier/vlsat3_i92.smt2	sat	other	24063	unknown	30932	unknown kind=Timeout detail: preprocessed dispatch timeout after reduced solve	unknown	30628	unknown kind=Timeout detail: preprocessed dispatch timeout after reduced solve	HARDKILL	32341	
/nas3/data/axeyum/corpus/smtlib-2024/non-incremental/non-incremental/QF_IDL/20210312-Bouvier/vlsat3_i80.smt2	sat	other	24161	HARDKILL	32133		HARDKILL	32128		HARDKILL	32147	
/nas3/data/axeyum/corpus/smtlib-2024/non-incremental/non-incremental/QF_IDL/20220214-jobshop-BohanLi/jobshop26-2-13-13-4-4-16.smt2	sat	sat	7726	unknown	29134	unknown kind=Timeout detail: preprocessed dispatch timeout after reduced solve	unknown	29178	unknown kind=Timeout detail: preprocessed dispatch timeout after reduced solve	unknown	29247	unknown kind=Timeout detail: preprocessed dispatch timeout after reduced solve
/nas3/data/axeyum/corpus/smtlib-2024/non-incremental/non-incremental/QF_IDL/20220214-jobshop-BohanLi/jobshop32-2-16-16-4-4-16.smt2	sat	sat	22182	unknown	29251	unknown kind=Timeout detail: preprocessed dispatch timeout after reduced solve	unknown	29140	unknown kind=Timeout detail: preprocessed dispatch timeout after reduced solve	unknown	29275	unknown kind=Timeout detail: preprocessed dispatch timeout after reduced solve
/nas3/data/axeyum/corpus/smtlib-2024/non-incremental/non-incremental/QF_IDL/20220214-jobshop-BohanLi/jobshop6-2-3-3-4-4-16.smt2	sat	sat	111	sat	216		sat	220		sat	212	
/nas3/data/axeyum/corpus/smtlib-2024/non-incremental/non-incremental/QF_IDL/Averest/binary_search/BinarySearch_live_bgmc002.smt2	sat	sat	110	sat	111		sat	110		sat	111	
/nas3/data/axeyum/corpus/smtlib-2024/non-incremental/non-incremental/QF_IDL/Averest/buble_sort/BubbleSort_live_bgmc002.smt2	sat	sat	111	sat	111		sat	110		sat	110	
/nas3/data/axeyum/corpus/smtlib-2024/non-incremental/non-incremental/QF_IDL/Averest/buble_sort/BubbleSort_live_blmc003.smt2	sat	sat	113	sat	711		sat	810		sat	711	
/nas3/data/axeyum/corpus/smtlib-2024/non-incremental/non-incremental/QF_IDL/Averest/buble_sort/BubbleSort_safe_bgmc004.smt2	unsat	unsat	112	unsat	213		unsat	212		unsat	212	
/nas3/data/axeyum/corpus/smtlib-2024/non-incremental/non-incremental/QF_IDL/Averest/buble_sort/BubbleSort_safe_blmc004.smt2	unsat	unsat	511	unsat	913		unsat	913		unsat	911	
/nas3/data/axeyum/corpus/smtlib-2024/non-incremental/non-incremental/QF_IDL/20220214-jobshop-BohanLi/jobshop38-2-19-19-4-4-16.smt2	sat	other	24046	unknown	29464	unknown kind=Timeout detail: preprocessed dispatch timeout after reduced solve	unknown	29483	unknown kind=Timeout detail: preprocessed dispatch timeout after reduced solve	unknown	29404	unknown kind=Timeout detail: preprocessed dispatch timeout after reduced solve
/nas3/data/axeyum/corpus/smtlib-2024/non-incremental/non-incremental/QF_IDL/Averest/insertion_sort/InsertionSort_live_bgmc003.smt2	sat	sat	113	sat	210		sat	312		sat	312	
/nas3/data/axeyum/corpus/smtlib-2024/non-incremental/non-incremental/QF_IDL/Averest/insertion_sort/InsertionSort_live_blmc004.smt2	sat	sat	210	sat	2914		sat	2512		sat	2712	
/nas3/data/axeyum/corpus/smtlib-2024/non-incremental/non-incremental/QF_IDL/Averest/insertion_sort/InsertionSort_safe_bgmc005.smt2	sat	sat	110	sat	309		sat	410		sat	410	
/nas3/data/axeyum/corpus/smtlib-2024/non-incremental/non-incremental/QF_IDL/Averest/linear_search/LinearSearch_live_bgmc005.smt2	unsat	unsat	110	unsat	109		unsat	109		unsat	109	
/nas3/data/axeyum/corpus/smtlib-2024/non-incremental/non-incremental/QF_IDL/Averest/min_max/MinMax_safe_bgmc000.smt2	unsat	unsat	109	unsat	109		unsat	109		unsat	110	
/nas3/data/axeyum/corpus/smtlib-2024/non-incremental/non-incremental/QF_IDL/Averest/parallel_search/ParallelSearch_safe_bgmc000.smt2	unsat	unsat	109	unsat	109		unsat	109		unsat	109	
/nas3/data/axeyum/corpus/smtlib-2024/non-incremental/non-incremental/QF_IDL/Averest/partition/Partition_live_blmc004.smt2	unsat	unsat	114	unsat	409		unsat	409		unsat	411	
/nas3/data/axeyum/corpus/smtlib-2024/non-incremental/non-incremental/QF_IDL/Averest/selection_sort/SelectionSort_live_bgmc002.smt2	sat	sat	124	sat	211		sat	114		sat	117	
/nas3/data/axeyum/corpus/smtlib-2024/non-incremental/non-incremental/QF_IDL/Averest/selection_sort/SelectionSort_live_blmc004.smt2	sat	sat	111	sat	1421		sat	1108		sat	1510	
/nas3/data/axeyum/corpus/smtlib-2024/non-incremental/non-incremental/QF_IDL/Averest/selection_sort/SelectionSort_safe_bgmc006.smt2	unsat	unsat	112	unsat	312		unsat	311		unsat	311	
/nas3/data/axeyum/corpus/smtlib-2024/non-incremental/non-incremental/QF_IDL/20220214-jobshop-BohanLi/jobshop42-2-21-21-4-4-16.smt2	sat	other	24044	unknown	29453	unknown kind=Timeout detail: preprocessed dispatch timeout after reduced solve	unknown	29637	unknown kind=Timeout detail: preprocessed dispatch timeout after reduced solve	unknown	29562	unknown kind=Timeout detail: preprocessed dispatch timeout after reduced solve
/nas3/data/axeyum/corpus/smtlib-2024/non-incremental/non-incremental/QF_IDL/Averest/sorting_network/SortingNetwork4_live_bgmc003.smt2	sat	sat	109	sat	108		sat	108		sat	108	
/nas3/data/axeyum/corpus/smtlib-2024/non-incremental/non-incremental/QF_IDL/Averest/sorting_network/SortingNetwork4_safe_blmc002.smt2	unsat	unsat	109	unsat	109		unsat	108		unsat	108	
/nas3/data/axeyum/corpus/smtlib-2024/non-incremental/non-incremental/QF_IDL/20220214-jobshop-BohanLi/jobshop48-2-24-24-4-4-16.smt2	sat	other	24027	unknown	29977	unknown kind=Timeout detail: preprocessed dispatch timeout after reduced solve	unknown	29996	unknown kind=Timeout detail: preprocessed dispatch timeout after reduced solve	unknown	29764	unknown kind=Timeout detail: preprocessed dispatch timeout after reduced solve
/nas3/data/axeyum/corpus/smtlib-2024/non-incremental/non-incremental/QF_IDL/Averest/sorting_network/SortingNetwork8_safe_blmc000.smt2	unsat	unsat	110	unsat	111		unsat	111		unsat	111	
/nas3/data/axeyum/corpus/smtlib-2024/non-incremental/non-incremental/QF_IDL/DTP/DTP_k2_n35_c175_s10.smt2	sat	sat	108	sat	410		sat	410		sat	309	
/nas3/data/axeyum/corpus/smtlib-2024/non-incremental/non-incremental/QF_IDL/Averest/selection_sort/SelectionSort_safe_blmc007.smt2	sat	sat	909	sat	3717		sat	2509		sat	3611	
/nas3/data/axeyum/corpus/smtlib-2024/non-incremental/non-incremental/QF_IDL/Averest/sorting_network/SortingNetwork8_live_blmc003.smt2	sat	sat	109	sat	2310		sat	1611		sat	2511	
/nas3/data/axeyum/corpus/smtlib-2024/non-incremental/non-incremental/QF_IDL/DTP/DTP_k2_n35_c175_s3.smt2	sat	sat	110	sat	2210		sat	2310		sat	2410	
/nas3/data/axeyum/corpus/smtlib-2024/non-incremental/non-incremental/QF_IDL/20220214-jobshop-BohanLi/jobshop54-2-27-27-4-4-16.smt2	sat	other	24051	unknown	30730	unknown kind=Timeout detail: preprocessed dispatch timeout after reduced solve	unknown	29768	unknown kind=Timeout detail: preprocessed dispatch timeout after reduced solve	unknown	30136	unknown kind=Timeout detail: preprocessed dispatch timeout after reduced solve
/nas3/data/axeyum/corpus/smtlib-2024/non-incremental/non-incremental/QF_IDL/RTCL/b01_tf_20/ckt_PROP0_tf_20.smt2	unsat	unsat	116	unsat	220		unsat	214		unsat	118	
/nas3/data/axeyum/corpus/smtlib-2024/non-incremental/non-incremental/QF_IDL/RTCL/b13_tf_15/ckt_PROP3_tf_15.smt2	unsat	unsat	122	unsat	221		unsat	127		unsat	129	
/nas3/data/axeyum/corpus/smtlib-2024/non-incremental/non-incremental/QF_IDL/RTCL/b13_tf_25/ckt_PROP8_tf_25.smt2	unsat	unsat	119	unsat	223		unsat	220		unsat	215	
/nas3/data/axeyum/corpus/smtlib-2024/non-incremental/non-incremental/QF_IDL/DTP/DTP_k2_n35_c210_s14.smt2	unsat	unsat	128	unsat	6814		unsat	7327		unsat	8346	
/nas3/data/axeyum/corpus/smtlib-2024/non-incremental/non-incremental/QF_IDL/DTP/DTP_k2_n35_c210_s7.smt2	sat	sat	121	sat	10421		sat	12051		sat	11967	
/nas3/data/axeyum/corpus/smtlib-2024/non-incremental/non-incremental/QF_IDL/Averest/buble_sort/BubbleSort_safe_blmc016.smt2	unsat	other	24068	HARDKILL	32147		HARDKILL	32142		HARDKILL	32198	
/nas3/data/axeyum/corpus/smtlib-2024/non-incremental/non-incremental/QF_IDL/DTP/DTP_k2_n35_c245_s18.smt2	unsat	unsat	109	HARDKILL	32185		HARDKILL	32221		HARDKILL	32180	
/nas3/data/axeyum/corpus/smtlib-2024/non-incremental/non-incremental/QF_IDL/asp/BlockedNQueens/156.48.1960.36.1721325133.dat.smt2	unsat	unsat	3212	unknown	21371	unknown kind=ResourceLimit detail: lazy linear arithmetic pre-SAT skeleton exceeds the joint resource boundary (atoms=7477, cnf_vars=34942, base_trigger=>1024/>4096, moderate_envelope<=1280/<=8192, initial_clauses=0, blocking_lemmas=0); declining before the first SAT round	unknown	21370	unknown kind=ResourceLimit detail: lazy linear arithmetic pre-SAT skeleton exceeds the joint resource boundary (atoms=7477, cnf_vars=34942, base_trigger=>1024/>4096, moderate_envelope<=1280/<=8192, initial_clauses=0, blocking_lemmas=0); declining before the first SAT round	unknown	21259	unknown kind=ResourceLimit detail: lazy linear arithmetic pre-SAT skeleton exceeds the joint resource boundary (atoms=7477, cnf_vars=34942, base_trigger=>1024/>4096, moderate_envelope<=1280/<=8192, initial_clauses=0, blocking_lemmas=0); declining before the first SAT round
/nas3/data/axeyum/corpus/smtlib-2024/non-incremental/non-incremental/QF_IDL/asp/BlockedNQueens/156.48.1960.36.1721259656.dat.smt2	sat	other	24039	unknown	21475	unknown kind=ResourceLimit detail: lazy linear arithmetic pre-SAT skeleton exceeds the joint resource boundary (atoms=8413, cnf_vars=37522, base_trigger=>1024/>4096, moderate_envelope<=1280/<=8192, initial_clauses=0, blocking_lemmas=0); declining before the first SAT round	unknown	21487	unknown kind=ResourceLimit detail: lazy linear arithmetic pre-SAT skeleton exceeds the joint resource boundary (atoms=8413, cnf_vars=37522, base_trigger=>1024/>4096, moderate_envelope<=1280/<=8192, initial_clauses=0, blocking_lemmas=0); declining before the first SAT round	unknown	21455	unknown kind=ResourceLimit detail: lazy linear arithmetic pre-SAT skeleton exceeds the joint resource boundary (atoms=8413, cnf_vars=37522, base_trigger=>1024/>4096, moderate_envelope<=1280/<=8192, initial_clauses=0, blocking_lemmas=0); declining before the first SAT round
/nas3/data/axeyum/corpus/smtlib-2024/non-incremental/non-incremental/QF_IDL/asp/15Puzzle/15-puzzle.init14.smt2	sat	other	24034	unknown	22293	unknown kind=ResourceLimit detail: lazy linear arithmetic pre-SAT skeleton exceeds the joint resource boundary (atoms=6517, cnf_vars=137087, base_trigger=>1024/>4096, moderate_envelope<=1280/<=8192, initial_clauses=0, blocking_lemmas=0); declining before the first SAT round	unknown	22383	unknown kind=ResourceLimit detail: lazy linear arithmetic pre-SAT skeleton exceeds the joint resource boundary (atoms=6517, cnf_vars=137087, base_trigger=>1024/>4096, moderate_envelope<=1280/<=8192, initial_clauses=0, blocking_lemmas=0); declining before the first SAT round	unknown	22269	unknown kind=ResourceLimit detail: lazy linear arithmetic pre-SAT skeleton exceeds the joint resource boundary (atoms=6517, cnf_vars=137087, base_trigger=>1024/>4096, moderate_envelope<=1280/<=8192, initial_clauses=0, blocking_lemmas=0); declining before the first SAT round
/nas3/data/axeyum/corpus/smtlib-2024/non-incremental/non-incremental/QF_IDL/asp/BlockedNQueens/156.48.1960.36.1721347806.dat.smt2	sat	other	24029	unknown	21331	unknown kind=ResourceLimit detail: lazy linear arithmetic pre-SAT skeleton exceeds the joint resource boundary (atoms=8448, cnf_vars=37627, base_trigger=>1024/>4096, moderate_envelope<=1280/<=8192, initial_clauses=0, blocking_lemmas=0); declining before the first SAT round	unknown	21328	unknown kind=ResourceLimit detail: lazy linear arithmetic pre-SAT skeleton exceeds the joint resource boundary (atoms=8448, cnf_vars=37627, base_trigger=>1024/>4096, moderate_envelope<=1280/<=8192, initial_clauses=0, blocking_lemmas=0); declining before the first SAT round	unknown	21432	unknown kind=ResourceLimit detail: lazy linear arithmetic pre-SAT skeleton exceeds the joint resource boundary (atoms=8448, cnf_vars=37627, base_trigger=>1024/>4096, moderate_envelope<=1280/<=8192, initial_clauses=0, blocking_lemmas=0); declining before the first SAT round
/nas3/data/axeyum/corpus/smtlib-2024/non-incremental/non-incremental/QF_IDL/asp/ChannelRouting/channelRoute.in9.smt2	sat	sat	3312	unknown	22728	unknown kind=ResourceLimit detail: lazy linear arithmetic pre-SAT skeleton exceeds the joint resource boundary (atoms=11664, cnf_vars=242902, base_trigger=>1024/>4096, moderate_envelope<=1280/<=8192, initial_clauses=0, blocking_lemmas=0); declining before the first SAT round	unknown	23133	unknown kind=ResourceLimit detail: lazy linear arithmetic pre-SAT skeleton exceeds the joint resource boundary (atoms=11664, cnf_vars=242902, base_trigger=>1024/>4096, moderate_envelope<=1280/<=8192, initial_clauses=0, blocking_lemmas=0); declining before the first SAT round	unknown	22830	unknown kind=ResourceLimit detail: lazy linear arithmetic pre-SAT skeleton exceeds the joint resource boundary (atoms=11664, cnf_vars=242902, base_trigger=>1024/>4096, moderate_envelope<=1280/<=8192, initial_clauses=0, blocking_lemmas=0); declining before the first SAT round
/nas3/data/axeyum/corpus/smtlib-2024/non-incremental/non-incremental/QF_IDL/asp/EdgeMatching/edge-matching-width=7-height=7-colours=11.smt2	sat	other	110	unknown	24433	unknown kind=ResourceLimit detail: lazy linear arithmetic pre-SAT skeleton exceeds the joint resource boundary (atoms=40278, cnf_vars=314575, base_trigger=>1024/>4096, moderate_envelope<=1280/<=8192, initial_clauses=0, blocking_lemmas=0); declining before the first SAT round	unknown	23530	unknown kind=ResourceLimit detail: lazy linear arithmetic pre-SAT skeleton exceeds the joint resource boundary (atoms=40278, cnf_vars=314575, base_trigger=>1024/>4096, moderate_envelope<=1280/<=8192, initial_clauses=0, blocking_lemmas=0); declining before the first SAT round	unknown	23429	unknown kind=ResourceLimit detail: lazy linear arithmetic pre-SAT skeleton exceeds the joint resource boundary (atoms=40278, cnf_vars=314575, base_trigger=>1024/>4096, moderate_envelope<=1280/<=8192, initial_clauses=0, blocking_lemmas=0); declining before the first SAT round
/nas3/data/axeyum/corpus/smtlib-2024/non-incremental/non-incremental/QF_IDL/asp/ConnectedDominatingSet/rand_55_250_1235855873_0_k=8_sat.gph.smt2	sat	other	111	HARDKILL	32139		HARDKILL	32140		HARDKILL	32140	
/nas3/data/axeyum/corpus/smtlib-2024/non-incremental/non-incremental/QF_IDL/asp/DisjunctiveScheduling/disjunctiveScheduling.in7.smt2	sat	other	24351	HARDKILL	32241		unknown	29939	unknown kind=Timeout detail: preprocessed dispatch timeout after reduced solve	HARDKILL	32338	
/nas3/data/axeyum/corpus/smtlib-2024/non-incremental/non-incremental/QF_IDL/asp/Fastfood/a7.3.0.tweaked.3.asp.smt2	sat	sat	2636	unknown	23230	unknown kind=ResourceLimit detail: lazy linear arithmetic pre-SAT skeleton exceeds the joint resource boundary (atoms=6511, cnf_vars=330420, base_trigger=>1024/>4096, moderate_envelope<=1280/<=8192, initial_clauses=0, blocking_lemmas=0); declining before the first SAT round	unknown	23741	unknown kind=ResourceLimit detail: lazy linear arithmetic pre-SAT skeleton exceeds the joint resource boundary (atoms=6511, cnf_vars=330420, base_trigger=>1024/>4096, moderate_envelope<=1280/<=8192, initial_clauses=0, blocking_lemmas=0); declining before the first SAT round	unknown	24186	unknown kind=ResourceLimit detail: lazy linear arithmetic pre-SAT skeleton exceeds the joint resource boundary (atoms=6511, cnf_vars=330420, base_trigger=>1024/>4096, moderate_envelope<=1280/<=8192, initial_clauses=0, blocking_lemmas=0); declining before the first SAT round
/nas3/data/axeyum/corpus/smtlib-2024/non-incremental/non-incremental/QF_IDL/asp/EdgeMatching/edge-matching-width=9-height=9-colours=12.smt2	sat	other	122	unknown	30737	unknown kind=Timeout detail: preprocessed dispatch timeout after reduced solve	HARDKILL	32232		HARDKILL	32320	
/nas3/data/axeyum/corpus/smtlib-2024/non-incremental/non-incremental/QF_IDL/asp/GeneralizedSlitherlink/penrose.34.asp.smt2	sat	sat	925	unknown	21431	unknown kind=ResourceLimit detail: lazy linear arithmetic pre-SAT skeleton exceeds the joint resource boundary (atoms=7751, cnf_vars=44355, base_trigger=>1024/>4096, moderate_envelope<=1280/<=8192, initial_clauses=0, blocking_lemmas=0); declining before the first SAT round	unknown	21496	unknown kind=ResourceLimit detail: lazy linear arithmetic pre-SAT skeleton exceeds the joint resource boundary (atoms=7751, cnf_vars=44355, base_trigger=>1024/>4096, moderate_envelope<=1280/<=8192, initial_clauses=0, blocking_lemmas=0); declining before the first SAT round	unknown	21409	unknown kind=ResourceLimit detail: lazy linear arithmetic pre-SAT skeleton exceeds the joint resource boundary (atoms=7751, cnf_vars=44355, base_trigger=>1024/>4096, moderate_envelope<=1280/<=8192, initial_clauses=0, blocking_lemmas=0); declining before the first SAT round
/nas3/data/axeyum/corpus/smtlib-2024/non-incremental/non-incremental/QF_IDL/asp/Fastfood/a9.8.11.asp.smt2	unsat	unsat	1039	HARDKILL	32142		HARDKILL	32194		HARDKILL	32218	
/nas3/data/axeyum/corpus/smtlib-2024/non-incremental/non-incremental/QF_IDL/asp/GeneralizedSlitherlink/trisquares.41.asp.smt2	sat	sat	5238	unknown	21894	unknown kind=ResourceLimit detail: lazy linear arithmetic pre-SAT skeleton exceeds the joint resource boundary (atoms=11859, cnf_vars=69133, base_trigger=>1024/>4096, moderate_envelope<=1280/<=8192, initial_clauses=0, blocking_lemmas=0); declining before the first SAT round	unknown	21804	unknown kind=ResourceLimit detail: lazy linear arithmetic pre-SAT skeleton exceeds the joint resource boundary (atoms=11859, cnf_vars=69133, base_trigger=>1024/>4096, moderate_envelope<=1280/<=8192, initial_clauses=0, blocking_lemmas=0); declining before the first SAT round	unknown	21563	unknown kind=ResourceLimit detail: lazy linear arithmetic pre-SAT skeleton exceeds the joint resource boundary (atoms=11859, cnf_vars=69133, base_trigger=>1024/>4096, moderate_envelope<=1280/<=8192, initial_clauses=0, blocking_lemmas=0); declining before the first SAT round
/nas3/data/axeyum/corpus/smtlib-2024/non-incremental/non-incremental/QF_IDL/asp/GraphColouring/graph-colouring-nodes=130-density=0.1-instance=10.smt2	sat	other	119	unknown	21391	unknown kind=ResourceLimit detail: lazy linear arithmetic pre-SAT skeleton exceeds the joint resource boundary (atoms=5460, cnf_vars=42078, base_trigger=>1024/>4096, moderate_envelope<=1280/<=8192, initial_clauses=0, blocking_lemmas=0); declining before the first SAT round	unknown	21437	unknown kind=ResourceLimit detail: lazy linear arithmetic pre-SAT skeleton exceeds the joint resource boundary (atoms=5460, cnf_vars=42078, base_trigger=>1024/>4096, moderate_envelope<=1280/<=8192, initial_clauses=0, blocking_lemmas=0); declining before the first SAT round	unknown	21352	unknown kind=ResourceLimit detail: lazy linear arithmetic pre-SAT skeleton exceeds the joint resource boundary (atoms=5460, cnf_vars=42078, base_trigger=>1024/>4096, moderate_envelope<=1280/<=8192, initial_clauses=0, blocking_lemmas=0); declining before the first SAT round
/nas3/data/axeyum/corpus/smtlib-2024/non-incremental/non-incremental/QF_IDL/asp/GraphPartitioning/rand_15_75_1235849326_0_k=3_v=7_e=30_sat.gph.smt2	sat	other	124	unknown	21198	unknown kind=ResourceLimit detail: lazy linear arithmetic pre-SAT skeleton exceeds the joint resource boundary (atoms=2199, cnf_vars=14670, base_trigger=>1024/>4096, moderate_envelope<=1280/<=8192, initial_clauses=0, blocking_lemmas=0); declining before the first SAT round	unknown	21204	unknown kind=ResourceLimit detail: lazy linear arithmetic pre-SAT skeleton exceeds the joint resource boundary (atoms=2199, cnf_vars=14670, base_trigger=>1024/>4096, moderate_envelope<=1280/<=8192, initial_clauses=0, blocking_lemmas=0); declining before the first SAT round	unknown	21195	unknown kind=ResourceLimit detail: lazy linear arithmetic pre-SAT skeleton exceeds the joint resource boundary (atoms=2199, cnf_vars=14670, base_trigger=>1024/>4096, moderate_envelope<=1280/<=8192, initial_clauses=0, blocking_lemmas=0); declining before the first SAT round
/nas3/data/axeyum/corpus/smtlib-2024/non-incremental/non-incremental/QF_IDL/asp/GraphColouring/graph-colouring-nodes=140-density=0.1-instance=9.smt2	unsat	other	126	unknown	21387	unknown kind=ResourceLimit detail: lazy linear arithmetic pre-SAT skeleton exceeds the joint resource boundary (atoms=5880, cnf_vars=49936, base_trigger=>1024/>4096, moderate_envelope<=1280/<=8192, initial_clauses=0, blocking_lemmas=0); declining before the first SAT round	unknown	21401	unknown kind=ResourceLimit detail: lazy linear arithmetic pre-SAT skeleton exceeds the joint resource boundary (atoms=5880, cnf_vars=49936, base_trigger=>1024/>4096, moderate_envelope<=1280/<=8192, initial_clauses=0, blocking_lemmas=0); declining before the first SAT round	unknown	21466	unknown kind=ResourceLimit detail: lazy linear arithmetic pre-SAT skeleton exceeds the joint resource boundary (atoms=5880, cnf_vars=49936, base_trigger=>1024/>4096, moderate_envelope<=1280/<=8192, initial_clauses=0, blocking_lemmas=0); declining before the first SAT round
/nas3/data/axeyum/corpus/smtlib-2024/non-incremental/non-incremental/QF_IDL/asp/HamiltonianPath/gryzzles.12.lp.smt2	sat	sat	422	unknown	21270	unknown kind=ResourceLimit detail: lazy linear arithmetic pre-SAT skeleton exceeds the joint resource boundary (atoms=5359, cnf_vars=21540, base_trigger=>1024/>4096, moderate_envelope<=1280/<=8192, initial_clauses=0, blocking_lemmas=0); declining before the first SAT round	unknown	21264	unknown kind=ResourceLimit detail: lazy linear arithmetic pre-SAT skeleton exceeds the joint resource boundary (atoms=5359, cnf_vars=21540, base_trigger=>1024/>4096, moderate_envelope<=1280/<=8192, initial_clauses=0, blocking_lemmas=0); declining before the first SAT round	unknown	21210	unknown kind=ResourceLimit detail: lazy linear arithmetic pre-SAT skeleton exceeds the joint resource boundary (atoms=5359, cnf_vars=21540, base_trigger=>1024/>4096, moderate_envelope<=1280/<=8192, initial_clauses=0, blocking_lemmas=0); declining before the first SAT round
/nas3/data/axeyum/corpus/smtlib-2024/non-incremental/non-incremental/QF_IDL/asp/HamiltonianPath/gryzzles.31.lp.smt2	sat	sat	1440	unknown	21594	unknown kind=ResourceLimit detail: lazy linear arithmetic pre-SAT skeleton exceeds the joint resource boundary (atoms=7663, cnf_vars=29312, base_trigger=>1024/>4096, moderate_envelope<=1280/<=8192, initial_clauses=0, blocking_lemmas=0); declining before the first SAT round	unknown	21377	unknown kind=ResourceLimit detail: lazy linear arithmetic pre-SAT skeleton exceeds the joint resource boundary (atoms=7663, cnf_vars=29312, base_trigger=>1024/>4096, moderate_envelope<=1280/<=8192, initial_clauses=0, blocking_lemmas=0); declining before the first SAT round	unknown	21483	unknown kind=ResourceLimit detail: lazy linear arithmetic pre-SAT skeleton exceeds the joint resource boundary (atoms=7663, cnf_vars=29312, base_trigger=>1024/>4096, moderate_envelope<=1280/<=8192, initial_clauses=0, blocking_lemmas=0); declining before the first SAT round
/nas3/data/axeyum/corpus/smtlib-2024/non-incremental/non-incremental/QF_IDL/asp/HamiltonianPath/gryzzles.7.lp.smt2	sat	sat	811	unknown	21274	unknown kind=ResourceLimit detail: lazy linear arithmetic pre-SAT skeleton exceeds the joint resource boundary (atoms=7053, cnf_vars=26910, base_trigger=>1024/>4096, moderate_envelope<=1280/<=8192, initial_clauses=0, blocking_lemmas=0); declining before the first SAT round	unknown	21255	unknown kind=ResourceLimit detail: lazy linear arithmetic pre-SAT skeleton exceeds the joint resource boundary (atoms=7053, cnf_vars=26910, base_trigger=>1024/>4096, moderate_envelope<=1280/<=8192, initial_clauses=0, blocking_lemmas=0); declining before the first SAT round	unknown	21267	unknown kind=ResourceLimit detail: lazy linear arithmetic pre-SAT skeleton exceeds the joint resource boundary (atoms=7053, cnf_vars=26910, base_trigger=>1024/>4096, moderate_envelope<=1280/<=8192, initial_clauses=0, blocking_lemmas=0); declining before the first SAT round
/nas3/data/axeyum/corpus/smtlib-2024/non-incremental/non-incremental/QF_IDL/asp/HierarchicalClustering/xy.12.x.12.r.3.274440616.806497.data_k=3_l=4_sat.gph.smt2	sat	other	110	unknown	21757	unknown kind=ResourceLimit detail: lazy linear arithmetic pre-SAT skeleton exceeds the joint resource boundary (atoms=17416, cnf_vars=87748, base_trigger=>1024/>4096, moderate_envelope<=1280/<=8192, initial_clauses=0, blocking_lemmas=0); declining before the first SAT round	unknown	21869	unknown kind=ResourceLimit detail: lazy linear arithmetic pre-SAT skeleton exceeds the joint resource boundary (atoms=17416, cnf_vars=87748, base_trigger=>1024/>4096, moderate_envelope<=1280/<=8192, initial_clauses=0, blocking_lemmas=0); declining before the first SAT round	unknown	21735	unknown kind=ResourceLimit detail: lazy linear arithmetic pre-SAT skeleton exceeds the joint resource boundary (atoms=17416, cnf_vars=87748, base_trigger=>1024/>4096, moderate_envelope<=1280/<=8192, initial_clauses=0, blocking_lemmas=0); declining before the first SAT round
/nas3/data/axeyum/corpus/smtlib-2024/non-incremental/non-incremental/QF_IDL/asp/MazeGeneration/maze-generation-width=10-height=10-density=0.01-run=2.smt2	unsat	other	112	unsat	1112		unsat	1311		unsat	1211	
/nas3/data/axeyum/corpus/smtlib-2024/non-incremental/non-incremental/QF_IDL/asp/Hanoi/mgs_towers-hanoi.73_7.smt2	sat	other	24131	unknown	23285	unknown kind=ResourceLimit detail: lazy linear arithmetic pre-SAT skeleton exceeds the joint resource boundary (atoms=24896, cnf_vars=252085, base_trigger=>1024/>4096, moderate_envelope<=1280/<=8192, initial_clauses=0, blocking_lemmas=0); declining before the first SAT round	unknown	23374	unknown kind=ResourceLimit detail: lazy linear arithmetic pre-SAT skeleton exceeds the joint resource boundary (atoms=24896, cnf_vars=252085, base_trigger=>1024/>4096, moderate_envelope<=1280/<=8192, initial_clauses=0, blocking_lemmas=0); declining before the first SAT round	unknown	22628	unknown kind=ResourceLimit detail: lazy linear arithmetic pre-SAT skeleton exceeds the joint resource boundary (atoms=24896, cnf_vars=252085, base_trigger=>1024/>4096, moderate_envelope<=1280/<=8192, initial_clauses=0, blocking_lemmas=0); declining before the first SAT round
/nas3/data/axeyum/corpus/smtlib-2024/non-incremental/non-incremental/QF_IDL/asp/KnightTour/knightTour.in05.smt2	unknown	other	24030	unknown	22581	unknown kind=ResourceLimit detail: lazy linear arithmetic pre-SAT skeleton exceeds the joint resource boundary (atoms=29136, cnf_vars=122353, base_trigger=>1024/>4096, moderate_envelope<=1280/<=8192, initial_clauses=0, blocking_lemmas=0); declining before the first SAT round	unknown	22438	unknown kind=ResourceLimit detail: lazy linear arithmetic pre-SAT skeleton exceeds the joint resource boundary (atoms=29136, cnf_vars=122353, base_trigger=>1024/>4096, moderate_envelope<=1280/<=8192, initial_clauses=0, blocking_lemmas=0); declining before the first SAT round	unknown	21826	unknown kind=ResourceLimit detail: lazy linear arithmetic pre-SAT skeleton exceeds the joint resource boundary (atoms=29136, cnf_vars=122353, base_trigger=>1024/>4096, moderate_envelope<=1280/<=8192, initial_clauses=0, blocking_lemmas=0); declining before the first SAT round
/nas3/data/axeyum/corpus/smtlib-2024/non-incremental/non-incremental/QF_IDL/asp/MazeGeneration/maze-generation-width=16-height=16-density=0.01-run=1.smt2	unsat	other	116	unsat	19626		unsat	20528		unsat	21042	
/nas3/data/axeyum/corpus/smtlib-2024/non-incremental/non-incremental/QF_IDL/asp/MazeGeneration/maze-generation-width=19-height=19-density=0.01-run=5.smt2	sat	other	118	unknown	18224	unknown kind=ResourceLimit detail: lazy linear arithmetic pre-SAT skeleton exceeds the joint resource boundary (atoms=1084, cnf_vars=31944, base_trigger=>1024/>4096, moderate_envelope<=1280/<=8192, initial_clauses=0, blocking_lemmas=0); declining before the first SAT round	unknown	18334	unknown kind=ResourceLimit detail: lazy linear arithmetic pre-SAT skeleton exceeds the joint resource boundary (atoms=1084, cnf_vars=31944, base_trigger=>1024/>4096, moderate_envelope<=1280/<=8192, initial_clauses=0, blocking_lemmas=0); declining before the first SAT round	unknown	18292	unknown kind=ResourceLimit detail: lazy linear arithmetic pre-SAT skeleton exceeds the joint resource boundary (atoms=1084, cnf_vars=31944, base_trigger=>1024/>4096, moderate_envelope<=1280/<=8192, initial_clauses=0, blocking_lemmas=0); declining before the first SAT round
/nas3/data/axeyum/corpus/smtlib-2024/non-incremental/non-incremental/QF_IDL/asp/Labyrinth/laby_18_18_14.lp.smt2	sat	other	24292	HARDKILL	32150		HARDKILL	32236		HARDKILL	32455	
/nas3/data/axeyum/corpus/smtlib-2024/non-incremental/non-incremental/QF_IDL/asp/Labyrinth/laby_21_21_12.lp.smt2	sat	other	24157	unknown	31934	unknown kind=Timeout detail: preprocessed dispatch timeout after reduced solve	HARDKILL	32338		HARDKILL	32369	
/nas3/data/axeyum/corpus/smtlib-2024/non-incremental/non-incremental/QF_IDL/asp/SchurNumbers/15.3.schur.lp.smt2	sat	sat	10219	unknown	21635	unknown kind=ResourceLimit detail: lazy linear arithmetic pre-SAT skeleton exceeds the joint resource boundary (atoms=4710, cnf_vars=89059, base_trigger=>1024/>4096, moderate_envelope<=1280/<=8192, initial_clauses=0, blocking_lemmas=0); declining before the first SAT round	unknown	21697	unknown kind=ResourceLimit detail: lazy linear arithmetic pre-SAT skeleton exceeds the joint resource boundary (atoms=4710, cnf_vars=89059, base_trigger=>1024/>4096, moderate_envelope<=1280/<=8192, initial_clauses=0, blocking_lemmas=0); declining before the first SAT round	unknown	21650	unknown kind=ResourceLimit detail: lazy linear arithmetic pre-SAT skeleton exceeds the joint resource boundary (atoms=4710, cnf_vars=89059, base_trigger=>1024/>4096, moderate_envelope<=1280/<=8192, initial_clauses=0, blocking_lemmas=0); declining before the first SAT round
/nas3/data/axeyum/corpus/smtlib-2024/non-incremental/non-incremental/QF_IDL/asp/SchurNumbers/20.18.schur.lp.smt2	unsat	unsat	3820	unknown	21682	unknown kind=ResourceLimit detail: lazy linear arithmetic pre-SAT skeleton exceeds the joint resource boundary (atoms=4412, cnf_vars=72055, base_trigger=>1024/>4096, moderate_envelope<=1280/<=8192, initial_clauses=0, blocking_lemmas=0); declining before the first SAT round	unknown	21535	unknown kind=ResourceLimit detail: lazy linear arithmetic pre-SAT skeleton exceeds the joint resource boundary (atoms=4412, cnf_vars=72055, base_trigger=>1024/>4096, moderate_envelope<=1280/<=8192, initial_clauses=0, blocking_lemmas=0); declining before the first SAT round	unknown	21538	unknown kind=ResourceLimit detail: lazy linear arithmetic pre-SAT skeleton exceeds the joint resource boundary (atoms=4412, cnf_vars=72055, base_trigger=>1024/>4096, moderate_envelope<=1280/<=8192, initial_clauses=0, blocking_lemmas=0); declining before the first SAT round
/nas3/data/axeyum/corpus/smtlib-2024/non-incremental/non-incremental/QF_IDL/asp/Sokoban/dimitri_yorick.59.steps.8.asp.smt2	unsat	unsat	709	unknown	21245	unknown kind=ResourceLimit detail: lazy linear arithmetic pre-SAT skeleton exceeds the joint resource boundary (atoms=2112, cnf_vars=23422, base_trigger=>1024/>4096, moderate_envelope<=1280/<=8192, initial_clauses=0, blocking_lemmas=0); declining before the first SAT round	unknown	21230	unknown kind=ResourceLimit detail: lazy linear arithmetic pre-SAT skeleton exceeds the joint resource boundary (atoms=2112, cnf_vars=23422, base_trigger=>1024/>4096, moderate_envelope<=1280/<=8192, initial_clauses=0, blocking_lemmas=0); declining before the first SAT round	unknown	21231	unknown kind=ResourceLimit detail: lazy linear arithmetic pre-SAT skeleton exceeds the joint resource boundary (atoms=2112, cnf_vars=23422, base_trigger=>1024/>4096, moderate_envelope<=1280/<=8192, initial_clauses=0, blocking_lemmas=0); declining before the first SAT round
/nas3/data/axeyum/corpus/smtlib-2024/non-incremental/non-incremental/QF_IDL/asp/Sokoban/duthen-990602.51.steps.12.asp.smt2	unsat	unsat	1813	unknown	21345	unknown kind=ResourceLimit detail: lazy linear arithmetic pre-SAT skeleton exceeds the joint resource boundary (atoms=2648, cnf_vars=29422, base_trigger=>1024/>4096, moderate_envelope<=1280/<=8192, initial_clauses=0, blocking_lemmas=0); declining before the first SAT round	unknown	21232	unknown kind=ResourceLimit detail: lazy linear arithmetic pre-SAT skeleton exceeds the joint resource boundary (atoms=2648, cnf_vars=29422, base_trigger=>1024/>4096, moderate_envelope<=1280/<=8192, initial_clauses=0, blocking_lemmas=0); declining before the first SAT round	unknown	21231	unknown kind=ResourceLimit detail: lazy linear arithmetic pre-SAT skeleton exceeds the joint resource boundary (atoms=2648, cnf_vars=29422, base_trigger=>1024/>4096, moderate_envelope<=1280/<=8192, initial_clauses=0, blocking_lemmas=0); declining before the first SAT round
/nas3/data/axeyum/corpus/smtlib-2024/non-incremental/non-incremental/QF_IDL/asp/Sokoban/duthen-990602.77.steps.9.asp.smt2	unsat	unsat	824	unknown	21229	unknown kind=ResourceLimit detail: lazy linear arithmetic pre-SAT skeleton exceeds the joint resource boundary (atoms=2930, cnf_vars=32425, base_trigger=>1024/>4096, moderate_envelope<=1280/<=8192, initial_clauses=0, blocking_lemmas=0); declining before the first SAT round	unknown	21233	unknown kind=ResourceLimit detail: lazy linear arithmetic pre-SAT skeleton exceeds the joint resource boundary (atoms=2930, cnf_vars=32425, base_trigger=>1024/>4096, moderate_envelope<=1280/<=8192, initial_clauses=0, blocking_lemmas=0); declining before the first SAT round	unknown	21460	unknown kind=ResourceLimit detail: lazy linear arithmetic pre-SAT skeleton exceeds the joint resource boundary (atoms=2930, cnf_vars=32425, base_trigger=>1024/>4096, moderate_envelope<=1280/<=8192, initial_clauses=0, blocking_lemmas=0); declining before the first SAT round
/nas3/data/axeyum/corpus/smtlib-2024/non-incremental/non-incremental/QF_IDL/asp/Solitaire/solitaire-center-time=26.smt2	sat	other	23	unknown	21736	unknown kind=ResourceLimit detail: lazy linear arithmetic pre-SAT skeleton exceeds the joint resource boundary (atoms=14740, cnf_vars=106276, base_trigger=>1024/>4096, moderate_envelope<=1280/<=8192, initial_clauses=0, blocking_lemmas=0); declining before the first SAT round	unknown	22033	unknown kind=ResourceLimit detail: lazy linear arithmetic pre-SAT skeleton exceeds the joint resource boundary (atoms=14740, cnf_vars=106276, base_trigger=>1024/>4096, moderate_envelope<=1280/<=8192, initial_clauses=0, blocking_lemmas=0); declining before the first SAT round	unknown	22172	unknown kind=ResourceLimit detail: lazy linear arithmetic pre-SAT skeleton exceeds the joint resource boundary (atoms=14740, cnf_vars=106276, base_trigger=>1024/>4096, moderate_envelope<=1280/<=8192, initial_clauses=0, blocking_lemmas=0); declining before the first SAT round
/nas3/data/axeyum/corpus/smtlib-2024/non-incremental/non-incremental/QF_IDL/asp/Solitaire/solitaire-edge-time=29.smt2	sat	other	129	unknown	22031	unknown kind=ResourceLimit detail: lazy linear arithmetic pre-SAT skeleton exceeds the joint resource boundary (atoms=15956, cnf_vars=115094, base_trigger=>1024/>4096, moderate_envelope<=1280/<=8192, initial_clauses=0, blocking_lemmas=0); declining before the first SAT round	unknown	22139	unknown kind=ResourceLimit detail: lazy linear arithmetic pre-SAT skeleton exceeds the joint resource boundary (atoms=15956, cnf_vars=115094, base_trigger=>1024/>4096, moderate_envelope<=1280/<=8192, initial_clauses=0, blocking_lemmas=0); declining before the first SAT round	unknown	22370	unknown kind=ResourceLimit detail: lazy linear arithmetic pre-SAT skeleton exceeds the joint resource boundary (atoms=15956, cnf_vars=115094, base_trigger=>1024/>4096, moderate_envelope<=1280/<=8192, initial_clauses=0, blocking_lemmas=0); declining before the first SAT round
/nas3/data/axeyum/corpus/smtlib-2024/non-incremental/non-incremental/QF_IDL/asp/Sudoku/sudoku.in8.smt2	sat	other	24069	unknown	24527	unknown kind=Timeout detail: preprocessed dispatch timeout after reduced solve	unknown	24314	unknown kind=ResourceLimit detail: lazy linear arithmetic pre-SAT skeleton exceeds the joint resource boundary (atoms=55379, cnf_vars=160320, base_trigger=>1024/>4096, moderate_envelope<=1280/<=8192, initial_clauses=0, blocking_lemmas=0); declining before the first SAT round	unknown	24767	unknown kind=Timeout detail: preprocessed dispatch timeout after reduced solve
/nas3/data/axeyum/corpus/smtlib-2024/non-incremental/non-incremental/QF_IDL/asp/TravellingSalesperson/rand_80_340_1159656267_0.lp.smt2	sat	other	24072	unknown	21746	unknown kind=ResourceLimit detail: lazy linear arithmetic pre-SAT skeleton exceeds the joint resource boundary (atoms=14601, cnf_vars=58484, base_trigger=>1024/>4096, moderate_envelope<=1280/<=8192, initial_clauses=0, blocking_lemmas=0); declining before the first SAT round	unknown	21739	unknown kind=ResourceLimit detail: lazy linear arithmetic pre-SAT skeleton exceeds the joint resource boundary (atoms=14601, cnf_vars=58484, base_trigger=>1024/>4096, moderate_envelope<=1280/<=8192, initial_clauses=0, blocking_lemmas=0); declining before the first SAT round	unknown	21991	unknown kind=ResourceLimit detail: lazy linear arithmetic pre-SAT skeleton exceeds the joint resource boundary (atoms=14601, cnf_vars=58484, base_trigger=>1024/>4096, moderate_envelope<=1280/<=8192, initial_clauses=0, blocking_lemmas=0); declining before the first SAT round
/nas3/data/axeyum/corpus/smtlib-2024/non-incremental/non-incremental/QF_IDL/asp/WeightBoundedDominatingSet/rand_100_400_1159666138_5.lp.smt2	sat	sat	3917	unknown	21178	unknown kind=ResourceLimit detail: lazy linear arithmetic pre-SAT skeleton exceeds the joint resource boundary (atoms=3508, cnf_vars=13470, base_trigger=>1024/>4096, moderate_envelope<=1280/<=8192, initial_clauses=0, blocking_lemmas=0); declining before the first SAT round	unknown	21217	unknown kind=ResourceLimit detail: lazy linear arithmetic pre-SAT skeleton exceeds the joint resource boundary (atoms=3508, cnf_vars=13470, base_trigger=>1024/>4096, moderate_envelope<=1280/<=8192, initial_clauses=0, blocking_lemmas=0); declining before the first SAT round	unknown	21161	unknown kind=ResourceLimit detail: lazy linear arithmetic pre-SAT skeleton exceeds the joint resource boundary (atoms=3508, cnf_vars=13470, base_trigger=>1024/>4096, moderate_envelope<=1280/<=8192, initial_clauses=0, blocking_lemmas=0); declining before the first SAT round
/nas3/data/axeyum/corpus/smtlib-2024/non-incremental/non-incremental/QF_IDL/asp/TravellingSalesperson/tsp_rand_70_300_1155482584_12.lp.smt2	sat	other	24049	unknown	21789	unknown kind=ResourceLimit detail: lazy linear arithmetic pre-SAT skeleton exceeds the joint resource boundary (atoms=12881, cnf_vars=51563, base_trigger=>1024/>4096, moderate_envelope<=1280/<=8192, initial_clauses=0, blocking_lemmas=0); declining before the first SAT round	unknown	21777	unknown kind=ResourceLimit detail: lazy linear arithmetic pre-SAT skeleton exceeds the joint resource boundary (atoms=12881, cnf_vars=51563, base_trigger=>1024/>4096, moderate_envelope<=1280/<=8192, initial_clauses=0, blocking_lemmas=0); declining before the first SAT round	unknown	21551	unknown kind=ResourceLimit detail: lazy linear arithmetic pre-SAT skeleton exceeds the joint resource boundary (atoms=12881, cnf_vars=51563, base_trigger=>1024/>4096, moderate_envelope<=1280/<=8192, initial_clauses=0, blocking_lemmas=0); declining before the first SAT round
/nas3/data/axeyum/corpus/smtlib-2024/non-incremental/non-incremental/QF_IDL/cellar/CELAR6_SUB0.smt2	unsat	unsat	110	unsat	609		unsat	410		unsat	410	
/nas3/data/axeyum/corpus/smtlib-2024/non-incremental/non-incremental/QF_IDL/asp/WeightBoundedDominatingSet/rand_150_600_1159731678_6.lp.smt2	unknown	other	24031	unknown	21302	unknown kind=ResourceLimit detail: lazy linear arithmetic pre-SAT skeleton exceeds the joint resource boundary (atoms=5381, cnf_vars=20559, base_trigger=>1024/>4096, moderate_envelope<=1280/<=8192, initial_clauses=0, blocking_lemmas=0); declining before the first SAT round	unknown	21252	unknown kind=ResourceLimit detail: lazy linear arithmetic pre-SAT skeleton exceeds the joint resource boundary (atoms=5381, cnf_vars=20559, base_trigger=>1024/>4096, moderate_envelope<=1280/<=8192, initial_clauses=0, blocking_lemmas=0); declining before the first SAT round	unknown	21243	unknown kind=ResourceLimit detail: lazy linear arithmetic pre-SAT skeleton exceeds the joint resource boundary (atoms=5381, cnf_vars=20559, base_trigger=>1024/>4096, moderate_envelope<=1280/<=8192, initial_clauses=0, blocking_lemmas=0); declining before the first SAT round
/nas3/data/axeyum/corpus/smtlib-2024/non-incremental/non-incremental/QF_IDL/asp/WireRouting/wire.10.x.10.b.5.a.20_unsat.data.smt2	unsat	other	24138	unknown	21747	unknown kind=ResourceLimit detail: lazy linear arithmetic pre-SAT skeleton exceeds the joint resource boundary (atoms=15176, cnf_vars=116777, base_trigger=>1024/>4096, moderate_envelope<=1280/<=8192, initial_clauses=0, blocking_lemmas=0); declining before the first SAT round	unknown	21833	unknown kind=ResourceLimit detail: lazy linear arithmetic pre-SAT skeleton exceeds the joint resource boundary (atoms=15176, cnf_vars=116777, base_trigger=>1024/>4096, moderate_envelope<=1280/<=8192, initial_clauses=0, blocking_lemmas=0); declining before the first SAT round	unknown	21933	unknown kind=ResourceLimit detail: lazy linear arithmetic pre-SAT skeleton exceeds the joint resource boundary (atoms=15176, cnf_vars=116777, base_trigger=>1024/>4096, moderate_envelope<=1280/<=8192, initial_clauses=0, blocking_lemmas=0); declining before the first SAT round
/nas3/data/axeyum/corpus/smtlib-2024/non-incremental/non-incremental/QF_IDL/bcnscheduling/bcnscheduling105.smt2	unsat	unsat	7623	unknown	26239	unknown kind=Timeout detail: preprocessed dispatch timeout after reduced solve	unknown	26137	unknown kind=Timeout detail: preprocessed dispatch timeout after reduced solve	unknown	26237	unknown kind=Timeout detail: preprocessed dispatch timeout after reduced solve
/nas3/data/axeyum/corpus/smtlib-2024/non-incremental/non-incremental/QF_IDL/asp/WireRouting/wire.14.x.14.b.8.a.40_unsat.data.smt2	unsat	other	24137	unknown	24546	unknown kind=ResourceLimit detail: lazy linear arithmetic pre-SAT skeleton exceeds the joint resource boundary (atoms=44535, cnf_vars=354972, base_trigger=>1024/>4096, moderate_envelope<=1280/<=8192, initial_clauses=0, blocking_lemmas=0); declining before the first SAT round	unknown	24231	unknown kind=ResourceLimit detail: lazy linear arithmetic pre-SAT skeleton exceeds the joint resource boundary (atoms=44535, cnf_vars=354972, base_trigger=>1024/>4096, moderate_envelope<=1280/<=8192, initial_clauses=0, blocking_lemmas=0); declining before the first SAT round	unknown	23430	unknown kind=ResourceLimit detail: lazy linear arithmetic pre-SAT skeleton exceeds the joint resource boundary (atoms=44535, cnf_vars=354972, base_trigger=>1024/>4096, moderate_envelope<=1280/<=8192, initial_clauses=0, blocking_lemmas=0); declining before the first SAT round
/nas3/data/axeyum/corpus/smtlib-2024/non-incremental/non-incremental/QF_IDL/diamonds/diamonds.12.2.i.a.u.smt2	unsat	unsat	711	unsat	15124		unsat	15225		HARDKILL	32145	
/nas3/data/axeyum/corpus/smtlib-2024/non-incremental/non-incremental/QF_IDL/job_shop/jobshop12-2-6-6-4-4-11.smt2	unsat	unsat	107	unsat	1512		unsat	1610		unsat	1008	
/nas3/data/axeyum/corpus/smtlib-2024/non-incremental/non-incremental/QF_IDL/cellar/scen09.smt2	unsat	unsat	807	HARDKILL	32140		HARDKILL	32140		HARDKILL	32145	
/nas3/data/axeyum/corpus/smtlib-2024/non-incremental/non-incremental/QF_IDL/diamonds/diamonds.18.2.i.a.u.smt2	unsat	unsat	9525	HARDKILL	32153		HARDKILL	32177		HARDKILL	32130	
/nas3/data/axeyum/corpus/smtlib-2024/non-incremental/non-incremental/QF_IDL/diamonds/diamonds.15.2.i.a.u.smt2	unsat	other	24062	HARDKILL	32147		HARDKILL	32212		HARDKILL	32194	
/nas3/data/axeyum/corpus/smtlib-2024/non-incremental/non-incremental/QF_IDL/fuzzy-matrix/Zantema_z053.srs_slice-8_constraint-227740.smt2	sat	other	24036	unknown	29132	unknown kind=Timeout detail: preprocessed dispatch timeout after reduced solve	unknown	29198	unknown kind=Timeout detail: preprocessed dispatch timeout after reduced solve	unknown	29156	unknown kind=Timeout detail: preprocessed dispatch timeout after reduced solve
/nas3/data/axeyum/corpus/smtlib-2024/non-incremental/non-incremental/QF_IDL/job_shop/jobshop4-2-2-2-4-4-11.smt2	unsat	unsat	112	unsat	126		unsat	119		unsat	111	
/nas3/data/axeyum/corpus/smtlib-2024/non-incremental/non-incremental/QF_IDL/job_shop/jobshop18-2-9-9-4-4-11.smt2	unsat	other	24066	HARDKILL	32160		HARDKILL	32131		HARDKILL	32165	
/nas3/data/axeyum/corpus/smtlib-2024/non-incremental/non-incremental/QF_IDL/job_shop/jobshop22-2-11-11-4-4-11.smt2	unknown	other	24079	HARDKILL	32176		HARDKILL	32144		HARDKILL	32136	
/nas3/data/axeyum/corpus/smtlib-2024/non-incremental/non-incremental/QF_IDL/job_shop/jobshop28-2-14-14-4-4-11.smt2	unknown	other	24027	unknown	29107	unknown kind=Timeout detail: preprocessed dispatch timeout after reduced solve	unknown	29112	unknown kind=Timeout detail: preprocessed dispatch timeout after reduced solve	unknown	29096	unknown kind=Timeout detail: preprocessed dispatch timeout after reduced solve
/nas3/data/axeyum/corpus/smtlib-2024/non-incremental/non-incremental/QF_IDL/job_shop/jobshop34-2-17-17-4-4-11.smt2	unknown	other	24025	unknown	29204	unknown kind=Timeout detail: preprocessed dispatch timeout after reduced solve	unknown	29201	unknown kind=Timeout detail: preprocessed dispatch timeout after reduced solve	unknown	29157	unknown kind=Timeout detail: preprocessed dispatch timeout after reduced solve
/nas3/data/axeyum/corpus/smtlib-2024/non-incremental/non-incremental/QF_IDL/job_shop/jobshop44-2-22-22-4-4-11.smt2	unknown	other	24025	unknown	29228	unknown kind=Timeout detail: preprocessed dispatch timeout after reduced solve	unknown	29305	unknown kind=Timeout detail: preprocessed dispatch timeout after reduced solve	unknown	29167	unknown kind=Timeout detail: preprocessed dispatch timeout after reduced solve
/nas3/data/axeyum/corpus/smtlib-2024/non-incremental/non-incremental/QF_IDL/mathsat/fischer/FISCHER10-3-ninc.smt2	unsat	unsat	107	unsat	407		unsat	507		unsat	507	
/nas3/data/axeyum/corpus/smtlib-2024/non-incremental/non-incremental/QF_IDL/mathsat/fischer/FISCHER12-2-ninc.smt2	unsat	unsat	106	unsat	307		unsat	207		unsat	306	
/nas3/data/axeyum/corpus/smtlib-2024/non-incremental/non-incremental/QF_IDL/mathsat/fischer/FISCHER11-3-ninc.smt2	unsat	unsat	108	unsat	507		unsat	608		unsat	607	
/nas3/data/axeyum/corpus/smtlib-2024/non-incremental/non-incremental/QF_IDL/job_shop/jobshop50-2-25-25-4-4-11.smt2	unknown	other	24028	unknown	29286	unknown kind=Timeout detail: preprocessed dispatch timeout after reduced solve	unknown	29351	unknown kind=Timeout detail: preprocessed dispatch timeout after reduced solve	unknown	29335	unknown kind=Timeout detail: preprocessed dispatch timeout after reduced solve
/nas3/data/axeyum/corpus/smtlib-2024/non-incremental/non-incremental/QF_IDL/job_shop/jobshop56-2-28-28-4-4-11.smt2	unknown	other	24030	unknown	29540	unknown kind=Timeout detail: preprocessed dispatch timeout after reduced solve	unknown	29469	unknown kind=Timeout detail: preprocessed dispatch timeout after reduced solve	unknown	29232	unknown kind=Timeout detail: preprocessed dispatch timeout after reduced solve
/nas3/data/axeyum/corpus/smtlib-2024/non-incremental/non-incremental/QF_IDL/mathsat/fischer/FISCHER4-5-ninc.smt2	sat	sat	113	sat	411		sat	311		sat	412	
/nas3/data/axeyum/corpus/smtlib-2024/non-incremental/non-incremental/QF_IDL/mathsat/fischer/FISCHER6-6-ninc.smt2	unsat	unsat	109	unsat	4215		unsat	4113		unsat	4313	
/nas3/data/axeyum/corpus/smtlib-2024/non-incremental/non-incremental/QF_IDL/mathsat/fischer/FISCHER8-3-ninc.smt2	unsat	unsat	111	unsat	310		unsat	312		unsat	412	
/nas3/data/axeyum/corpus/smtlib-2024/non-incremental/non-incremental/QF_IDL/mathsat/fischer/FISCHER9-5-ninc.smt2	unsat	unsat	113	unsat	1613		unsat	1913		unsat	1815	
/nas3/data/axeyum/corpus/smtlib-2024/non-incremental/non-incremental/QF_IDL/mathsat/post_office/PO3-10-PO3.smt2	sat	sat	111	sat	4615		sat	3513		sat	4815	
/nas3/data/axeyum/corpus/smtlib-2024/non-incremental/non-incremental/QF_IDL/mathsat/post_office/PO4-3-PO4.smt2	unsat	unsat	110	unsat	8617		unsat	8617		unsat	5416	
/nas3/data/axeyum/corpus/smtlib-2024/non-incremental/non-incremental/QF_IDL/job_shop/jobshop60-2-30-30-4-4-11.smt2	unknown	other	24030	unknown	29332	unknown kind=Timeout detail: preprocessed dispatch timeout after reduced solve	unknown	29334	unknown kind=Timeout detail: preprocessed dispatch timeout after reduced solve	unknown	29536	unknown kind=Timeout detail: preprocessed dispatch timeout after reduced solve
/nas3/data/axeyum/corpus/smtlib-2024/non-incremental/non-incremental/QF_IDL/parity/03.100.graph.smt2	unsat	unsat	110	unsat	311		unsat	511		unsat	310	
/nas3/data/axeyum/corpus/smtlib-2024/non-incremental/non-incremental/QF_IDL/mathsat/fischer/FISCHER14-9-ninc.smt2	unsat	unsat	2913	HARDKILL	32135		HARDKILL	32138		HARDKILL	32139	
/nas3/data/axeyum/corpus/smtlib-2024/non-incremental/non-incremental/QF_IDL/mathsat/fischer/FISCHER13-13-ninc.smt2	unsat	other	24030	HARDKILL	32133		HARDKILL	32136		HARDKILL	32135	
/nas3/data/axeyum/corpus/smtlib-2024/non-incremental/non-incremental/QF_IDL/mathsat/fischer/FISCHER14-11-ninc.smt2	unsat	other	24029	HARDKILL	32134		HARDKILL	32138		HARDKILL	32137	
/nas3/data/axeyum/corpus/smtlib-2024/non-incremental/non-incremental/QF_IDL/parity/06.100.graph.smt2	sat	sat	110	sat	911		sat	1011		sat	610	
/nas3/data/axeyum/corpus/smtlib-2024/non-incremental/non-incremental/QF_IDL/parity/09.100.graph.smt2	sat	sat	110	sat	809		sat	912		sat	811	
/nas3/data/axeyum/corpus/smtlib-2024/non-incremental/non-incremental/QF_IDL/parity/12.100.graph.smt2	sat	sat	211	sat	4915		sat	4917		sat	5017	
/nas3/data/axeyum/corpus/smtlib-2024/non-incremental/non-incremental/QF_IDL/parity/01.500.graph.smt2	unsat	unsat	4510	unknown	27332	unknown kind=Timeout detail: preprocessed dispatch timeout after reduced solve	unknown	27135	unknown kind=Timeout detail: preprocessed dispatch timeout after reduced solve	unknown	27031	unknown kind=Timeout detail: preprocessed dispatch timeout after reduced solve
/nas3/data/axeyum/corpus/smtlib-2024/non-incremental/non-incremental/QF_IDL/parity/15.100.graph.smt2	unsat	unsat	110	unsat	610		unsat	1010		unsat	609	
/nas3/data/axeyum/corpus/smtlib-2024/non-incremental/non-incremental/QF_IDL/parity/04.500.graph.smt2	sat	sat	4914	unknown	27334	unknown kind=Timeout detail: preprocessed dispatch timeout after reduced solve	unknown	27432	unknown kind=Timeout detail: preprocessed dispatch timeout after reduced solve	unknown	27533	unknown kind=Timeout detail: preprocessed dispatch timeout after reduced solve
/nas3/data/axeyum/corpus/smtlib-2024/non-incremental/non-incremental/QF_IDL/parity/18.100.graph.smt2	unsat	unsat	110	unsat	610		unsat	611		unsat	611	
/nas3/data/axeyum/corpus/smtlib-2024/non-incremental/non-incremental/QF_IDL/parity/10.500.graph.smt2	sat	sat	3812	unknown	26933	unknown kind=Timeout detail: preprocessed dispatch timeout after reduced solve	unknown	27232	unknown kind=Timeout detail: preprocessed dispatch timeout after reduced solve	unknown	27232	unknown kind=Timeout detail: preprocessed dispatch timeout after reduced solve
/nas3/data/axeyum/corpus/smtlib-2024/non-incremental/non-incremental/QF_IDL/parity/07.500.graph.smt2	sat	sat	4913	unknown	27434	unknown kind=Timeout detail: preprocessed dispatch timeout after reduced solve	unknown	27531	unknown kind=Timeout detail: preprocessed dispatch timeout after reduced solve	unknown	27329	unknown kind=Timeout detail: preprocessed dispatch timeout after reduced solve
/nas3/data/axeyum/corpus/smtlib-2024/non-incremental/non-incremental/QF_IDL/parity/21.100.graph.smt2	sat	sat	210	sat	1813		sat	1812		sat	1811	
/nas3/data/axeyum/corpus/smtlib-2024/non-incremental/non-incremental/QF_IDL/parity/24.100.graph.smt2	unsat	unsat	211	unsat	415		unsat	413		unsat	413	
/nas3/data/axeyum/corpus/smtlib-2024/non-incremental/non-incremental/QF_IDL/parity/13.500.graph.smt2	unsat	unsat	5313	unknown	27333	unknown kind=Timeout detail: preprocessed dispatch timeout after reduced solve	unknown	27632	unknown kind=Timeout detail: preprocessed dispatch timeout after reduced solve	unknown	27733	unknown kind=Timeout detail: preprocessed dispatch timeout after reduced solve
/nas3/data/axeyum/corpus/smtlib-2024/non-incremental/non-incremental/QF_IDL/parity/27.100.graph.smt2	unsat	unsat	111	unsat	310		unsat	210		unsat	311	
/nas3/data/axeyum/corpus/smtlib-2024/non-incremental/non-incremental/QF_IDL/parity/16.500.graph.smt2	sat	sat	3813	unknown	26830	unknown kind=Timeout detail: preprocessed dispatch timeout after reduced solve	unknown	27130	unknown kind=Timeout detail: preprocessed dispatch timeout after reduced solve	unknown	26933	unknown kind=Timeout detail: preprocessed dispatch timeout after reduced solve
/nas3/data/axeyum/corpus/smtlib-2024/non-incremental/non-incremental/QF_IDL/parity/30.100.graph.smt2	unsat	unsat	109	unsat	110		unsat	109		unsat	110	
/nas3/data/axeyum/corpus/smtlib-2024/non-incremental/non-incremental/QF_IDL/parity/19.500.graph.smt2	sat	sat	4920	unknown	27431	unknown kind=Timeout detail: preprocessed dispatch timeout after reduced solve	unknown	27534	unknown kind=Timeout detail: preprocessed dispatch timeout after reduced solve	unknown	27631	unknown kind=Timeout detail: preprocessed dispatch timeout after reduced solve
/nas3/data/axeyum/corpus/smtlib-2024/non-incremental/non-incremental/QF_IDL/planning/plan-18.cvc.smt2	unsat	unsat	111	unsat	3413		unsat	2408		unsat	2817	
/nas3/data/axeyum/corpus/smtlib-2024/non-incremental/non-incremental/QF_IDL/parity/22.500.graph.smt2	sat	sat	4414	unknown	26832	unknown kind=Timeout detail: preprocessed dispatch timeout after reduced solve	unknown	27431	unknown kind=Timeout detail: preprocessed dispatch timeout after reduced solve	unknown	27342	unknown kind=Timeout detail: preprocessed dispatch timeout after reduced solve
/nas3/data/axeyum/corpus/smtlib-2024/non-incremental/non-incremental/QF_IDL/parity/25.500.graph.smt2	sat	sat	7822	unknown	27836	unknown kind=Timeout detail: preprocessed dispatch timeout after reduced solve	unknown	27732	unknown kind=Timeout detail: preprocessed dispatch timeout after reduced solve	unknown	27646	unknown kind=Timeout detail: preprocessed dispatch timeout after reduced solve
/nas3/data/axeyum/corpus/smtlib-2024/non-incremental/non-incremental/QF_IDL/planning/plan-9.cvc.smt2	unsat	unsat	110	unsat	314		unsat	313		unsat	312	
/nas3/data/axeyum/corpus/smtlib-2024/non-incremental/non-incremental/QF_IDL/parity/28.500.graph.smt2	unsat	unsat	8436	unknown	27237	unknown kind=Timeout detail: preprocessed dispatch timeout after reduced solve	unknown	27638	unknown kind=Timeout detail: preprocessed dispatch timeout after reduced solve	unknown	28559	unknown kind=Timeout detail: preprocessed dispatch timeout after reduced solve
/nas3/data/axeyum/corpus/smtlib-2024/non-incremental/non-incremental/QF_IDL/parity/31.500.graph.smt2	sat	sat	9916	unknown	27132	unknown kind=Timeout detail: preprocessed dispatch timeout after reduced solve	unknown	27444	unknown kind=Timeout detail: preprocessed dispatch timeout after reduced solve	unknown	27048	unknown kind=Timeout detail: preprocessed dispatch timeout after reduced solve
/nas3/data/axeyum/corpus/smtlib-2024/non-incremental/non-incremental/QF_IDL/planning/plan-30.cvc.smt2	unsat	unsat	210	unknown	21238	unknown kind=ResourceLimit detail: lazy linear arithmetic pre-SAT skeleton exceeds the joint resource boundary (atoms=2214, cnf_vars=13864, base_trigger=>1024/>4096, moderate_envelope<=1280/<=8192, initial_clauses=1162, blocking_lemmas=0); declining before the first SAT round	unknown	21141	unknown kind=ResourceLimit detail: lazy linear arithmetic pre-SAT skeleton exceeds the joint resource boundary (atoms=2214, cnf_vars=13864, base_trigger=>1024/>4096, moderate_envelope<=1280/<=8192, initial_clauses=1162, blocking_lemmas=0); declining before the first SAT round	unknown	21224	unknown kind=ResourceLimit detail: lazy linear arithmetic pre-SAT skeleton exceeds the joint resource boundary (atoms=2214, cnf_vars=13864, base_trigger=>1024/>4096, moderate_envelope<=1280/<=8192, initial_clauses=1162, blocking_lemmas=0); declining before the first SAT round
/nas3/data/axeyum/corpus/smtlib-2024/non-incremental/non-incremental/QF_IDL/planning/plan-42.cvc.smt2	unsat	unsat	609	unknown	21483	unknown kind=ResourceLimit detail: lazy linear arithmetic pre-SAT skeleton exceeds the joint resource boundary (atoms=3126, cnf_vars=19588, base_trigger=>1024/>4096, moderate_envelope<=1280/<=8192, initial_clauses=1642, blocking_lemmas=0); declining before the first SAT round	unknown	21342	unknown kind=ResourceLimit detail: lazy linear arithmetic pre-SAT skeleton exceeds the joint resource boundary (atoms=3126, cnf_vars=19588, base_trigger=>1024/>4096, moderate_envelope<=1280/<=8192, initial_clauses=1642, blocking_lemmas=0); declining before the first SAT round	unknown	21234	unknown kind=ResourceLimit detail: lazy linear arithmetic pre-SAT skeleton exceeds the joint resource boundary (atoms=3126, cnf_vars=19588, base_trigger=>1024/>4096, moderate_envelope<=1280/<=8192, initial_clauses=1642, blocking_lemmas=0); declining before the first SAT round
/nas3/data/axeyum/corpus/smtlib-2024/non-incremental/non-incremental/QF_IDL/qlock/qlock-4-10-15.induction.cvc.smt2	sat	sat	312	unknown	21348	unknown kind=ResourceLimit detail: lazy linear arithmetic pre-SAT skeleton exceeds the joint resource boundary (atoms=4050, cnf_vars=22333, base_trigger=>1024/>4096, moderate_envelope<=1280/<=8192, initial_clauses=3569, blocking_lemmas=0); declining before the first SAT round	unknown	21226	unknown kind=ResourceLimit detail: lazy linear arithmetic pre-SAT skeleton exceeds the joint resource boundary (atoms=4050, cnf_vars=22333, base_trigger=>1024/>4096, moderate_envelope<=1280/<=8192, initial_clauses=3569, blocking_lemmas=0); declining before the first SAT round	unknown	21336	unknown kind=ResourceLimit detail: lazy linear arithmetic pre-SAT skeleton exceeds the joint resource boundary (atoms=4050, cnf_vars=22333, base_trigger=>1024/>4096, moderate_envelope<=1280/<=8192, initial_clauses=3569, blocking_lemmas=0); declining before the first SAT round
/nas3/data/axeyum/corpus/smtlib-2024/non-incremental/non-incremental/QF_IDL/qlock/qlock-4-10-9.induction.cvc.smt2	sat	sat	210	sat	1512		sat	1513		sat	1412	
/nas3/data/axeyum/corpus/smtlib-2024/non-incremental/non-incremental/QF_IDL/qlock/qlock-4-10-21.induction.cvc.smt2	sat	sat	309	unknown	21431	unknown kind=ResourceLimit detail: lazy linear arithmetic pre-SAT skeleton exceeds the joint resource boundary (atoms=5658, cnf_vars=31231, base_trigger=>1024/>4096, moderate_envelope<=1280/<=8192, initial_clauses=4997, blocking_lemmas=0); declining before the first SAT round	unknown	21331	unknown kind=ResourceLimit detail: lazy linear arithmetic pre-SAT skeleton exceeds the joint resource boundary (atoms=5658, cnf_vars=31231, base_trigger=>1024/>4096, moderate_envelope<=1280/<=8192, initial_clauses=4997, blocking_lemmas=0); declining before the first SAT round	unknown	21427	unknown kind=ResourceLimit detail: lazy linear arithmetic pre-SAT skeleton exceeds the joint resource boundary (atoms=5658, cnf_vars=31231, base_trigger=>1024/>4096, moderate_envelope<=1280/<=8192, initial_clauses=4997, blocking_lemmas=0); declining before the first SAT round
/nas3/data/axeyum/corpus/smtlib-2024/non-incremental/non-incremental/QF_IDL/queens_bench/n_queen/queen20-1.smt2	sat	sat	111	sat	4815		sat	5014		sat	4614	
/nas3/data/axeyum/corpus/smtlib-2024/non-incremental/non-incremental/QF_IDL/qlock/qlock-4-10-27.induction.cvc.smt2	sat	sat	508	unknown	21637	unknown kind=ResourceLimit detail: lazy linear arithmetic pre-SAT skeleton exceeds the joint resource boundary (atoms=7266, cnf_vars=40129, base_trigger=>1024/>4096, moderate_envelope<=1280/<=8192, initial_clauses=6425, blocking_lemmas=0); declining before the first SAT round	unknown	21628	unknown kind=ResourceLimit detail: lazy linear arithmetic pre-SAT skeleton exceeds the joint resource boundary (atoms=7266, cnf_vars=40129, base_trigger=>1024/>4096, moderate_envelope<=1280/<=8192, initial_clauses=6425, blocking_lemmas=0); declining before the first SAT round	unknown	21425	unknown kind=ResourceLimit detail: lazy linear arithmetic pre-SAT skeleton exceeds the joint resource boundary (atoms=7266, cnf_vars=40129, base_trigger=>1024/>4096, moderate_envelope<=1280/<=8192, initial_clauses=6425, blocking_lemmas=0); declining before the first SAT round
/nas3/data/axeyum/corpus/smtlib-2024/non-incremental/non-incremental/QF_IDL/qlock/qlock-4-10-33.induction.cvc.smt2	sat	sat	608	unknown	21635	unknown kind=ResourceLimit detail: lazy linear arithmetic pre-SAT skeleton exceeds the joint resource boundary (atoms=8874, cnf_vars=49027, base_trigger=>1024/>4096, moderate_envelope<=1280/<=8192, initial_clauses=7853, blocking_lemmas=0); declining before the first SAT round	unknown	21728	unknown kind=ResourceLimit detail: lazy linear arithmetic pre-SAT skeleton exceeds the joint resource boundary (atoms=8874, cnf_vars=49027, base_trigger=>1024/>4096, moderate_envelope<=1280/<=8192, initial_clauses=7853, blocking_lemmas=0); declining before the first SAT round	unknown	21624	unknown kind=ResourceLimit detail: lazy linear arithmetic pre-SAT skeleton exceeds the joint resource boundary (atoms=8874, cnf_vars=49027, base_trigger=>1024/>4096, moderate_envelope<=1280/<=8192, initial_clauses=7853, blocking_lemmas=0); declining before the first SAT round
/nas3/data/axeyum/corpus/smtlib-2024/non-incremental/non-incremental/QF_IDL/qlock/qlock-4-10-39.induction.cvc.smt2	sat	sat	1207	unknown	21928	unknown kind=ResourceLimit detail: lazy linear arithmetic pre-SAT skeleton exceeds the joint resource boundary (atoms=10482, cnf_vars=56836, base_trigger=>1024/>4096, moderate_envelope<=1280/<=8192, initial_clauses=8192, blocking_lemmas=0); declining before the first SAT round	unknown	21824	unknown kind=ResourceLimit detail: lazy linear arithmetic pre-SAT skeleton exceeds the joint resource boundary (atoms=10482, cnf_vars=56836, base_trigger=>1024/>4096, moderate_envelope<=1280/<=8192, initial_clauses=8192, blocking_lemmas=0); declining before the first SAT round	unknown	21724	unknown kind=ResourceLimit detail: lazy linear arithmetic pre-SAT skeleton exceeds the joint resource boundary (atoms=10482, cnf_vars=56836, base_trigger=>1024/>4096, moderate_envelope<=1280/<=8192, initial_clauses=8192, blocking_lemmas=0); declining before the first SAT round
/nas3/data/axeyum/corpus/smtlib-2024/non-incremental/non-incremental/QF_IDL/queens_bench/n_queen/queen31-1.smt2	sat	sat	808	unknown	21127	unknown kind=ResourceLimit detail: lazy linear arithmetic pre-SAT skeleton exceeds the joint resource boundary (atoms=2852, cnf_vars=6168, base_trigger=>1024/>4096, moderate_envelope<=1280/<=8192, initial_clauses=465, blocking_lemmas=0); declining before the first SAT round	unknown	21124	unknown kind=ResourceLimit detail: lazy linear arithmetic pre-SAT skeleton exceeds the joint resource boundary (atoms=2852, cnf_vars=6168, base_trigger=>1024/>4096, moderate_envelope<=1280/<=8192, initial_clauses=465, blocking_lemmas=0); declining before the first SAT round	unknown	21221	unknown kind=ResourceLimit detail: lazy linear arithmetic pre-SAT skeleton exceeds the joint resource boundary (atoms=2852, cnf_vars=6168, base_trigger=>1024/>4096, moderate_envelope<=1280/<=8192, initial_clauses=465, blocking_lemmas=0); declining before the first SAT round
/nas3/data/axeyum/corpus/smtlib-2024/non-incremental/non-incremental/QF_IDL/queens_bench/n_queen/queen42-1.smt2	sat	sat	1509	unknown	21326	unknown kind=ResourceLimit detail: lazy linear arithmetic pre-SAT skeleton exceeds the joint resource boundary (atoms=5250, cnf_vars=11360, base_trigger=>1024/>4096, moderate_envelope<=1280/<=8192, initial_clauses=861, blocking_lemmas=0); declining before the first SAT round	unknown	21423	unknown kind=ResourceLimit detail: lazy linear arithmetic pre-SAT skeleton exceeds the joint resource boundary (atoms=5250, cnf_vars=11360, base_trigger=>1024/>4096, moderate_envelope<=1280/<=8192, initial_clauses=861, blocking_lemmas=0); declining before the first SAT round	unknown	21322	unknown kind=ResourceLimit detail: lazy linear arithmetic pre-SAT skeleton exceeds the joint resource boundary (atoms=5250, cnf_vars=11360, base_trigger=>1024/>4096, moderate_envelope<=1280/<=8192, initial_clauses=861, blocking_lemmas=0); declining before the first SAT round
/nas3/data/axeyum/corpus/smtlib-2024/non-incremental/non-incremental/QF_IDL/queens_bench/n_queen/queen53-1.smt2	sat	sat	8017	unknown	21522	unknown kind=ResourceLimit detail: lazy linear arithmetic pre-SAT skeleton exceeds the joint resource boundary (atoms=8374, cnf_vars=18125, base_trigger=>1024/>4096, moderate_envelope<=1280/<=8192, initial_clauses=1378, blocking_lemmas=0); declining before the first SAT round	unknown	21824	unknown kind=ResourceLimit detail: lazy linear arithmetic pre-SAT skeleton exceeds the joint resource boundary (atoms=8374, cnf_vars=18125, base_trigger=>1024/>4096, moderate_envelope<=1280/<=8192, initial_clauses=1378, blocking_lemmas=0); declining before the first SAT round	unknown	21725	unknown kind=ResourceLimit detail: lazy linear arithmetic pre-SAT skeleton exceeds the joint resource boundary (atoms=8374, cnf_vars=18125, base_trigger=>1024/>4096, moderate_envelope<=1280/<=8192, initial_clauses=1378, blocking_lemmas=0); declining before the first SAT round
/nas3/data/axeyum/corpus/smtlib-2024/non-incremental/non-incremental/QF_IDL/queens_bench/n_queen/queen64-1.smt2	sat	other	24026	unknown	22022	unknown kind=ResourceLimit detail: lazy linear arithmetic pre-SAT skeleton exceeds the joint resource boundary (atoms=12224, cnf_vars=26463, base_trigger=>1024/>4096, moderate_envelope<=1280/<=8192, initial_clauses=2016, blocking_lemmas=0); declining before the first SAT round	unknown	22122	unknown kind=ResourceLimit detail: lazy linear arithmetic pre-SAT skeleton exceeds the joint resource boundary (atoms=12224, cnf_vars=26463, base_trigger=>1024/>4096, moderate_envelope<=1280/<=8192, initial_clauses=2016, blocking_lemmas=0); declining before the first SAT round	unknown	22727	unknown kind=ResourceLimit detail: lazy linear arithmetic pre-SAT skeleton exceeds the joint resource boundary (atoms=12224, cnf_vars=26463, base_trigger=>1024/>4096, moderate_envelope<=1280/<=8192, initial_clauses=2016, blocking_lemmas=0); declining before the first SAT round
/nas3/data/axeyum/corpus/smtlib-2024/non-incremental/non-incremental/QF_IDL/queens_bench/super_queen/super_queen18-1.smt2	sat	sat	108	sat	8816		sat	8816		sat	8614	
/nas3/data/axeyum/corpus/smtlib-2024/non-incremental/non-incremental/QF_IDL/queens_bench/super_queen/super_queen4-1.smt2	unsat	unsat	108	unsat	108		unsat	108		unsat	108	
/nas3/data/axeyum/corpus/smtlib-2024/non-incremental/non-incremental/QF_IDL/queens_bench/n_queen/queen75-1.smt2	sat	other	24028	unknown	23722	unknown kind=ResourceLimit detail: lazy linear arithmetic pre-SAT skeleton exceeds the joint resource boundary (atoms=16800, cnf_vars=36374, base_trigger=>1024/>4096, moderate_envelope<=1280/<=8192, initial_clauses=2775, blocking_lemmas=0); declining before the first SAT round	unknown	22926	unknown kind=ResourceLimit detail: lazy linear arithmetic pre-SAT skeleton exceeds the joint resource boundary (atoms=16800, cnf_vars=36374, base_trigger=>1024/>4096, moderate_envelope<=1280/<=8192, initial_clauses=2775, blocking_lemmas=0); declining before the first SAT round	unknown	24029	unknown kind=ResourceLimit detail: lazy linear arithmetic pre-SAT skeleton exceeds the joint resource boundary (atoms=16800, cnf_vars=36374, base_trigger=>1024/>4096, moderate_envelope<=1280/<=8192, initial_clauses=2775, blocking_lemmas=0); declining before the first SAT round
/nas3/data/axeyum/corpus/smtlib-2024/non-incremental/non-incremental/QF_IDL/queens_bench/n_queen/queen86-1.smt2	sat	sat	1710	unknown	24827	unknown kind=Timeout detail: preprocessed dispatch timeout after reduced solve	unknown	24128	unknown kind=ResourceLimit detail: lazy linear arithmetic pre-SAT skeleton exceeds the joint resource boundary (atoms=22102, cnf_vars=47858, base_trigger=>1024/>4096, moderate_envelope<=1280/<=8192, initial_clauses=3655, blocking_lemmas=0); declining before the first SAT round	unknown	25927	unknown kind=Timeout detail: preprocessed dispatch timeout after reduced solve
/nas3/data/axeyum/corpus/smtlib-2024/non-incremental/non-incremental/QF_IDL/queens_bench/n_queen/queen97-1.smt2	sat	sat	10016	unknown	29731	unknown kind=Timeout detail: preprocessed dispatch timeout after reduced solve	unknown	28529	unknown kind=Timeout detail: preprocessed dispatch timeout after reduced solve	unknown	29633	unknown kind=Timeout detail: preprocessed dispatch timeout after reduced solve
/nas3/data/axeyum/corpus/smtlib-2024/non-incremental/non-incremental/QF_IDL/queens_bench/super_queen/super_queen29-1.smt2	sat	sat	108	unknown	21123	unknown kind=ResourceLimit detail: lazy linear arithmetic pre-SAT skeleton exceeds the joint resource boundary (atoms=2714, cnf_vars=6108, base_trigger=>1024/>4096, moderate_envelope<=1280/<=8192, initial_clauses=681, blocking_lemmas=0); declining before the first SAT round	unknown	21125	unknown kind=ResourceLimit detail: lazy linear arithmetic pre-SAT skeleton exceeds the joint resource boundary (atoms=2714, cnf_vars=6108, base_trigger=>1024/>4096, moderate_envelope<=1280/<=8192, initial_clauses=681, blocking_lemmas=0); declining before the first SAT round	unknown	21124	unknown kind=ResourceLimit detail: lazy linear arithmetic pre-SAT skeleton exceeds the joint resource boundary (atoms=2714, cnf_vars=6108, base_trigger=>1024/>4096, moderate_envelope<=1280/<=8192, initial_clauses=681, blocking_lemmas=0); declining before the first SAT round
/nas3/data/axeyum/corpus/smtlib-2024/non-incremental/non-incremental/QF_IDL/queens_bench/super_queen/super_queen50-1.smt2	sat	sat	208	unknown	21827	unknown kind=ResourceLimit detail: lazy linear arithmetic pre-SAT skeleton exceeds the joint resource boundary (atoms=7838, cnf_vars=17385, base_trigger=>1024/>4096, moderate_envelope<=1280/<=8192, initial_clauses=1710, blocking_lemmas=0); declining before the first SAT round	unknown	21825	unknown kind=ResourceLimit detail: lazy linear arithmetic pre-SAT skeleton exceeds the joint resource boundary (atoms=7838, cnf_vars=17385, base_trigger=>1024/>4096, moderate_envelope<=1280/<=8192, initial_clauses=1710, blocking_lemmas=0); declining before the first SAT round	unknown	21523	unknown kind=ResourceLimit detail: lazy linear arithmetic pre-SAT skeleton exceeds the joint resource boundary (atoms=7838, cnf_vars=17385, base_trigger=>1024/>4096, moderate_envelope<=1280/<=8192, initial_clauses=1710, blocking_lemmas=0); declining before the first SAT round
/nas3/data/axeyum/corpus/smtlib-2024/non-incremental/non-incremental/QF_IDL/queens_bench/super_queen/super_queen61-1.smt2	sat	sat	209	unknown	22125	unknown kind=ResourceLimit detail: lazy linear arithmetic pre-SAT skeleton exceeds the joint resource boundary (atoms=11578, cnf_vars=25580, base_trigger=>1024/>4096, moderate_envelope<=1280/<=8192, initial_clauses=2425, blocking_lemmas=0); declining before the first SAT round	unknown	22024	unknown kind=ResourceLimit detail: lazy linear arithmetic pre-SAT skeleton exceeds the joint resource boundary (atoms=11578, cnf_vars=25580, base_trigger=>1024/>4096, moderate_envelope<=1280/<=8192, initial_clauses=2425, blocking_lemmas=0); declining before the first SAT round	unknown	22124	unknown kind=ResourceLimit detail: lazy linear arithmetic pre-SAT skeleton exceeds the joint resource boundary (atoms=11578, cnf_vars=25580, base_trigger=>1024/>4096, moderate_envelope<=1280/<=8192, initial_clauses=2425, blocking_lemmas=0); declining before the first SAT round
/nas3/data/axeyum/corpus/smtlib-2024/non-incremental/non-incremental/QF_IDL/queens_bench/super_queen/super_queen72-1.smt2	sat	sat	309	unknown	22726	unknown kind=ResourceLimit detail: lazy linear arithmetic pre-SAT skeleton exceeds the joint resource boundary (atoms=16044, cnf_vars=35348, base_trigger=>1024/>4096, moderate_envelope<=1280/<=8192, initial_clauses=3261, blocking_lemmas=0); declining before the first SAT round	unknown	22826	unknown kind=ResourceLimit detail: lazy linear arithmetic pre-SAT skeleton exceeds the joint resource boundary (atoms=16044, cnf_vars=35348, base_trigger=>1024/>4096, moderate_envelope<=1280/<=8192, initial_clauses=3261, blocking_lemmas=0); declining before the first SAT round	unknown	22926	unknown kind=ResourceLimit detail: lazy linear arithmetic pre-SAT skeleton exceeds the joint resource boundary (atoms=16044, cnf_vars=35348, base_trigger=>1024/>4096, moderate_envelope<=1280/<=8192, initial_clauses=3261, blocking_lemmas=0); declining before the first SAT round
/nas3/data/axeyum/corpus/smtlib-2024/non-incremental/non-incremental/QF_IDL/queens_bench/super_queen/super_queen83-1.smt2	sat	other	24032	unknown	25927	unknown kind=Timeout detail: preprocessed dispatch timeout after reduced solve	unknown	25429	unknown kind=Timeout detail: preprocessed dispatch timeout after reduced solve	unknown	25928	unknown kind=Timeout detail: preprocessed dispatch timeout after reduced solve
/nas3/data/axeyum/corpus/smtlib-2024/non-incremental/non-incremental/QF_IDL/queens_bench/super_queen/super_queen94-1.smt2	sat	sat	17723	unknown	28030	unknown kind=Timeout detail: preprocessed dispatch timeout after reduced solve	unknown	27531	unknown kind=Timeout detail: preprocessed dispatch timeout after reduced solve	unknown	27932	unknown kind=Timeout detail: preprocessed dispatch timeout after reduced solve
/nas3/data/axeyum/corpus/smtlib-2024/non-incremental/non-incremental/QF_IDL/queens_bench/toroidal_bench/toroidal_queen15-1.smt2	unsat	unsat	2010	HARDKILL	32131		HARDKILL	32134		HARDKILL	32138	
/nas3/data/axeyum/corpus/smtlib-2024/non-incremental/non-incremental/QF_IDL/queens_bench/toroidal_bench/toroidal_queen7-1.smt2	sat	sat	107	sat	108		sat	108		sat	107	
/nas3/data/axeyum/corpus/smtlib-2024/non-incremental/non-incremental/QF_IDL/queens_bench/toroidal_bench/toroidal_queen26-1.smt2	unsat	other	24027	unknown	21124	unknown kind=ResourceLimit detail: lazy linear arithmetic pre-SAT skeleton exceeds the joint resource boundary (atoms=3250, cnf_vars=8384, base_trigger=>1024/>4096, moderate_envelope<=1280/<=8192, initial_clauses=1885, blocking_lemmas=0); declining before the first SAT round	unknown	21225	unknown kind=ResourceLimit detail: lazy linear arithmetic pre-SAT skeleton exceeds the joint resource boundary (atoms=3250, cnf_vars=8384, base_trigger=>1024/>4096, moderate_envelope<=1280/<=8192, initial_clauses=1885, blocking_lemmas=0); declining before the first SAT round	unknown	21230	unknown kind=ResourceLimit detail: lazy linear arithmetic pre-SAT skeleton exceeds the joint resource boundary (atoms=3250, cnf_vars=8384, base_trigger=>1024/>4096, moderate_envelope<=1280/<=8192, initial_clauses=1885, blocking_lemmas=0); declining before the first SAT round
/nas3/data/axeyum/corpus/smtlib-2024/non-incremental/non-incremental/QF_IDL/queens_bench/toroidal_bench/toroidal_queen37-1.smt2	sat	other	24029	unknown	21426	unknown kind=ResourceLimit detail: lazy linear arithmetic pre-SAT skeleton exceeds the joint resource boundary (atoms=6734, cnf_vars=17463, base_trigger=>1024/>4096, moderate_envelope<=1280/<=8192, initial_clauses=3996, blocking_lemmas=0); declining before the first SAT round	unknown	21425	unknown kind=ResourceLimit detail: lazy linear arithmetic pre-SAT skeleton exceeds the joint resource boundary (atoms=6734, cnf_vars=17463, base_trigger=>1024/>4096, moderate_envelope<=1280/<=8192, initial_clauses=3996, blocking_lemmas=0); declining before the first SAT round	unknown	21626	unknown kind=ResourceLimit detail: lazy linear arithmetic pre-SAT skeleton exceeds the joint resource boundary (atoms=6734, cnf_vars=17463, base_trigger=>1024/>4096, moderate_envelope<=1280/<=8192, initial_clauses=3996, blocking_lemmas=0); declining before the first SAT round
/nas3/data/axeyum/corpus/smtlib-2024/non-incremental/non-incremental/QF_IDL/sal/bakery/inf-bakery-invalid-3.smt2	sat	sat	111	sat	110		sat	111		sat	110	
/nas3/data/axeyum/corpus/smtlib-2024/non-incremental/non-incremental/QF_IDL/sal/bakery/inf-bakery-mutex-14.smt2	unsat	unsat	111	unsat	611		unsat	612		unsat	612	
/nas3/data/axeyum/corpus/smtlib-2024/non-incremental/non-incremental/QF_IDL/sal/bakery/inf-bakery-mutex-7.smt2	unsat	unsat	111	unsat	111		unsat	111		unsat	111	
/nas3/data/axeyum/corpus/smtlib-2024/non-incremental/non-incremental/QF_IDL/queens_bench/toroidal_bench/toroidal_queen48-1.smt2	unsat	other	24031	unknown	22026	unknown kind=ResourceLimit detail: lazy linear arithmetic pre-SAT skeleton exceeds the joint resource boundary (atoms=11280, cnf_vars=29207, base_trigger=>1024/>4096, moderate_envelope<=1280/<=8192, initial_clauses=6648, blocking_lemmas=0); declining before the first SAT round	unknown	22231	unknown kind=ResourceLimit detail: lazy linear arithmetic pre-SAT skeleton exceeds the joint resource boundary (atoms=11280, cnf_vars=29207, base_trigger=>1024/>4096, moderate_envelope<=1280/<=8192, initial_clauses=6648, blocking_lemmas=0); declining before the first SAT round	unknown	22731	unknown kind=ResourceLimit detail: lazy linear arithmetic pre-SAT skeleton exceeds the joint resource boundary (atoms=11280, cnf_vars=29207, base_trigger=>1024/>4096, moderate_envelope<=1280/<=8192, initial_clauses=6648, blocking_lemmas=0); declining before the first SAT round
/nas3/data/axeyum/corpus/smtlib-2024/non-incremental/non-incremental/QF_IDL/queens_bench/toroidal_bench/toroidal_queen59-1.smt2	sat	other	24030	unknown	24631	unknown kind=Timeout detail: preprocessed dispatch timeout after reduced solve	unknown	23031	unknown kind=ResourceLimit detail: lazy linear arithmetic pre-SAT skeleton exceeds the joint resource boundary (atoms=17228, cnf_vars=42647, base_trigger=>1024/>4096, moderate_envelope<=1280/<=8192, initial_clauses=8192, blocking_lemmas=0); declining before the first SAT round	unknown	23231	unknown kind=ResourceLimit detail: lazy linear arithmetic pre-SAT skeleton exceeds the joint resource boundary (atoms=17228, cnf_vars=42647, base_trigger=>1024/>4096, moderate_envelope<=1280/<=8192, initial_clauses=8192, blocking_lemmas=0); declining before the first SAT round
/nas3/data/axeyum/corpus/smtlib-2024/non-incremental/non-incremental/QF_IDL/sal/lpsat/lpsat-goal-18.smt2	unsat	unsat	709	unsat	26536		unsat	26935		unsat	25630	
/nas3/data/axeyum/corpus/smtlib-2024/non-incremental/non-incremental/QF_IDL/queens_bench/toroidal_bench/toroidal_queen80-1.smt2	unsat	other	24027	unknown	30135	unknown kind=Timeout detail: preprocessed dispatch timeout after reduced solve	unknown	30133	unknown kind=Timeout detail: preprocessed dispatch timeout after reduced solve	unknown	30034	unknown kind=Timeout detail: preprocessed dispatch timeout after reduced solve
/nas3/data/axeyum/corpus/smtlib-2024/non-incremental/non-incremental/QF_IDL/queens_bench/toroidal_bench/toroidal_queen91-1.smt2	sat	other	24026	unknown	30837	unknown kind=Timeout detail: preprocessed dispatch timeout after reduced solve	unknown	30536	unknown kind=Timeout detail: preprocessed dispatch timeout after reduced solve	unknown	30333	unknown kind=Timeout detail: preprocessed dispatch timeout after reduced solve
/nas3/data/axeyum/corpus/smtlib-2024/non-incremental/non-incremental/QF_IDL/schedulingIDL/gp10_03_mkspan1079.smt2	unsat	unsat	707	unknown	26131	unknown kind=Timeout detail: preprocessed dispatch timeout after reduced solve	unknown	26128	unknown kind=Timeout detail: preprocessed dispatch timeout after reduced solve	unknown	26128	unknown kind=Timeout detail: preprocessed dispatch timeout after reduced solve
/nas3/data/axeyum/corpus/smtlib-2024/non-incremental/non-incremental/QF_IDL/schedulingIDL/j6_per0_0_mkspan1057.smt2	sat	sat	2610	HARDKILL	32131		HARDKILL	32131		HARDKILL	32130	
/nas3/data/axeyum/corpus/smtlib-2024/non-incremental/non-incremental/QF_IDL/schedulingIDL/j7_per0_1_mkspan1055.smt2	sat	sat	1008	HARDKILL	32129		HARDKILL	32132		HARDKILL	32133	
/nas3/data/axeyum/corpus/smtlib-2024/non-incremental/non-incremental/QF_IDL/schedulingIDL/j7_per10_0_mkspan1013.smt2	sat	sat	1609	HARDKILL	32131		HARDKILL	32131		HARDKILL	32129	
/nas3/data/axeyum/corpus/smtlib-2024/non-incremental/non-incremental/QF_IDL/schedulingIDL/j7_per10_2_mkspan1013.smt2	sat	sat	3108	HARDKILL	32133		HARDKILL	32132		HARDKILL	32129	
/nas3/data/axeyum/corpus/smtlib-2024/non-incremental/non-incremental/QF_IDL/schedulingIDL/j8_per0_1_mkspan1053.smt2	sat	sat	2308	HARDKILL	32130		HARDKILL	32128		HARDKILL	32132	
/nas3/data/axeyum/corpus/smtlib-2024/non-incremental/non-incremental/QF_IDL/schedulingIDL/j8_per10_1_mkspan1036.smt2	sat	sat	207	HARDKILL	32132		HARDKILL	32132		HARDKILL	32131	
/nas3/data/axeyum/corpus/smtlib-2024/non-incremental/non-incremental/QF_IDL/schedulingIDL/j8_per0_2_mkspan1054.smt2	sat	sat	1909	HARDKILL	32134		HARDKILL	32139		HARDKILL	32131	
/nas3/data/axeyum/corpus/smtlib-2024/non-incremental/non-incremental/QF_IDL/schedulingIDL/tai_10x10_1_mkspan639.smt2	sat	sat	307	unknown	26126	unknown kind=Timeout detail: preprocessed dispatch timeout after reduced solve	unknown	26125	unknown kind=Timeout detail: preprocessed dispatch timeout after reduced solve	unknown	26126	unknown kind=Timeout detail: preprocessed dispatch timeout after reduced solve
/nas3/data/axeyum/corpus/smtlib-2024/non-incremental/non-incremental/QF_IDL/schedulingIDL/j8_per20_0_mkspan1008.smt2	sat	sat	210	HARDKILL	32131		HARDKILL	32130		HARDKILL	32130	
/nas3/data/axeyum/corpus/smtlib-2024/non-incremental/non-incremental/QF_IDL/schedulingIDL/tai_10x10_7_mkspan617.smt2	sat	sat	308	unknown	26127	unknown kind=Timeout detail: preprocessed dispatch timeout after reduced solve	unknown	26124	unknown kind=Timeout detail: preprocessed dispatch timeout after reduced solve	unknown	26127	unknown kind=Timeout detail: preprocessed dispatch timeout after reduced solve
/nas3/data/axeyum/corpus/smtlib-2024/non-incremental/non-incremental/QF_IDL/schedulingIDL/tai_15x15_1_mkspan1140.smt2	sat	sat	407	unknown	26228	unknown kind=Timeout detail: preprocessed dispatch timeout after reduced solve	unknown	26127	unknown kind=Timeout detail: preprocessed dispatch timeout after reduced solve	unknown	26126	unknown kind=Timeout detail: preprocessed dispatch timeout after reduced solve
/nas3/data/axeyum/corpus/smtlib-2024/non-incremental/non-incremental/QF_IDL/schedulingIDL/tai_15x15_2_mkspan933.smt2	sat	sat	1010	unknown	26127	unknown kind=Timeout detail: preprocessed dispatch timeout after reduced solve	unknown	26128	unknown kind=Timeout detail: preprocessed dispatch timeout after reduced solve	unknown	26129	unknown kind=Timeout detail: preprocessed dispatch timeout after reduced solve
/nas3/data/axeyum/corpus/smtlib-2024/non-incremental/non-incremental/QF_IDL/schedulingIDL/tai_15x15_5_mkspan1174.smt2	sat	sat	305	unknown	26227	unknown kind=Timeout detail: preprocessed dispatch timeout after reduced solve	unknown	26129	unknown kind=Timeout detail: preprocessed dispatch timeout after reduced solve	unknown	26126	unknown kind=Timeout detail: preprocessed dispatch timeout after reduced solve
