cell,latency_nanos,cumulative_fraction
z3_cold,245944,0.0017825311942959
z3_cold,258217,0.0035650623885918
z3_cold,267975,0.0053475935828877
z3_cold,277805,0.0071301247771836
z3_cold,331264,0.008912655971479501
z3_cold,339305,0.0106951871657754
z3_cold,341724,0.012477718360071301
z3_cold,355947,0.0142602495543672
z3_cold,375939,0.016042780748663103
z3_cold,388514,0.017825311942959002
z3_cold,392003,0.0196078431372549
z3_cold,393168,0.0213903743315508
z3_cold,393511,0.023172905525846704
z3_cold,393554,0.024955436720142603
z3_cold,402439,0.026737967914438502
z3_cold,402675,0.0285204991087344
z3_cold,410488,0.030303030303030304
z3_cold,419889,0.03208556149732621
z3_cold,421982,0.0338680926916221
z3_cold,428200,0.035650623885918005
z3_cold,430388,0.0374331550802139
z3_cold,430638,0.0392156862745098
z3_cold,441989,0.040998217468805706
z3_cold,443155,0.0427807486631016
z3_cold,443466,0.044563279857397504
z3_cold,449682,0.04634581105169341
z3_cold,454539,0.0481283422459893
z3_cold,460859,0.049910873440285206
z3_cold,477811,0.05169340463458111
z3_cold,485717,0.053475935828877004
z3_cold,490361,0.05525846702317291
z3_cold,501586,0.0570409982174688
z3_cold,515380,0.058823529411764705
z3_cold,520187,0.06060606060606061
z3_cold,525220,0.062388591800356503
z3_cold,525232,0.06417112299465241
z3_cold,528407,0.0659536541889483
z3_cold,533177,0.0677361853832442
z3_cold,543572,0.06951871657754011
z3_cold,549841,0.07130124777183601
z3_cold,550569,0.07308377896613191
z3_cold,554237,0.0748663101604278
z3_cold,554516,0.0766488413547237
z3_cold,555591,0.0784313725490196
z3_cold,561291,0.08021390374331551
z3_cold,564393,0.08199643493761141
z3_cold,570754,0.08377896613190731
z3_cold,572074,0.0855614973262032
z3_cold,578119,0.0873440285204991
z3_cold,580964,0.08912655971479501
z3_cold,587092,0.09090909090909091
z3_cold,595816,0.09269162210338681
z3_cold,606260,0.0944741532976827
z3_cold,613260,0.0962566844919786
z3_cold,621256,0.09803921568627451
z3_cold,622064,0.09982174688057041
z3_cold,623048,0.10160427807486631
z3_cold,626364,0.10338680926916222
z3_cold,630523,0.1051693404634581
z3_cold,631426,0.10695187165775401
z3_cold,631596,0.10873440285204991
z3_cold,648175,0.11051693404634581
z3_cold,648275,0.11229946524064172
z3_cold,649125,0.1140819964349376
z3_cold,649455,0.11586452762923351
z3_cold,651335,0.11764705882352941
z3_cold,653055,0.11942959001782531
z3_cold,653528,0.12121212121212122
z3_cold,665949,0.12299465240641712
z3_cold,670606,0.12477718360071301
z3_cold,673253,0.1265597147950089
z3_cold,675747,0.12834224598930483
z3_cold,676173,0.13012477718360071
z3_cold,676287,0.1319073083778966
z3_cold,682131,0.13368983957219252
z3_cold,684782,0.1354723707664884
z3_cold,685655,0.13725490196078433
z3_cold,689691,0.13903743315508021
z3_cold,690457,0.1408199643493761
z3_cold,694978,0.14260249554367202
z3_cold,702373,0.1443850267379679
z3_cold,703310,0.14616755793226383
z3_cold,705541,0.14795008912655971
z3_cold,706010,0.1497326203208556
z3_cold,706098,0.15151515151515152
z3_cold,706937,0.1532976827094474
z3_cold,707639,0.15508021390374332
z3_cold,707925,0.1568627450980392
z3_cold,710320,0.1586452762923351
z3_cold,711569,0.16042780748663102
z3_cold,711606,0.1622103386809269
z3_cold,711994,0.16399286987522282
z3_cold,712497,0.1657754010695187
z3_cold,722274,0.16755793226381463
z3_cold,724003,0.16934046345811052
z3_cold,727902,0.1711229946524064
z3_cold,732580,0.17290552584670232
z3_cold,735220,0.1746880570409982
z3_cold,735452,0.17647058823529413
z3_cold,736685,0.17825311942959002
z3_cold,737852,0.1800356506238859
z3_cold,739041,0.18181818181818182
z3_cold,739355,0.1836007130124777
z3_cold,739527,0.18538324420677363
z3_cold,740176,0.18716577540106952
z3_cold,743008,0.1889483065953654
z3_cold,745331,0.19073083778966132
z3_cold,746320,0.1925133689839572
z3_cold,746480,0.19429590017825313
z3_cold,751886,0.19607843137254902
z3_cold,752689,0.19786096256684493
z3_cold,752721,0.19964349376114082
z3_cold,753080,0.2014260249554367
z3_cold,758529,0.20320855614973263
z3_cold,759253,0.20499108734402852
z3_cold,760666,0.20677361853832443
z3_cold,761728,0.20855614973262032
z3_cold,762697,0.2103386809269162
z3_cold,763453,0.21212121212121213
z3_cold,764677,0.21390374331550802
z3_cold,765977,0.21568627450980393
z3_cold,768050,0.21746880570409982
z3_cold,768165,0.2192513368983957
z3_cold,770058,0.22103386809269163
z3_cold,771639,0.22281639928698752
z3_cold,776348,0.22459893048128343
z3_cold,778635,0.22638146167557932
z3_cold,780548,0.2281639928698752
z3_cold,780559,0.22994652406417113
z3_cold,784000,0.23172905525846701
z3_cold,785927,0.23351158645276293
z3_cold,786423,0.23529411764705882
z3_cold,787542,0.23707664884135474
z3_cold,788629,0.23885918003565063
z3_cold,789239,0.24064171122994651
z3_cold,789330,0.24242424242424243
z3_cold,791042,0.24420677361853832
z3_cold,793567,0.24598930481283424
z3_cold,794986,0.24777183600713013
z3_cold,798856,0.24955436720142601
z3_cold,799048,0.25133689839572193
z3_cold,800839,0.2531194295900178
z3_cold,800953,0.2549019607843137
z3_cold,803623,0.25668449197860965
z3_cold,806500,0.25846702317290554
z3_cold,806733,0.26024955436720143
z3_cold,810665,0.2620320855614973
z3_cold,813383,0.2638146167557932
z3_cold,813989,0.26559714795008915
z3_cold,814020,0.26737967914438504
z3_cold,814054,0.26916221033868093
z3_cold,822640,0.2709447415329768
z3_cold,824698,0.2727272727272727
z3_cold,826775,0.27450980392156865
z3_cold,829433,0.27629233511586454
z3_cold,831402,0.27807486631016043
z3_cold,832380,0.2798573975044563
z3_cold,837062,0.2816399286987522
z3_cold,837451,0.28342245989304815
z3_cold,841463,0.28520499108734404
z3_cold,842164,0.28698752228163993
z3_cold,843406,0.2887700534759358
z3_cold,845304,0.2905525846702317
z3_cold,845509,0.29233511586452765
z3_cold,846290,0.29411764705882354
z3_cold,846477,0.29590017825311943
z3_cold,847357,0.2976827094474153
z3_cold,850054,0.2994652406417112
z3_cold,850239,0.30124777183600715
z3_cold,850785,0.30303030303030304
z3_cold,851283,0.3048128342245989
z3_cold,853389,0.3065953654188948
z3_cold,856635,0.3083778966131907
z3_cold,857011,0.31016042780748665
z3_cold,857803,0.31194295900178254
z3_cold,860778,0.3137254901960784
z3_cold,861117,0.3155080213903743
z3_cold,865039,0.3172905525846702
z3_cold,869851,0.31907308377896615
z3_cold,872055,0.32085561497326204
z3_cold,872136,0.3226381461675579
z3_cold,873221,0.3244206773618538
z3_cold,873275,0.32620320855614976
z3_cold,876783,0.32798573975044565
z3_cold,877248,0.32976827094474154
z3_cold,878337,0.3315508021390374
z3_cold,878522,0.3333333333333333
z3_cold,880262,0.33511586452762926
z3_cold,884490,0.33689839572192515
z3_cold,885542,0.33868092691622104
z3_cold,886361,0.3404634581105169
z3_cold,886726,0.3422459893048128
z3_cold,891920,0.34402852049910876
z3_cold,894151,0.34581105169340465
z3_cold,894625,0.34759358288770054
z3_cold,899715,0.3493761140819964
z3_cold,901032,0.3511586452762923
z3_cold,911660,0.35294117647058826
z3_cold,914770,0.35472370766488415
z3_cold,914831,0.35650623885918004
z3_cold,915524,0.3582887700534759
z3_cold,915904,0.3600713012477718
z3_cold,916650,0.36185383244206776
z3_cold,922449,0.36363636363636365
z3_cold,922903,0.36541889483065954
z3_cold,925035,0.3672014260249554
z3_cold,926697,0.3689839572192513
z3_cold,930027,0.37076648841354726
z3_cold,930342,0.37254901960784315
z3_cold,932048,0.37433155080213903
z3_cold,938257,0.3761140819964349
z3_cold,938918,0.3778966131907308
z3_cold,939357,0.37967914438502676
z3_cold,942591,0.38146167557932265
z3_cold,942925,0.38324420677361853
z3_cold,948262,0.3850267379679144
z3_cold,948688,0.3868092691622103
z3_cold,948837,0.38859180035650626
z3_cold,951824,0.39037433155080214
z3_cold,953623,0.39215686274509803
z3_cold,958466,0.3939393939393939
z3_cold,960940,0.39572192513368987
z3_cold,962412,0.39750445632798576
z3_cold,962439,0.39928698752228164
z3_cold,967423,0.40106951871657753
z3_cold,972353,0.4028520499108734
z3_cold,972789,0.40463458110516937
z3_cold,973046,0.40641711229946526
z3_cold,978470,0.40819964349376114
z3_cold,979648,0.40998217468805703
z3_cold,981861,0.4117647058823529
z3_cold,984165,0.41354723707664887
z3_cold,986678,0.41532976827094475
z3_cold,987427,0.41711229946524064
z3_cold,989047,0.41889483065953653
z3_cold,989312,0.4206773618538324
z3_cold,989605,0.42245989304812837
z3_cold,994385,0.42424242424242425
z3_cold,998558,0.42602495543672014
z3_cold,999984,0.42780748663101603
z3_cold,1005684,0.4295900178253119
z3_cold,1006040,0.43137254901960786
z3_cold,1006161,0.43315508021390375
z3_cold,1007829,0.43493761140819964
z3_cold,1009100,0.43672014260249553
z3_cold,1011265,0.4385026737967914
z3_cold,1011518,0.44028520499108736
z3_cold,1019665,0.44206773618538325
z3_cold,1021615,0.44385026737967914
z3_cold,1021783,0.44563279857397503
z3_cold,1023158,0.4474153297682709
z3_cold,1025993,0.44919786096256686
z3_cold,1028400,0.45098039215686275
z3_cold,1031805,0.45276292335115864
z3_cold,1034357,0.45454545454545453
z3_cold,1035516,0.4563279857397504
z3_cold,1035844,0.45811051693404636
z3_cold,1036434,0.45989304812834225
z3_cold,1049248,0.46167557932263814
z3_cold,1050347,0.46345811051693403
z3_cold,1054058,0.46524064171123
z3_cold,1054570,0.46702317290552586
z3_cold,1055559,0.46880570409982175
z3_cold,1060188,0.47058823529411764
z3_cold,1065315,0.47237076648841353
z3_cold,1067543,0.4741532976827095
z3_cold,1069173,0.47593582887700536
z3_cold,1069621,0.47771836007130125
z3_cold,1070117,0.47950089126559714
z3_cold,1070485,0.48128342245989303
z3_cold,1071372,0.483065953654189
z3_cold,1076606,0.48484848484848486
z3_cold,1079133,0.48663101604278075
z3_cold,1079789,0.48841354723707664
z3_cold,1082123,0.49019607843137253
z3_cold,1087222,0.4919786096256685
z3_cold,1093047,0.49376114081996436
z3_cold,1095861,0.49554367201426025
z3_cold,1098274,0.49732620320855614
z3_cold,1100532,0.49910873440285203
z3_cold,1104906,0.5008912655971479
z3_cold,1107364,0.5026737967914439
z3_cold,1113720,0.5044563279857398
z3_cold,1116801,0.5062388591800356
z3_cold,1117204,0.5080213903743316
z3_cold,1117349,0.5098039215686274
z3_cold,1118900,0.5115864527629234
z3_cold,1119716,0.5133689839572193
z3_cold,1120348,0.5151515151515151
z3_cold,1127838,0.5169340463458111
z3_cold,1129485,0.5187165775401069
z3_cold,1129970,0.5204991087344029
z3_cold,1155285,0.5222816399286988
z3_cold,1157544,0.5240641711229946
z3_cold,1157590,0.5258467023172906
z3_cold,1167264,0.5276292335115864
z3_cold,1168280,0.5294117647058824
z3_cold,1169622,0.5311942959001783
z3_cold,1170829,0.5329768270944741
z3_cold,1176399,0.5347593582887701
z3_cold,1178410,0.5365418894830659
z3_cold,1182085,0.5383244206773619
z3_cold,1184127,0.5401069518716578
z3_cold,1187804,0.5418894830659536
z3_cold,1192580,0.5436720142602496
z3_cold,1197530,0.5454545454545454
z3_cold,1209469,0.5472370766488414
z3_cold,1210815,0.5490196078431373
z3_cold,1221160,0.5508021390374331
z3_cold,1235246,0.5525846702317291
z3_cold,1241291,0.5543672014260249
z3_cold,1243675,0.5561497326203209
z3_cold,1246234,0.5579322638146168
z3_cold,1250499,0.5597147950089126
z3_cold,1255374,0.5614973262032086
z3_cold,1256932,0.5632798573975044
z3_cold,1264349,0.5650623885918004
z3_cold,1264713,0.5668449197860963
z3_cold,1269934,0.5686274509803921
z3_cold,1273780,0.5704099821746881
z3_cold,1277942,0.5721925133689839
z3_cold,1299713,0.5739750445632799
z3_cold,1300559,0.5757575757575758
z3_cold,1302794,0.5775401069518716
z3_cold,1306777,0.5793226381461676
z3_cold,1306874,0.5811051693404634
z3_cold,1308540,0.5828877005347594
z3_cold,1309491,0.5846702317290553
z3_cold,1314732,0.5864527629233511
z3_cold,1326752,0.5882352941176471
z3_cold,1332161,0.5900178253119429
z3_cold,1335062,0.5918003565062389
z3_cold,1335703,0.5935828877005348
z3_cold,1338012,0.5953654188948306
z3_cold,1338590,0.5971479500891266
z3_cold,1340062,0.5989304812834224
z3_cold,1368787,0.6007130124777184
z3_cold,1372983,0.6024955436720143
z3_cold,1376494,0.6042780748663101
z3_cold,1383254,0.6060606060606061
z3_cold,1385700,0.6078431372549019
z3_cold,1393345,0.6096256684491979
z3_cold,1418059,0.6114081996434938
z3_cold,1420777,0.6131907308377896
z3_cold,1432294,0.6149732620320856
z3_cold,1435422,0.6167557932263814
z3_cold,1461533,0.6185383244206774
z3_cold,1466937,0.6203208556149733
z3_cold,1468038,0.6221033868092691
z3_cold,1475518,0.6238859180035651
z3_cold,1555464,0.6256684491978609
z3_cold,1570505,0.6274509803921569
z3_cold,1584237,0.6292335115864528
z3_cold,1614470,0.6310160427807486
z3_cold,1617197,0.6327985739750446
z3_cold,1673135,0.6345811051693404
z3_cold,1686068,0.6363636363636364
z3_cold,1791961,0.6381461675579323
z3_cold,1807331,0.6399286987522281
z3_cold,1827072,0.6417112299465241
z3_cold,1841383,0.64349376114082
z3_cold,1880844,0.6452762923351159
z3_cold,1915458,0.6470588235294118
z3_cold,1929277,0.6488413547237076
z3_cold,1945584,0.6506238859180036
z3_cold,1951369,0.6524064171122995
z3_cold,1959360,0.6541889483065954
z3_cold,1976408,0.6559714795008913
z3_cold,1981973,0.6577540106951871
z3_cold,1984530,0.6595365418894831
z3_cold,1988748,0.661319073083779
z3_cold,2024265,0.6631016042780749
z3_cold,2043569,0.6648841354723708
z3_cold,2052338,0.6666666666666666
z3_cold,2055520,0.6684491978609626
z3_cold,2062678,0.6702317290552585
z3_cold,2067768,0.6720142602495544
z3_cold,2080800,0.6737967914438503
z3_cold,2084295,0.6755793226381461
z3_cold,2085168,0.6773618538324421
z3_cold,2103469,0.679144385026738
z3_cold,2120198,0.6809269162210339
z3_cold,2120271,0.6827094474153298
z3_cold,2120424,0.6844919786096256
z3_cold,2123819,0.6862745098039216
z3_cold,2125506,0.6880570409982175
z3_cold,2126413,0.6898395721925134
z3_cold,2129748,0.6916221033868093
z3_cold,2131548,0.6934046345811051
z3_cold,2139229,0.6951871657754011
z3_cold,2139873,0.696969696969697
z3_cold,2141642,0.6987522281639929
z3_cold,2141951,0.7005347593582888
z3_cold,2142071,0.7023172905525846
z3_cold,2142537,0.7040998217468806
z3_cold,2145478,0.7058823529411765
z3_cold,2146257,0.7076648841354723
z3_cold,2146703,0.7094474153297683
z3_cold,2149228,0.7112299465240641
z3_cold,2152669,0.7130124777183601
z3_cold,2159851,0.714795008912656
z3_cold,2161256,0.7165775401069518
z3_cold,2163371,0.7183600713012478
z3_cold,2166847,0.7201426024955436
z3_cold,2167280,0.7219251336898396
z3_cold,2167429,0.7237076648841355
z3_cold,2174304,0.7254901960784313
z3_cold,2179808,0.7272727272727273
z3_cold,2190473,0.7290552584670231
z3_cold,2201048,0.7308377896613191
z3_cold,2201409,0.732620320855615
z3_cold,2201707,0.7344028520499108
z3_cold,2208440,0.7361853832442068
z3_cold,2224300,0.7379679144385026
z3_cold,2231808,0.7397504456327986
z3_cold,2231963,0.7415329768270945
z3_cold,2238694,0.7433155080213903
z3_cold,2240033,0.7450980392156863
z3_cold,2245382,0.7468805704099821
z3_cold,2248269,0.7486631016042781
z3_cold,2250541,0.750445632798574
z3_cold,2252371,0.7522281639928698
z3_cold,2252839,0.7540106951871658
z3_cold,2260033,0.7557932263814616
z3_cold,2272288,0.7575757575757576
z3_cold,2285637,0.7593582887700535
z3_cold,2291254,0.7611408199643493
z3_cold,2291392,0.7629233511586453
z3_cold,2294711,0.7647058823529411
z3_cold,2296385,0.7664884135472371
z3_cold,2302290,0.768270944741533
z3_cold,2303715,0.7700534759358288
z3_cold,2304682,0.7718360071301248
z3_cold,2304874,0.7736185383244206
z3_cold,2306705,0.7754010695187166
z3_cold,2312227,0.7771836007130125
z3_cold,2330153,0.7789661319073083
z3_cold,2333929,0.7807486631016043
z3_cold,2340665,0.7825311942959001
z3_cold,2341277,0.7843137254901961
z3_cold,2341892,0.786096256684492
z3_cold,2343227,0.7878787878787878
z3_cold,2347281,0.7896613190730838
z3_cold,2347606,0.7914438502673797
z3_cold,2353967,0.7932263814616756
z3_cold,2359793,0.7950089126559715
z3_cold,2360076,0.7967914438502673
z3_cold,2362610,0.7985739750445633
z3_cold,2364010,0.8003565062388592
z3_cold,2364371,0.8021390374331551
z3_cold,2367608,0.803921568627451
z3_cold,2368277,0.8057040998217468
z3_cold,2371556,0.8074866310160428
z3_cold,2372487,0.8092691622103387
z3_cold,2374647,0.8110516934046346
z3_cold,2389068,0.8128342245989305
z3_cold,2398194,0.8146167557932263
z3_cold,2400026,0.8163992869875223
z3_cold,2400387,0.8181818181818182
z3_cold,2402710,0.8199643493761141
z3_cold,2404805,0.82174688057041
z3_cold,2416469,0.8235294117647058
z3_cold,2421389,0.8253119429590018
z3_cold,2422877,0.8270944741532977
z3_cold,2429993,0.8288770053475936
z3_cold,2437807,0.8306595365418895
z3_cold,2447630,0.8324420677361853
z3_cold,2454761,0.8342245989304813
z3_cold,2457232,0.8360071301247772
z3_cold,2462454,0.8377896613190731
z3_cold,2467077,0.839572192513369
z3_cold,2472247,0.8413547237076648
z3_cold,2472384,0.8431372549019608
z3_cold,2472843,0.8449197860962567
z3_cold,2475272,0.8467023172905526
z3_cold,2484718,0.8484848484848485
z3_cold,2491606,0.8502673796791443
z3_cold,2492774,0.8520499108734403
z3_cold,2497146,0.8538324420677362
z3_cold,2498090,0.8556149732620321
z3_cold,2499352,0.857397504456328
z3_cold,2537237,0.8591800356506238
z3_cold,2543588,0.8609625668449198
z3_cold,2548435,0.8627450980392157
z3_cold,2554052,0.8645276292335116
z3_cold,2562626,0.8663101604278075
z3_cold,2567163,0.8680926916221033
z3_cold,2570243,0.8698752228163993
z3_cold,2580280,0.8716577540106952
z3_cold,2584817,0.8734402852049911
z3_cold,2585552,0.875222816399287
z3_cold,2588876,0.8770053475935828
z3_cold,2658050,0.8787878787878788
z3_cold,2659148,0.8805704099821747
z3_cold,2679981,0.8823529411764706
z3_cold,2698247,0.8841354723707665
z3_cold,2700991,0.8859180035650623
z3_cold,2727866,0.8877005347593583
z3_cold,2731199,0.8894830659536542
z3_cold,2741794,0.8912655971479501
z3_cold,2748268,0.893048128342246
z3_cold,2821467,0.8948306595365418
z3_cold,2865874,0.8966131907308378
z3_cold,2872613,0.8983957219251337
z3_cold,2882397,0.9001782531194296
z3_cold,2889919,0.9019607843137255
z3_cold,2893957,0.9037433155080213
z3_cold,2899709,0.9055258467023173
z3_cold,2906426,0.9073083778966132
z3_cold,2911604,0.9090909090909091
z3_cold,2945949,0.910873440285205
z3_cold,2949377,0.9126559714795008
z3_cold,2960928,0.9144385026737968
z3_cold,2977444,0.9162210338680927
z3_cold,2997395,0.9180035650623886
z3_cold,3012955,0.9197860962566845
z3_cold,3062263,0.9215686274509803
z3_cold,3081803,0.9233511586452763
z3_cold,3097521,0.9251336898395722
z3_cold,3116073,0.9269162210338681
z3_cold,3118980,0.928698752228164
z3_cold,3136225,0.93048128342246
z3_cold,3147852,0.9322638146167558
z3_cold,3194010,0.9340463458110517
z3_cold,3229182,0.9358288770053476
z3_cold,3277941,0.9376114081996435
z3_cold,3282419,0.9393939393939394
z3_cold,3283505,0.9411764705882353
z3_cold,3336940,0.9429590017825312
z3_cold,3344254,0.9447415329768271
z3_cold,3353272,0.946524064171123
z3_cold,3355940,0.948306595365419
z3_cold,3395155,0.9500891265597148
z3_cold,3437025,0.9518716577540107
z3_cold,3471235,0.9536541889483066
z3_cold,3472453,0.9554367201426025
z3_cold,3474514,0.9572192513368984
z3_cold,3485973,0.9590017825311943
z3_cold,3565588,0.9607843137254902
z3_cold,3568736,0.9625668449197861
z3_cold,3595797,0.964349376114082
z3_cold,3716181,0.966131907308378
z3_cold,3725778,0.9679144385026738
z3_cold,3782155,0.9696969696969697
z3_cold,3902389,0.9714795008912656
z3_cold,4003489,0.9732620320855615
z3_cold,4087357,0.9750445632798574
z3_cold,4399025,0.9768270944741533
z3_cold,4414896,0.9786096256684492
z3_cold,4455181,0.9803921568627451
z3_cold,4467892,0.982174688057041
z3_cold,4511284,0.983957219251337
z3_cold,4583833,0.9857397504456328
z3_cold,4847143,0.9875222816399287
z3_cold,5001106,0.9893048128342246
z3_cold,5005868,0.9910873440285205
z3_cold,5114323,0.9928698752228164
z3_cold,5336466,0.9946524064171123
z3_cold,5857723,0.9964349376114082
z3_cold,5868906,0.9982174688057041
z3_cold,8334515,1.0
z3_warm,29896,0.0017825311942959
z3_warm,33891,0.0035650623885918
z3_warm,34904,0.0053475935828877
z3_warm,35002,0.0071301247771836
z3_warm,38640,0.008912655971479501
z3_warm,38719,0.0106951871657754
z3_warm,41872,0.012477718360071301
z3_warm,42332,0.0142602495543672
z3_warm,43556,0.016042780748663103
z3_warm,43842,0.017825311942959002
z3_warm,47115,0.0196078431372549
z3_warm,50885,0.0213903743315508
z3_warm,52409,0.023172905525846704
z3_warm,52998,0.024955436720142603
z3_warm,54167,0.026737967914438502
z3_warm,54828,0.0285204991087344
z3_warm,55658,0.030303030303030304
z3_warm,56264,0.03208556149732621
z3_warm,56390,0.0338680926916221
z3_warm,56761,0.035650623885918005
z3_warm,57037,0.0374331550802139
z3_warm,57166,0.0392156862745098
z3_warm,57560,0.040998217468805706
z3_warm,57564,0.0427807486631016
z3_warm,57704,0.044563279857397504
z3_warm,57834,0.04634581105169341
z3_warm,58608,0.0481283422459893
z3_warm,59104,0.049910873440285206
z3_warm,59228,0.05169340463458111
z3_warm,59360,0.053475935828877004
z3_warm,60042,0.05525846702317291
z3_warm,60492,0.0570409982174688
z3_warm,60528,0.058823529411764705
z3_warm,60767,0.06060606060606061
z3_warm,60860,0.062388591800356503
z3_warm,61185,0.06417112299465241
z3_warm,61657,0.0659536541889483
z3_warm,61727,0.0677361853832442
z3_warm,61856,0.06951871657754011
z3_warm,61893,0.07130124777183601
z3_warm,62085,0.07308377896613191
z3_warm,62133,0.0748663101604278
z3_warm,62768,0.0766488413547237
z3_warm,62971,0.0784313725490196
z3_warm,63140,0.08021390374331551
z3_warm,63162,0.08199643493761141
z3_warm,63647,0.08377896613190731
z3_warm,63979,0.0855614973262032
z3_warm,64200,0.0873440285204991
z3_warm,64269,0.08912655971479501
z3_warm,64326,0.09090909090909091
z3_warm,64909,0.09269162210338681
z3_warm,64949,0.0944741532976827
z3_warm,65004,0.0962566844919786
z3_warm,65602,0.09803921568627451
z3_warm,66283,0.09982174688057041
z3_warm,66351,0.10160427807486631
z3_warm,66390,0.10338680926916222
z3_warm,66560,0.1051693404634581
z3_warm,66564,0.10695187165775401
z3_warm,67247,0.10873440285204991
z3_warm,67347,0.11051693404634581
z3_warm,67754,0.11229946524064172
z3_warm,67989,0.1140819964349376
z3_warm,68149,0.11586452762923351
z3_warm,68239,0.11764705882352941
z3_warm,68767,0.11942959001782531
z3_warm,69162,0.12121212121212122
z3_warm,69295,0.12299465240641712
z3_warm,69360,0.12477718360071301
z3_warm,69428,0.1265597147950089
z3_warm,69486,0.12834224598930483
z3_warm,69655,0.13012477718360071
z3_warm,69723,0.1319073083778966
z3_warm,69730,0.13368983957219252
z3_warm,70094,0.1354723707664884
z3_warm,70475,0.13725490196078433
z3_warm,70528,0.13903743315508021
z3_warm,71039,0.1408199643493761
z3_warm,71649,0.14260249554367202
z3_warm,71944,0.1443850267379679
z3_warm,72120,0.14616755793226383
z3_warm,72492,0.14795008912655971
z3_warm,73315,0.1497326203208556
z3_warm,73340,0.15151515151515152
z3_warm,73934,0.1532976827094474
z3_warm,74550,0.15508021390374332
z3_warm,74551,0.1568627450980392
z3_warm,74588,0.1586452762923351
z3_warm,75061,0.16042780748663102
z3_warm,75367,0.1622103386809269
z3_warm,75369,0.16399286987522282
z3_warm,75539,0.1657754010695187
z3_warm,76038,0.16755793226381463
z3_warm,76701,0.16934046345811052
z3_warm,76887,0.1711229946524064
z3_warm,76982,0.17290552584670232
z3_warm,77280,0.1746880570409982
z3_warm,77471,0.17647058823529413
z3_warm,77877,0.17825311942959002
z3_warm,79222,0.1800356506238859
z3_warm,79232,0.18181818181818182
z3_warm,80966,0.1836007130124777
z3_warm,81030,0.18538324420677363
z3_warm,81040,0.18716577540106952
z3_warm,81040,0.1889483065953654
z3_warm,82394,0.19073083778966132
z3_warm,82610,0.1925133689839572
z3_warm,84636,0.19429590017825313
z3_warm,85555,0.19607843137254902
z3_warm,85936,0.19786096256684493
z3_warm,86025,0.19964349376114082
z3_warm,86902,0.2014260249554367
z3_warm,86977,0.20320855614973263
z3_warm,87679,0.20499108734402852
z3_warm,88172,0.20677361853832443
z3_warm,88569,0.20855614973262032
z3_warm,89215,0.2103386809269162
z3_warm,89762,0.21212121212121213
z3_warm,90078,0.21390374331550802
z3_warm,90376,0.21568627450980393
z3_warm,90975,0.21746880570409982
z3_warm,90981,0.2192513368983957
z3_warm,91333,0.22103386809269163
z3_warm,91363,0.22281639928698752
z3_warm,91439,0.22459893048128343
z3_warm,91458,0.22638146167557932
z3_warm,91789,0.2281639928698752
z3_warm,91818,0.22994652406417113
z3_warm,91927,0.23172905525846701
z3_warm,92093,0.23351158645276293
z3_warm,93108,0.23529411764705882
z3_warm,93305,0.23707664884135474
z3_warm,94168,0.23885918003565063
z3_warm,94235,0.24064171122994651
z3_warm,94501,0.24242424242424243
z3_warm,95158,0.24420677361853832
z3_warm,95256,0.24598930481283424
z3_warm,95548,0.24777183600713013
z3_warm,95611,0.24955436720142601
z3_warm,95904,0.25133689839572193
z3_warm,96436,0.2531194295900178
z3_warm,96953,0.2549019607843137
z3_warm,97138,0.25668449197860965
z3_warm,97177,0.25846702317290554
z3_warm,97630,0.26024955436720143
z3_warm,97854,0.2620320855614973
z3_warm,99526,0.2638146167557932
z3_warm,99659,0.26559714795008915
z3_warm,100301,0.26737967914438504
z3_warm,100749,0.26916221033868093
z3_warm,100754,0.2709447415329768
z3_warm,101240,0.2727272727272727
z3_warm,103017,0.27450980392156865
z3_warm,103027,0.27629233511586454
z3_warm,103091,0.27807486631016043
z3_warm,103417,0.2798573975044563
z3_warm,103668,0.2816399286987522
z3_warm,103864,0.28342245989304815
z3_warm,104096,0.28520499108734404
z3_warm,104575,0.28698752228163993
z3_warm,105468,0.2887700534759358
z3_warm,105618,0.2905525846702317
z3_warm,105696,0.29233511586452765
z3_warm,105768,0.29411764705882354
z3_warm,105835,0.29590017825311943
z3_warm,105872,0.2976827094474153
z3_warm,106688,0.2994652406417112
z3_warm,106961,0.30124777183600715
z3_warm,106965,0.30303030303030304
z3_warm,107274,0.3048128342245989
z3_warm,107275,0.3065953654188948
z3_warm,107275,0.3083778966131907
z3_warm,107290,0.31016042780748665
z3_warm,107737,0.31194295900178254
z3_warm,107851,0.3137254901960784
z3_warm,108179,0.3155080213903743
z3_warm,108525,0.3172905525846702
z3_warm,109070,0.31907308377896615
z3_warm,109331,0.32085561497326204
z3_warm,109387,0.3226381461675579
z3_warm,109468,0.3244206773618538
z3_warm,109525,0.32620320855614976
z3_warm,110036,0.32798573975044565
z3_warm,110122,0.32976827094474154
z3_warm,110313,0.3315508021390374
z3_warm,110456,0.3333333333333333
z3_warm,110894,0.33511586452762926
z3_warm,110997,0.33689839572192515
z3_warm,111599,0.33868092691622104
z3_warm,112261,0.3404634581105169
z3_warm,112514,0.3422459893048128
z3_warm,112721,0.34402852049910876
z3_warm,112939,0.34581105169340465
z3_warm,113118,0.34759358288770054
z3_warm,113341,0.3493761140819964
z3_warm,113522,0.3511586452762923
z3_warm,113731,0.35294117647058826
z3_warm,114934,0.35472370766488415
z3_warm,114936,0.35650623885918004
z3_warm,115101,0.3582887700534759
z3_warm,115187,0.3600713012477718
z3_warm,115220,0.36185383244206776
z3_warm,115233,0.36363636363636365
z3_warm,115489,0.36541889483065954
z3_warm,115798,0.3672014260249554
z3_warm,116038,0.3689839572192513
z3_warm,116173,0.37076648841354726
z3_warm,116189,0.37254901960784315
z3_warm,117010,0.37433155080213903
z3_warm,117026,0.3761140819964349
z3_warm,117099,0.3778966131907308
z3_warm,117416,0.37967914438502676
z3_warm,117811,0.38146167557932265
z3_warm,118349,0.38324420677361853
z3_warm,118784,0.3850267379679144
z3_warm,119288,0.3868092691622103
z3_warm,119351,0.38859180035650626
z3_warm,120163,0.39037433155080214
z3_warm,121382,0.39215686274509803
z3_warm,121569,0.3939393939393939
z3_warm,121978,0.39572192513368987
z3_warm,121990,0.39750445632798576
z3_warm,122014,0.39928698752228164
z3_warm,122775,0.40106951871657753
z3_warm,123075,0.4028520499108734
z3_warm,123525,0.40463458110516937
z3_warm,123775,0.40641711229946526
z3_warm,124025,0.40819964349376114
z3_warm,124107,0.40998217468805703
z3_warm,124407,0.4117647058823529
z3_warm,124878,0.41354723707664887
z3_warm,124975,0.41532976827094475
z3_warm,124981,0.41711229946524064
z3_warm,125125,0.41889483065953653
z3_warm,125509,0.4206773618538324
z3_warm,125584,0.42245989304812837
z3_warm,125663,0.42424242424242425
z3_warm,126543,0.42602495543672014
z3_warm,127061,0.42780748663101603
z3_warm,127327,0.4295900178253119
z3_warm,127352,0.43137254901960786
z3_warm,127552,0.43315508021390375
z3_warm,127901,0.43493761140819964
z3_warm,127982,0.43672014260249553
z3_warm,128318,0.4385026737967914
z3_warm,128387,0.44028520499108736
z3_warm,128463,0.44206773618538325
z3_warm,128653,0.44385026737967914
z3_warm,130832,0.44563279857397503
z3_warm,131710,0.4474153297682709
z3_warm,131887,0.44919786096256686
z3_warm,132776,0.45098039215686275
z3_warm,132805,0.45276292335115864
z3_warm,133271,0.45454545454545453
z3_warm,133299,0.4563279857397504
z3_warm,133469,0.45811051693404636
z3_warm,134042,0.45989304812834225
z3_warm,134328,0.46167557932263814
z3_warm,134419,0.46345811051693403
z3_warm,134570,0.46524064171123
z3_warm,134818,0.46702317290552586
z3_warm,135037,0.46880570409982175
z3_warm,135049,0.47058823529411764
z3_warm,135122,0.47237076648841353
z3_warm,135750,0.4741532976827095
z3_warm,135931,0.47593582887700536
z3_warm,135962,0.47771836007130125
z3_warm,136399,0.47950089126559714
z3_warm,136940,0.48128342245989303
z3_warm,137084,0.483065953654189
z3_warm,137941,0.48484848484848486
z3_warm,137961,0.48663101604278075
z3_warm,138158,0.48841354723707664
z3_warm,138158,0.49019607843137253
z3_warm,138783,0.4919786096256685
z3_warm,138932,0.49376114081996436
z3_warm,139428,0.49554367201426025
z3_warm,139652,0.49732620320855614
z3_warm,139824,0.49910873440285203
z3_warm,140395,0.5008912655971479
z3_warm,140580,0.5026737967914439
z3_warm,140729,0.5044563279857398
z3_warm,140955,0.5062388591800356
z3_warm,141227,0.5080213903743316
z3_warm,141889,0.5098039215686274
z3_warm,141939,0.5115864527629234
z3_warm,141950,0.5133689839572193
z3_warm,142073,0.5151515151515151
z3_warm,142349,0.5169340463458111
z3_warm,143326,0.5187165775401069
z3_warm,144076,0.5204991087344029
z3_warm,144178,0.5222816399286988
z3_warm,144229,0.5240641711229946
z3_warm,144359,0.5258467023172906
z3_warm,144659,0.5276292335115864
z3_warm,144910,0.5294117647058824
z3_warm,144930,0.5311942959001783
z3_warm,145829,0.5329768270944741
z3_warm,146030,0.5347593582887701
z3_warm,146284,0.5365418894830659
z3_warm,146643,0.5383244206773619
z3_warm,146777,0.5401069518716578
z3_warm,147291,0.5418894830659536
z3_warm,147470,0.5436720142602496
z3_warm,147731,0.5454545454545454
z3_warm,148421,0.5472370766488414
z3_warm,148671,0.5490196078431373
z3_warm,148680,0.5508021390374331
z3_warm,149085,0.5525846702317291
z3_warm,149769,0.5543672014260249
z3_warm,149860,0.5561497326203209
z3_warm,150270,0.5579322638146168
z3_warm,151125,0.5597147950089126
z3_warm,151636,0.5614973262032086
z3_warm,151728,0.5632798573975044
z3_warm,152391,0.5650623885918004
z3_warm,152806,0.5668449197860963
z3_warm,153767,0.5686274509803921
z3_warm,153841,0.5704099821746881
z3_warm,154111,0.5721925133689839
z3_warm,154358,0.5739750445632799
z3_warm,154696,0.5757575757575758
z3_warm,155011,0.5775401069518716
z3_warm,155194,0.5793226381461676
z3_warm,155457,0.5811051693404634
z3_warm,155819,0.5828877005347594
z3_warm,156615,0.5846702317290553
z3_warm,157613,0.5864527629233511
z3_warm,157690,0.5882352941176471
z3_warm,158001,0.5900178253119429
z3_warm,158082,0.5918003565062389
z3_warm,158304,0.5935828877005348
z3_warm,160035,0.5953654188948306
z3_warm,160145,0.5971479500891266
z3_warm,160394,0.5989304812834224
z3_warm,160452,0.6007130124777184
z3_warm,160520,0.6024955436720143
z3_warm,160996,0.6042780748663101
z3_warm,161342,0.6060606060606061
z3_warm,162332,0.6078431372549019
z3_warm,162611,0.6096256684491979
z3_warm,162962,0.6114081996434938
z3_warm,163114,0.6131907308377896
z3_warm,163183,0.6149732620320856
z3_warm,163277,0.6167557932263814
z3_warm,163461,0.6185383244206774
z3_warm,163506,0.6203208556149733
z3_warm,163634,0.6221033868092691
z3_warm,164216,0.6238859180035651
z3_warm,164671,0.6256684491978609
z3_warm,164716,0.6274509803921569
z3_warm,165841,0.6292335115864528
z3_warm,166043,0.6310160427807486
z3_warm,166249,0.6327985739750446
z3_warm,167466,0.6345811051693404
z3_warm,168125,0.6363636363636364
z3_warm,168399,0.6381461675579323
z3_warm,169221,0.6399286987522281
z3_warm,171107,0.6417112299465241
z3_warm,172197,0.64349376114082
z3_warm,172264,0.6452762923351159
z3_warm,172726,0.6470588235294118
z3_warm,173073,0.6488413547237076
z3_warm,174804,0.6506238859180036
z3_warm,176023,0.6524064171122995
z3_warm,176681,0.6541889483065954
z3_warm,176683,0.6559714795008913
z3_warm,177002,0.6577540106951871
z3_warm,178216,0.6595365418894831
z3_warm,178356,0.661319073083779
z3_warm,178842,0.6631016042780749
z3_warm,178842,0.6648841354723708
z3_warm,179239,0.6666666666666666
z3_warm,179514,0.6684491978609626
z3_warm,180078,0.6702317290552585
z3_warm,180294,0.6720142602495544
z3_warm,180384,0.6737967914438503
z3_warm,180419,0.6755793226381461
z3_warm,180652,0.6773618538324421
z3_warm,180777,0.679144385026738
z3_warm,180936,0.6809269162210339
z3_warm,181323,0.6827094474153298
z3_warm,182359,0.6844919786096256
z3_warm,183025,0.6862745098039216
z3_warm,183821,0.6880570409982175
z3_warm,184000,0.6898395721925134
z3_warm,184044,0.6916221033868093
z3_warm,184158,0.6934046345811051
z3_warm,184218,0.6951871657754011
z3_warm,185452,0.696969696969697
z3_warm,185453,0.6987522281639929
z3_warm,186215,0.7005347593582888
z3_warm,186454,0.7023172905525846
z3_warm,186960,0.7040998217468806
z3_warm,186980,0.7058823529411765
z3_warm,187376,0.7076648841354723
z3_warm,187513,0.7094474153297683
z3_warm,187599,0.7112299465240641
z3_warm,187691,0.7130124777183601
z3_warm,187888,0.714795008912656
z3_warm,187914,0.7165775401069518
z3_warm,187934,0.7183600713012478
z3_warm,188213,0.7201426024955436
z3_warm,192712,0.7219251336898396
z3_warm,192757,0.7237076648841355
z3_warm,194375,0.7254901960784313
z3_warm,195932,0.7272727272727273
z3_warm,196979,0.7290552584670231
z3_warm,197500,0.7308377896613191
z3_warm,197966,0.732620320855615
z3_warm,200860,0.7344028520499108
z3_warm,200967,0.7361853832442068
z3_warm,202100,0.7379679144385026
z3_warm,202209,0.7397504456327986
z3_warm,202383,0.7415329768270945
z3_warm,202401,0.7433155080213903
z3_warm,202405,0.7450980392156863
z3_warm,204102,0.7468805704099821
z3_warm,205619,0.7486631016042781
z3_warm,205752,0.750445632798574
z3_warm,206641,0.7522281639928698
z3_warm,207147,0.7540106951871658
z3_warm,207629,0.7557932263814616
z3_warm,208456,0.7575757575757576
z3_warm,209010,0.7593582887700535
z3_warm,209084,0.7611408199643493
z3_warm,209919,0.7629233511586453
z3_warm,211152,0.7647058823529411
z3_warm,213280,0.7664884135472371
z3_warm,213310,0.768270944741533
z3_warm,214530,0.7700534759358288
z3_warm,214974,0.7718360071301248
z3_warm,216332,0.7736185383244206
z3_warm,217948,0.7754010695187166
z3_warm,218397,0.7771836007130125
z3_warm,218997,0.7789661319073083
z3_warm,220681,0.7807486631016043
z3_warm,220981,0.7825311942959001
z3_warm,221467,0.7843137254901961
z3_warm,221495,0.786096256684492
z3_warm,221620,0.7878787878787878
z3_warm,221934,0.7896613190730838
z3_warm,223889,0.7914438502673797
z3_warm,224562,0.7932263814616756
z3_warm,226630,0.7950089126559715
z3_warm,226895,0.7967914438502673
z3_warm,227047,0.7985739750445633
z3_warm,227148,0.8003565062388592
z3_warm,227913,0.8021390374331551
z3_warm,228138,0.803921568627451
z3_warm,228707,0.8057040998217468
z3_warm,229767,0.8074866310160428
z3_warm,231286,0.8092691622103387
z3_warm,233783,0.8110516934046346
z3_warm,233970,0.8128342245989305
z3_warm,234239,0.8146167557932263
z3_warm,235317,0.8163992869875223
z3_warm,236046,0.8181818181818182
z3_warm,236197,0.8199643493761141
z3_warm,236391,0.82174688057041
z3_warm,236476,0.8235294117647058
z3_warm,236998,0.8253119429590018
z3_warm,237736,0.8270944741532977
z3_warm,237954,0.8288770053475936
z3_warm,238122,0.8306595365418895
z3_warm,239844,0.8324420677361853
z3_warm,240338,0.8342245989304813
z3_warm,242533,0.8360071301247772
z3_warm,243596,0.8377896613190731
z3_warm,244222,0.839572192513369
z3_warm,246007,0.8413547237076648
z3_warm,246472,0.8431372549019608
z3_warm,246485,0.8449197860962567
z3_warm,246503,0.8467023172905526
z3_warm,248190,0.8484848484848485
z3_warm,248894,0.8502673796791443
z3_warm,248983,0.8520499108734403
z3_warm,249036,0.8538324420677362
z3_warm,249210,0.8556149732620321
z3_warm,249388,0.857397504456328
z3_warm,249901,0.8591800356506238
z3_warm,250430,0.8609625668449198
z3_warm,252308,0.8627450980392157
z3_warm,252643,0.8645276292335116
z3_warm,253026,0.8663101604278075
z3_warm,253268,0.8680926916221033
z3_warm,253378,0.8698752228163993
z3_warm,253424,0.8716577540106952
z3_warm,254070,0.8734402852049911
z3_warm,254976,0.875222816399287
z3_warm,255808,0.8770053475935828
z3_warm,257356,0.8787878787878788
z3_warm,258481,0.8805704099821747
z3_warm,259174,0.8823529411764706
z3_warm,260254,0.8841354723707665
z3_warm,260768,0.8859180035650623
z3_warm,261438,0.8877005347593583
z3_warm,261793,0.8894830659536542
z3_warm,262310,0.8912655971479501
z3_warm,262313,0.893048128342246
z3_warm,263268,0.8948306595365418
z3_warm,263835,0.8966131907308378
z3_warm,265271,0.8983957219251337
z3_warm,265428,0.9001782531194296
z3_warm,265489,0.9019607843137255
z3_warm,266082,0.9037433155080213
z3_warm,269127,0.9055258467023173
z3_warm,270839,0.9073083778966132
z3_warm,270966,0.9090909090909091
z3_warm,273055,0.910873440285205
z3_warm,274767,0.9126559714795008
z3_warm,279448,0.9144385026737968
z3_warm,280540,0.9162210338680927
z3_warm,284203,0.9180035650623886
z3_warm,286389,0.9197860962566845
z3_warm,287258,0.9215686274509803
z3_warm,287987,0.9233511586452763
z3_warm,288985,0.9251336898395722
z3_warm,291992,0.9269162210338681
z3_warm,292057,0.928698752228164
z3_warm,301242,0.93048128342246
z3_warm,307336,0.9322638146167558
z3_warm,312995,0.9340463458110517
z3_warm,314537,0.9358288770053476
z3_warm,314552,0.9376114081996435
z3_warm,315151,0.9393939393939394
z3_warm,316224,0.9411764705882353
z3_warm,320595,0.9429590017825312
z3_warm,324847,0.9447415329768271
z3_warm,324929,0.946524064171123
z3_warm,325647,0.948306595365419
z3_warm,326565,0.9500891265597148
z3_warm,331427,0.9518716577540107
z3_warm,332178,0.9536541889483066
z3_warm,333585,0.9554367201426025
z3_warm,333834,0.9572192513368984
z3_warm,337518,0.9590017825311943
z3_warm,340037,0.9607843137254902
z3_warm,345434,0.9625668449197861
z3_warm,346661,0.964349376114082
z3_warm,346746,0.966131907308378
z3_warm,364934,0.9679144385026738
z3_warm,371881,0.9696969696969697
z3_warm,374309,0.9714795008912656
z3_warm,378158,0.9732620320855615
z3_warm,378235,0.9750445632798574
z3_warm,384235,0.9768270944741533
z3_warm,388543,0.9786096256684492
z3_warm,411023,0.9803921568627451
z3_warm,419272,0.982174688057041
z3_warm,419670,0.983957219251337
z3_warm,432877,0.9857397504456328
z3_warm,446337,0.9875222816399287
z3_warm,496489,0.9893048128342246
z3_warm,502518,0.9910873440285205
z3_warm,512128,0.9928698752228164
z3_warm,520899,0.9946524064171123
z3_warm,534209,0.9964349376114082
z3_warm,557964,0.9982174688057041
z3_warm,1205641,1.0
axeyum_cold,7608,0.0017825311942959
axeyum_cold,11166,0.0035650623885918
axeyum_cold,15021,0.0053475935828877
axeyum_cold,18814,0.0071301247771836
axeyum_cold,26387,0.008912655971479501
axeyum_cold,29218,0.0106951871657754
axeyum_cold,51976,0.012477718360071301
axeyum_cold,60400,0.0142602495543672
axeyum_cold,65162,0.016042780748663103
axeyum_cold,69259,0.017825311942959002
axeyum_cold,79752,0.0196078431372549
axeyum_cold,96300,0.0213903743315508
axeyum_cold,98924,0.023172905525846704
axeyum_cold,98986,0.024955436720142603
axeyum_cold,101544,0.026737967914438502
axeyum_cold,103670,0.0285204991087344
axeyum_cold,104594,0.030303030303030304
axeyum_cold,108239,0.03208556149732621
axeyum_cold,110605,0.0338680926916221
axeyum_cold,113526,0.035650623885918005
axeyum_cold,123716,0.0374331550802139
axeyum_cold,127260,0.0392156862745098
axeyum_cold,129657,0.040998217468805706
axeyum_cold,133813,0.0427807486631016
axeyum_cold,140267,0.044563279857397504
axeyum_cold,145577,0.04634581105169341
axeyum_cold,146853,0.0481283422459893
axeyum_cold,148255,0.049910873440285206
axeyum_cold,151164,0.05169340463458111
axeyum_cold,156885,0.053475935828877004
axeyum_cold,157858,0.05525846702317291
axeyum_cold,159682,0.0570409982174688
axeyum_cold,160847,0.058823529411764705
axeyum_cold,161120,0.06060606060606061
axeyum_cold,161541,0.062388591800356503
axeyum_cold,165196,0.06417112299465241
axeyum_cold,166171,0.0659536541889483
axeyum_cold,174633,0.0677361853832442
axeyum_cold,175981,0.06951871657754011
axeyum_cold,181641,0.07130124777183601
axeyum_cold,182168,0.07308377896613191
axeyum_cold,183692,0.0748663101604278
axeyum_cold,183727,0.0766488413547237
axeyum_cold,183733,0.0784313725490196
axeyum_cold,184604,0.08021390374331551
axeyum_cold,187490,0.08199643493761141
axeyum_cold,187834,0.08377896613190731
axeyum_cold,188015,0.0855614973262032
axeyum_cold,188116,0.0873440285204991
axeyum_cold,191745,0.08912655971479501
axeyum_cold,197615,0.09090909090909091
axeyum_cold,201594,0.09269162210338681
axeyum_cold,202710,0.0944741532976827
axeyum_cold,203398,0.0962566844919786
axeyum_cold,207668,0.09803921568627451
axeyum_cold,211802,0.09982174688057041
axeyum_cold,215842,0.10160427807486631
axeyum_cold,218972,0.10338680926916222
axeyum_cold,219437,0.1051693404634581
axeyum_cold,219572,0.10695187165775401
axeyum_cold,221072,0.10873440285204991
axeyum_cold,223417,0.11051693404634581
axeyum_cold,223739,0.11229946524064172
axeyum_cold,230632,0.1140819964349376
axeyum_cold,231583,0.11586452762923351
axeyum_cold,241658,0.11764705882352941
axeyum_cold,243199,0.11942959001782531
axeyum_cold,245975,0.12121212121212122
axeyum_cold,248776,0.12299465240641712
axeyum_cold,249339,0.12477718360071301
axeyum_cold,251014,0.1265597147950089
axeyum_cold,258815,0.12834224598930483
axeyum_cold,258926,0.13012477718360071
axeyum_cold,265030,0.1319073083778966
axeyum_cold,265985,0.13368983957219252
axeyum_cold,267575,0.1354723707664884
axeyum_cold,268182,0.13725490196078433
axeyum_cold,270645,0.13903743315508021
axeyum_cold,272734,0.1408199643493761
axeyum_cold,275770,0.14260249554367202
axeyum_cold,278819,0.1443850267379679
axeyum_cold,280459,0.14616755793226383
axeyum_cold,283329,0.14795008912655971
axeyum_cold,285265,0.1497326203208556
axeyum_cold,287430,0.15151515151515152
axeyum_cold,290013,0.1532976827094474
axeyum_cold,292842,0.15508021390374332
axeyum_cold,293039,0.1568627450980392
axeyum_cold,293434,0.1586452762923351
axeyum_cold,295474,0.16042780748663102
axeyum_cold,298877,0.1622103386809269
axeyum_cold,301087,0.16399286987522282
axeyum_cold,301855,0.1657754010695187
axeyum_cold,311313,0.16755793226381463
axeyum_cold,311748,0.16934046345811052
axeyum_cold,311900,0.1711229946524064
axeyum_cold,315762,0.17290552584670232
axeyum_cold,318126,0.1746880570409982
axeyum_cold,318445,0.17647058823529413
axeyum_cold,319460,0.17825311942959002
axeyum_cold,319817,0.1800356506238859
axeyum_cold,321732,0.18181818181818182
axeyum_cold,323152,0.1836007130124777
axeyum_cold,323665,0.18538324420677363
axeyum_cold,325183,0.18716577540106952
axeyum_cold,332016,0.1889483065953654
axeyum_cold,334324,0.19073083778966132
axeyum_cold,336910,0.1925133689839572
axeyum_cold,338901,0.19429590017825313
axeyum_cold,339938,0.19607843137254902
axeyum_cold,344572,0.19786096256684493
axeyum_cold,346049,0.19964349376114082
axeyum_cold,348111,0.2014260249554367
axeyum_cold,357314,0.20320855614973263
axeyum_cold,357850,0.20499108734402852
axeyum_cold,366379,0.20677361853832443
axeyum_cold,368277,0.20855614973262032
axeyum_cold,373446,0.2103386809269162
axeyum_cold,378058,0.21212121212121213
axeyum_cold,383818,0.21390374331550802
axeyum_cold,388224,0.21568627450980393
axeyum_cold,389871,0.21746880570409982
axeyum_cold,400829,0.2192513368983957
axeyum_cold,402658,0.22103386809269163
axeyum_cold,404330,0.22281639928698752
axeyum_cold,405197,0.22459893048128343
axeyum_cold,405417,0.22638146167557932
axeyum_cold,405511,0.2281639928698752
axeyum_cold,409235,0.22994652406417113
axeyum_cold,409704,0.23172905525846701
axeyum_cold,420163,0.23351158645276293
axeyum_cold,420771,0.23529411764705882
axeyum_cold,422612,0.23707664884135474
axeyum_cold,424488,0.23885918003565063
axeyum_cold,424563,0.24064171122994651
axeyum_cold,424809,0.24242424242424243
axeyum_cold,436557,0.24420677361853832
axeyum_cold,446645,0.24598930481283424
axeyum_cold,448124,0.24777183600713013
axeyum_cold,450212,0.24955436720142601
axeyum_cold,451083,0.25133689839572193
axeyum_cold,462076,0.2531194295900178
axeyum_cold,477862,0.2549019607843137
axeyum_cold,480107,0.25668449197860965
axeyum_cold,485659,0.25846702317290554
axeyum_cold,493246,0.26024955436720143
axeyum_cold,493403,0.2620320855614973
axeyum_cold,494186,0.2638146167557932
axeyum_cold,500547,0.26559714795008915
axeyum_cold,506564,0.26737967914438504
axeyum_cold,507767,0.26916221033868093
axeyum_cold,509012,0.2709447415329768
axeyum_cold,514054,0.2727272727272727
axeyum_cold,514158,0.27450980392156865
axeyum_cold,526979,0.27629233511586454
axeyum_cold,532486,0.27807486631016043
axeyum_cold,532946,0.2798573975044563
axeyum_cold,539339,0.2816399286987522
axeyum_cold,541353,0.28342245989304815
axeyum_cold,544039,0.28520499108734404
axeyum_cold,560650,0.28698752228163993
axeyum_cold,560824,0.2887700534759358
axeyum_cold,563075,0.2905525846702317
axeyum_cold,563456,0.29233511586452765
axeyum_cold,564619,0.29411764705882354
axeyum_cold,575809,0.29590017825311943
axeyum_cold,579528,0.2976827094474153
axeyum_cold,581999,0.2994652406417112
axeyum_cold,582656,0.30124777183600715
axeyum_cold,583971,0.30303030303030304
axeyum_cold,588345,0.3048128342245989
axeyum_cold,592523,0.3065953654188948
axeyum_cold,596143,0.3083778966131907
axeyum_cold,604761,0.31016042780748665
axeyum_cold,614745,0.31194295900178254
axeyum_cold,615234,0.3137254901960784
axeyum_cold,618006,0.3155080213903743
axeyum_cold,628538,0.3172905525846702
axeyum_cold,637335,0.31907308377896615
axeyum_cold,650053,0.32085561497326204
axeyum_cold,650715,0.3226381461675579
axeyum_cold,654957,0.3244206773618538
axeyum_cold,655048,0.32620320855614976
axeyum_cold,658697,0.32798573975044565
axeyum_cold,661909,0.32976827094474154
axeyum_cold,677579,0.3315508021390374
axeyum_cold,686614,0.3333333333333333
axeyum_cold,696620,0.33511586452762926
axeyum_cold,697201,0.33689839572192515
axeyum_cold,700280,0.33868092691622104
axeyum_cold,704381,0.3404634581105169
axeyum_cold,705208,0.3422459893048128
axeyum_cold,710631,0.34402852049910876
axeyum_cold,714959,0.34581105169340465
axeyum_cold,715603,0.34759358288770054
axeyum_cold,724174,0.3493761140819964
axeyum_cold,731898,0.3511586452762923
axeyum_cold,743622,0.35294117647058826
axeyum_cold,758047,0.35472370766488415
axeyum_cold,767745,0.35650623885918004
axeyum_cold,768099,0.3582887700534759
axeyum_cold,772727,0.3600713012477718
axeyum_cold,780781,0.36185383244206776
axeyum_cold,804451,0.36363636363636365
axeyum_cold,824232,0.36541889483065954
axeyum_cold,829870,0.3672014260249554
axeyum_cold,847354,0.3689839572192513
axeyum_cold,869213,0.37076648841354726
axeyum_cold,886185,0.37254901960784315
axeyum_cold,921538,0.37433155080213903
axeyum_cold,928975,0.3761140819964349
axeyum_cold,956494,0.3778966131907308
axeyum_cold,960487,0.37967914438502676
axeyum_cold,973986,0.38146167557932265
axeyum_cold,989814,0.38324420677361853
axeyum_cold,1018317,0.3850267379679144
axeyum_cold,1021240,0.3868092691622103
axeyum_cold,1029934,0.38859180035650626
axeyum_cold,1037486,0.39037433155080214
axeyum_cold,1037530,0.39215686274509803
axeyum_cold,1061450,0.3939393939393939
axeyum_cold,1069945,0.39572192513368987
axeyum_cold,1074234,0.39750445632798576
axeyum_cold,1091378,0.39928698752228164
axeyum_cold,1106175,0.40106951871657753
axeyum_cold,1115058,0.4028520499108734
axeyum_cold,1117378,0.40463458110516937
axeyum_cold,1129040,0.40641711229946526
axeyum_cold,1144579,0.40819964349376114
axeyum_cold,1155387,0.40998217468805703
axeyum_cold,1166291,0.4117647058823529
axeyum_cold,1201630,0.41354723707664887
axeyum_cold,1222876,0.41532976827094475
axeyum_cold,1231643,0.41711229946524064
axeyum_cold,1244461,0.41889483065953653
axeyum_cold,1268029,0.4206773618538324
axeyum_cold,1271700,0.42245989304812837
axeyum_cold,1275700,0.42424242424242425
axeyum_cold,1311525,0.42602495543672014
axeyum_cold,1312664,0.42780748663101603
axeyum_cold,1318860,0.4295900178253119
axeyum_cold,1322752,0.43137254901960786
axeyum_cold,1347594,0.43315508021390375
axeyum_cold,1352517,0.43493761140819964
axeyum_cold,1377092,0.43672014260249553
axeyum_cold,1379894,0.4385026737967914
axeyum_cold,1410645,0.44028520499108736
axeyum_cold,1417176,0.44206773618538325
axeyum_cold,1420845,0.44385026737967914
axeyum_cold,1454870,0.44563279857397503
axeyum_cold,1456261,0.4474153297682709
axeyum_cold,1476636,0.44919786096256686
axeyum_cold,1487656,0.45098039215686275
axeyum_cold,1502947,0.45276292335115864
axeyum_cold,1548895,0.45454545454545453
axeyum_cold,1550177,0.4563279857397504
axeyum_cold,1552945,0.45811051693404636
axeyum_cold,1604209,0.45989304812834225
axeyum_cold,1617695,0.46167557932263814
axeyum_cold,1632016,0.46345811051693403
axeyum_cold,1633182,0.46524064171123
axeyum_cold,1659643,0.46702317290552586
axeyum_cold,1674624,0.46880570409982175
axeyum_cold,1683010,0.47058823529411764
axeyum_cold,1685311,0.47237076648841353
axeyum_cold,1691425,0.4741532976827095
axeyum_cold,1720536,0.47593582887700536
axeyum_cold,1726906,0.47771836007130125
axeyum_cold,1726917,0.47950089126559714
axeyum_cold,1748526,0.48128342245989303
axeyum_cold,1772101,0.483065953654189
axeyum_cold,1805331,0.48484848484848486
axeyum_cold,1808298,0.48663101604278075
axeyum_cold,1821285,0.48841354723707664
axeyum_cold,1861618,0.49019607843137253
axeyum_cold,1901136,0.4919786096256685
axeyum_cold,1924083,0.49376114081996436
axeyum_cold,1932626,0.49554367201426025
axeyum_cold,1948353,0.49732620320855614
axeyum_cold,1969387,0.49910873440285203
axeyum_cold,1970224,0.5008912655971479
axeyum_cold,1971291,0.5026737967914439
axeyum_cold,1971790,0.5044563279857398
axeyum_cold,1973794,0.5062388591800356
axeyum_cold,1988495,0.5080213903743316
axeyum_cold,2001615,0.5098039215686274
axeyum_cold,2003575,0.5115864527629234
axeyum_cold,2017249,0.5133689839572193
axeyum_cold,2027721,0.5151515151515151
axeyum_cold,2063812,0.5169340463458111
axeyum_cold,2064377,0.5187165775401069
axeyum_cold,2070223,0.5204991087344029
axeyum_cold,2081517,0.5222816399286988
axeyum_cold,2093119,0.5240641711229946
axeyum_cold,2107961,0.5258467023172906
axeyum_cold,2112308,0.5276292335115864
axeyum_cold,2139033,0.5294117647058824
axeyum_cold,2169986,0.5311942959001783
axeyum_cold,2178131,0.5329768270944741
axeyum_cold,2179806,0.5347593582887701
axeyum_cold,2185869,0.5365418894830659
axeyum_cold,2188605,0.5383244206773619
axeyum_cold,2213963,0.5401069518716578
axeyum_cold,2221068,0.5418894830659536
axeyum_cold,2224497,0.5436720142602496
axeyum_cold,2238723,0.5454545454545454
axeyum_cold,2243919,0.5472370766488414
axeyum_cold,2247525,0.5490196078431373
axeyum_cold,2264510,0.5508021390374331
axeyum_cold,2295311,0.5525846702317291
axeyum_cold,2309799,0.5543672014260249
axeyum_cold,2325680,0.5561497326203209
axeyum_cold,2363932,0.5579322638146168
axeyum_cold,2369843,0.5597147950089126
axeyum_cold,2413897,0.5614973262032086
axeyum_cold,2443268,0.5632798573975044
axeyum_cold,2451349,0.5650623885918004
axeyum_cold,2482273,0.5668449197860963
axeyum_cold,2496583,0.5686274509803921
axeyum_cold,2497494,0.5704099821746881
axeyum_cold,2500039,0.5721925133689839
axeyum_cold,2529051,0.5739750445632799
axeyum_cold,2529528,0.5757575757575758
axeyum_cold,2537185,0.5775401069518716
axeyum_cold,2543010,0.5793226381461676
axeyum_cold,2555638,0.5811051693404634
axeyum_cold,2556124,0.5828877005347594
axeyum_cold,2589746,0.5846702317290553
axeyum_cold,2593458,0.5864527629233511
axeyum_cold,2628138,0.5882352941176471
axeyum_cold,2634252,0.5900178253119429
axeyum_cold,2641949,0.5918003565062389
axeyum_cold,2661799,0.5935828877005348
axeyum_cold,2662227,0.5953654188948306
axeyum_cold,2675320,0.5971479500891266
axeyum_cold,2685918,0.5989304812834224
axeyum_cold,2689061,0.6007130124777184
axeyum_cold,2722163,0.6024955436720143
axeyum_cold,2726608,0.6042780748663101
axeyum_cold,2742733,0.6060606060606061
axeyum_cold,2770742,0.6078431372549019
axeyum_cold,2785227,0.6096256684491979
axeyum_cold,2791167,0.6114081996434938
axeyum_cold,2795793,0.6131907308377896
axeyum_cold,2796573,0.6149732620320856
axeyum_cold,2825807,0.6167557932263814
axeyum_cold,2832604,0.6185383244206774
axeyum_cold,2836904,0.6203208556149733
axeyum_cold,2839354,0.6221033868092691
axeyum_cold,2863817,0.6238859180035651
axeyum_cold,2869785,0.6256684491978609
axeyum_cold,2898580,0.6274509803921569
axeyum_cold,2913141,0.6292335115864528
axeyum_cold,2917751,0.6310160427807486
axeyum_cold,2920234,0.6327985739750446
axeyum_cold,2924660,0.6345811051693404
axeyum_cold,2931456,0.6363636363636364
axeyum_cold,2937377,0.6381461675579323
axeyum_cold,2950521,0.6399286987522281
axeyum_cold,2960385,0.6417112299465241
axeyum_cold,2962333,0.64349376114082
axeyum_cold,2977389,0.6452762923351159
axeyum_cold,2978477,0.6470588235294118
axeyum_cold,3007134,0.6488413547237076
axeyum_cold,3012509,0.6506238859180036
axeyum_cold,3023836,0.6524064171122995
axeyum_cold,3023943,0.6541889483065954
axeyum_cold,3038212,0.6559714795008913
axeyum_cold,3039541,0.6577540106951871
axeyum_cold,3087331,0.6595365418894831
axeyum_cold,3140372,0.661319073083779
axeyum_cold,3146063,0.6631016042780749
axeyum_cold,3181278,0.6648841354723708
axeyum_cold,3238002,0.6666666666666666
axeyum_cold,3251252,0.6684491978609626
axeyum_cold,3252864,0.6702317290552585
axeyum_cold,3267709,0.6720142602495544
axeyum_cold,3278985,0.6737967914438503
axeyum_cold,3326260,0.6755793226381461
axeyum_cold,3338351,0.6773618538324421
axeyum_cold,3338630,0.679144385026738
axeyum_cold,3379853,0.6809269162210339
axeyum_cold,3389957,0.6827094474153298
axeyum_cold,3402851,0.6844919786096256
axeyum_cold,3425645,0.6862745098039216
axeyum_cold,3443379,0.6880570409982175
axeyum_cold,3477144,0.6898395721925134
axeyum_cold,3480904,0.6916221033868093
axeyum_cold,3511954,0.6934046345811051
axeyum_cold,3542964,0.6951871657754011
axeyum_cold,3556396,0.696969696969697
axeyum_cold,3595984,0.6987522281639929
axeyum_cold,3628729,0.7005347593582888
axeyum_cold,3660459,0.7023172905525846
axeyum_cold,3677359,0.7040998217468806
axeyum_cold,3686151,0.7058823529411765
axeyum_cold,3720616,0.7076648841354723
axeyum_cold,3722509,0.7094474153297683
axeyum_cold,3733006,0.7112299465240641
axeyum_cold,3747144,0.7130124777183601
axeyum_cold,3794802,0.714795008912656
axeyum_cold,3801598,0.7165775401069518
axeyum_cold,3816118,0.7183600713012478
axeyum_cold,3823165,0.7201426024955436
axeyum_cold,3823390,0.7219251336898396
axeyum_cold,3840377,0.7237076648841355
axeyum_cold,3859384,0.7254901960784313
axeyum_cold,3859989,0.7272727272727273
axeyum_cold,3890014,0.7290552584670231
axeyum_cold,3897686,0.7308377896613191
axeyum_cold,3916498,0.732620320855615
axeyum_cold,3922348,0.7344028520499108
axeyum_cold,3927531,0.7361853832442068
axeyum_cold,3940392,0.7379679144385026
axeyum_cold,3945140,0.7397504456327986
axeyum_cold,3948929,0.7415329768270945
axeyum_cold,3960585,0.7433155080213903
axeyum_cold,3965864,0.7450980392156863
axeyum_cold,3967752,0.7468805704099821
axeyum_cold,3971355,0.7486631016042781
axeyum_cold,3975437,0.750445632798574
axeyum_cold,4006688,0.7522281639928698
axeyum_cold,4007473,0.7540106951871658
axeyum_cold,4012074,0.7557932263814616
axeyum_cold,4028178,0.7575757575757576
axeyum_cold,4037121,0.7593582887700535
axeyum_cold,4038200,0.7611408199643493
axeyum_cold,4049735,0.7629233511586453
axeyum_cold,4057255,0.7647058823529411
axeyum_cold,4063731,0.7664884135472371
axeyum_cold,4086245,0.768270944741533
axeyum_cold,4105564,0.7700534759358288
axeyum_cold,4108579,0.7718360071301248
axeyum_cold,4124277,0.7736185383244206
axeyum_cold,4129766,0.7754010695187166
axeyum_cold,4131719,0.7771836007130125
axeyum_cold,4136571,0.7789661319073083
axeyum_cold,4138481,0.7807486631016043
axeyum_cold,4147284,0.7825311942959001
axeyum_cold,4175986,0.7843137254901961
axeyum_cold,4176691,0.786096256684492
axeyum_cold,4185502,0.7878787878787878
axeyum_cold,4199047,0.7896613190730838
axeyum_cold,4201728,0.7914438502673797
axeyum_cold,4207368,0.7932263814616756
axeyum_cold,4212563,0.7950089126559715
axeyum_cold,4225947,0.7967914438502673
axeyum_cold,4261555,0.7985739750445633
axeyum_cold,4309686,0.8003565062388592
axeyum_cold,4315933,0.8021390374331551
axeyum_cold,4328542,0.803921568627451
axeyum_cold,4368632,0.8057040998217468
axeyum_cold,4395519,0.8074866310160428
axeyum_cold,4424762,0.8092691622103387
axeyum_cold,4473902,0.8110516934046346
axeyum_cold,4496465,0.8128342245989305
axeyum_cold,4507159,0.8146167557932263
axeyum_cold,4511992,0.8163992869875223
axeyum_cold,4530892,0.8181818181818182
axeyum_cold,4530993,0.8199643493761141
axeyum_cold,4600119,0.82174688057041
axeyum_cold,4615404,0.8235294117647058
axeyum_cold,4618618,0.8253119429590018
axeyum_cold,4626867,0.8270944741532977
axeyum_cold,4629880,0.8288770053475936
axeyum_cold,4636738,0.8306595365418895
axeyum_cold,4647180,0.8324420677361853
axeyum_cold,4667514,0.8342245989304813
axeyum_cold,4681016,0.8360071301247772
axeyum_cold,4715605,0.8377896613190731
axeyum_cold,4720936,0.839572192513369
axeyum_cold,4741652,0.8413547237076648
axeyum_cold,4751657,0.8431372549019608
axeyum_cold,4754329,0.8449197860962567
axeyum_cold,4754423,0.8467023172905526
axeyum_cold,4783511,0.8484848484848485
axeyum_cold,4803899,0.8502673796791443
axeyum_cold,4820643,0.8520499108734403
axeyum_cold,4846206,0.8538324420677362
axeyum_cold,4872654,0.8556149732620321
axeyum_cold,4916855,0.857397504456328
axeyum_cold,4920288,0.8591800356506238
axeyum_cold,4939764,0.8609625668449198
axeyum_cold,4950761,0.8627450980392157
axeyum_cold,4967686,0.8645276292335116
axeyum_cold,4970745,0.8663101604278075
axeyum_cold,4971807,0.8680926916221033
axeyum_cold,4972816,0.8698752228163993
axeyum_cold,5013388,0.8716577540106952
axeyum_cold,5019904,0.8734402852049911
axeyum_cold,5038920,0.875222816399287
axeyum_cold,5053602,0.8770053475935828
axeyum_cold,5063819,0.8787878787878788
axeyum_cold,5069622,0.8805704099821747
axeyum_cold,5073818,0.8823529411764706
axeyum_cold,5076610,0.8841354723707665
axeyum_cold,5105312,0.8859180035650623
axeyum_cold,5114444,0.8877005347593583
axeyum_cold,5128324,0.8894830659536542
axeyum_cold,5158603,0.8912655971479501
axeyum_cold,5166185,0.893048128342246
axeyum_cold,5207930,0.8948306595365418
axeyum_cold,5229519,0.8966131907308378
axeyum_cold,5255876,0.8983957219251337
axeyum_cold,5266021,0.9001782531194296
axeyum_cold,5377979,0.9019607843137255
axeyum_cold,5384918,0.9037433155080213
axeyum_cold,5391468,0.9055258467023173
axeyum_cold,5395190,0.9073083778966132
axeyum_cold,5415466,0.9090909090909091
axeyum_cold,5443314,0.910873440285205
axeyum_cold,5453332,0.9126559714795008
axeyum_cold,5475761,0.9144385026737968
axeyum_cold,5494190,0.9162210338680927
axeyum_cold,5495540,0.9180035650623886
axeyum_cold,5532335,0.9197860962566845
axeyum_cold,5546269,0.9215686274509803
axeyum_cold,5585028,0.9233511586452763
axeyum_cold,5631574,0.9251336898395722
axeyum_cold,5733842,0.9269162210338681
axeyum_cold,5763221,0.928698752228164
axeyum_cold,5792927,0.93048128342246
axeyum_cold,5801547,0.9322638146167558
axeyum_cold,5846345,0.9340463458110517
axeyum_cold,5854751,0.9358288770053476
axeyum_cold,5862468,0.9376114081996435
axeyum_cold,5915054,0.9393939393939394
axeyum_cold,5940654,0.9411764705882353
axeyum_cold,5988007,0.9429590017825312
axeyum_cold,6021050,0.9447415329768271
axeyum_cold,6101427,0.946524064171123
axeyum_cold,6129085,0.948306595365419
axeyum_cold,6206758,0.9500891265597148
axeyum_cold,6352307,0.9518716577540107
axeyum_cold,6370496,0.9536541889483066
axeyum_cold,6438150,0.9554367201426025
axeyum_cold,6443697,0.9572192513368984
axeyum_cold,6515970,0.9590017825311943
axeyum_cold,6524396,0.9607843137254902
axeyum_cold,6547042,0.9625668449197861
axeyum_cold,6598955,0.964349376114082
axeyum_cold,6646772,0.966131907308378
axeyum_cold,6650482,0.9679144385026738
axeyum_cold,6723954,0.9696969696969697
axeyum_cold,6726651,0.9714795008912656
axeyum_cold,6765205,0.9732620320855615
axeyum_cold,6869775,0.9750445632798574
axeyum_cold,6911416,0.9768270944741533
axeyum_cold,6969129,0.9786096256684492
axeyum_cold,7011772,0.9803921568627451
axeyum_cold,7049240,0.982174688057041
axeyum_cold,7054272,0.983957219251337
axeyum_cold,7079003,0.9857397504456328
axeyum_cold,7127813,0.9875222816399287
axeyum_cold,7314674,0.9893048128342246
axeyum_cold,7427404,0.9910873440285205
axeyum_cold,7479925,0.9928698752228164
axeyum_cold,7658202,0.9946524064171123
axeyum_cold,7781928,0.9964349376114082
axeyum_cold,9369997,0.9982174688057041
axeyum_cold,9935632,1.0
axeyum_warm,5937,0.0017825311942959
axeyum_warm,7042,0.0035650623885918
axeyum_warm,7187,0.0053475935828877
axeyum_warm,7453,0.0071301247771836
axeyum_warm,7480,0.008912655971479501
axeyum_warm,8397,0.0106951871657754
axeyum_warm,8543,0.012477718360071301
axeyum_warm,9596,0.0142602495543672
axeyum_warm,10611,0.016042780748663103
axeyum_warm,10975,0.017825311942959002
axeyum_warm,13079,0.0196078431372549
axeyum_warm,13143,0.0213903743315508
axeyum_warm,13469,0.023172905525846704
axeyum_warm,13527,0.024955436720142603
axeyum_warm,13646,0.026737967914438502
axeyum_warm,15241,0.0285204991087344
axeyum_warm,15446,0.030303030303030304
axeyum_warm,15571,0.03208556149732621
axeyum_warm,16095,0.0338680926916221
axeyum_warm,16236,0.035650623885918005
axeyum_warm,16521,0.0374331550802139
axeyum_warm,16845,0.0392156862745098
axeyum_warm,17016,0.040998217468805706
axeyum_warm,17459,0.0427807486631016
axeyum_warm,17678,0.044563279857397504
axeyum_warm,17941,0.04634581105169341
axeyum_warm,18519,0.0481283422459893
axeyum_warm,18704,0.049910873440285206
axeyum_warm,18997,0.05169340463458111
axeyum_warm,19182,0.053475935828877004
axeyum_warm,19982,0.05525846702317291
axeyum_warm,20614,0.0570409982174688
axeyum_warm,20664,0.058823529411764705
axeyum_warm,21442,0.06060606060606061
axeyum_warm,21609,0.062388591800356503
axeyum_warm,22245,0.06417112299465241
axeyum_warm,22302,0.0659536541889483
axeyum_warm,23330,0.0677361853832442
axeyum_warm,23496,0.06951871657754011
axeyum_warm,24295,0.07130124777183601
axeyum_warm,24329,0.07308377896613191
axeyum_warm,24542,0.0748663101604278
axeyum_warm,25107,0.0766488413547237
axeyum_warm,25107,0.0784313725490196
axeyum_warm,25741,0.08021390374331551
axeyum_warm,26737,0.08199643493761141
axeyum_warm,27017,0.08377896613190731
axeyum_warm,27666,0.0855614973262032
axeyum_warm,28125,0.0873440285204991
axeyum_warm,28327,0.08912655971479501
axeyum_warm,28558,0.09090909090909091
axeyum_warm,28585,0.09269162210338681
axeyum_warm,29407,0.0944741532976827
axeyum_warm,29452,0.0962566844919786
axeyum_warm,29536,0.09803921568627451
axeyum_warm,29983,0.09982174688057041
axeyum_warm,30326,0.10160427807486631
axeyum_warm,30418,0.10338680926916222
axeyum_warm,30538,0.1051693404634581
axeyum_warm,30620,0.10695187165775401
axeyum_warm,30818,0.10873440285204991
axeyum_warm,30849,0.11051693404634581
axeyum_warm,31401,0.11229946524064172
axeyum_warm,31530,0.1140819964349376
axeyum_warm,31759,0.11586452762923351
axeyum_warm,31824,0.11764705882352941
axeyum_warm,32017,0.11942959001782531
axeyum_warm,32028,0.12121212121212122
axeyum_warm,32119,0.12299465240641712
axeyum_warm,32139,0.12477718360071301
axeyum_warm,32226,0.1265597147950089
axeyum_warm,32700,0.12834224598930483
axeyum_warm,32803,0.13012477718360071
axeyum_warm,32979,0.1319073083778966
axeyum_warm,33083,0.13368983957219252
axeyum_warm,33227,0.1354723707664884
axeyum_warm,33998,0.13725490196078433
axeyum_warm,34136,0.13903743315508021
axeyum_warm,34859,0.1408199643493761
axeyum_warm,34881,0.14260249554367202
axeyum_warm,35233,0.1443850267379679
axeyum_warm,35810,0.14616755793226383
axeyum_warm,35856,0.14795008912655971
axeyum_warm,35876,0.1497326203208556
axeyum_warm,35911,0.15151515151515152
axeyum_warm,36088,0.1532976827094474
axeyum_warm,36237,0.15508021390374332
axeyum_warm,36450,0.1568627450980392
axeyum_warm,36514,0.1586452762923351
axeyum_warm,36901,0.16042780748663102
axeyum_warm,39106,0.1622103386809269
axeyum_warm,39217,0.16399286987522282
axeyum_warm,39618,0.1657754010695187
axeyum_warm,40249,0.16755793226381463
axeyum_warm,41934,0.16934046345811052
axeyum_warm,42327,0.1711229946524064
axeyum_warm,43130,0.17290552584670232
axeyum_warm,43209,0.1746880570409982
axeyum_warm,43264,0.17647058823529413
axeyum_warm,43459,0.17825311942959002
axeyum_warm,43793,0.1800356506238859
axeyum_warm,43797,0.18181818181818182
axeyum_warm,44186,0.1836007130124777
axeyum_warm,44275,0.18538324420677363
axeyum_warm,44858,0.18716577540106952
axeyum_warm,44974,0.1889483065953654
axeyum_warm,45416,0.19073083778966132
axeyum_warm,45539,0.1925133689839572
axeyum_warm,46170,0.19429590017825313
axeyum_warm,46503,0.19607843137254902
axeyum_warm,46741,0.19786096256684493
axeyum_warm,47306,0.19964349376114082
axeyum_warm,47619,0.2014260249554367
axeyum_warm,48219,0.20320855614973263
axeyum_warm,48281,0.20499108734402852
axeyum_warm,48318,0.20677361853832443
axeyum_warm,48524,0.20855614973262032
axeyum_warm,49139,0.2103386809269162
axeyum_warm,49149,0.21212121212121213
axeyum_warm,49248,0.21390374331550802
axeyum_warm,49560,0.21568627450980393
axeyum_warm,49855,0.21746880570409982
axeyum_warm,49870,0.2192513368983957
axeyum_warm,50085,0.22103386809269163
axeyum_warm,50867,0.22281639928698752
axeyum_warm,51484,0.22459893048128343
axeyum_warm,51654,0.22638146167557932
axeyum_warm,52886,0.2281639928698752
axeyum_warm,52894,0.22994652406417113
axeyum_warm,52987,0.23172905525846701
axeyum_warm,53253,0.23351158645276293
axeyum_warm,54068,0.23529411764705882
axeyum_warm,54644,0.23707664884135474
axeyum_warm,54655,0.23885918003565063
axeyum_warm,54684,0.24064171122994651
axeyum_warm,55352,0.24242424242424243
axeyum_warm,56122,0.24420677361853832
axeyum_warm,56455,0.24598930481283424
axeyum_warm,56545,0.24777183600713013
axeyum_warm,56751,0.24955436720142601
axeyum_warm,56813,0.25133689839572193
axeyum_warm,56959,0.2531194295900178
axeyum_warm,57291,0.2549019607843137
axeyum_warm,57493,0.25668449197860965
axeyum_warm,57554,0.25846702317290554
axeyum_warm,57651,0.26024955436720143
axeyum_warm,57917,0.2620320855614973
axeyum_warm,57950,0.2638146167557932
axeyum_warm,58049,0.26559714795008915
axeyum_warm,58285,0.26737967914438504
axeyum_warm,58961,0.26916221033868093
axeyum_warm,59193,0.2709447415329768
axeyum_warm,59407,0.2727272727272727
axeyum_warm,59723,0.27450980392156865
axeyum_warm,60840,0.27629233511586454
axeyum_warm,60982,0.27807486631016043
axeyum_warm,61202,0.2798573975044563
axeyum_warm,61204,0.2816399286987522
axeyum_warm,61985,0.28342245989304815
axeyum_warm,62170,0.28520499108734404
axeyum_warm,62296,0.28698752228163993
axeyum_warm,62336,0.2887700534759358
axeyum_warm,62888,0.2905525846702317
axeyum_warm,62924,0.29233511586452765
axeyum_warm,62948,0.29411764705882354
axeyum_warm,63100,0.29590017825311943
axeyum_warm,63388,0.2976827094474153
axeyum_warm,63810,0.2994652406417112
axeyum_warm,63940,0.30124777183600715
axeyum_warm,64108,0.30303030303030304
axeyum_warm,64760,0.3048128342245989
axeyum_warm,64968,0.3065953654188948
axeyum_warm,65782,0.3083778966131907
axeyum_warm,67208,0.31016042780748665
axeyum_warm,67670,0.31194295900178254
axeyum_warm,68988,0.3137254901960784
axeyum_warm,69188,0.3155080213903743
axeyum_warm,69366,0.3172905525846702
axeyum_warm,70081,0.31907308377896615
axeyum_warm,70168,0.32085561497326204
axeyum_warm,70825,0.3226381461675579
axeyum_warm,70828,0.3244206773618538
axeyum_warm,70887,0.32620320855614976
axeyum_warm,71215,0.32798573975044565
axeyum_warm,72111,0.32976827094474154
axeyum_warm,72122,0.3315508021390374
axeyum_warm,72741,0.3333333333333333
axeyum_warm,73204,0.33511586452762926
axeyum_warm,73595,0.33689839572192515
axeyum_warm,73611,0.33868092691622104
axeyum_warm,73730,0.3404634581105169
axeyum_warm,74989,0.3422459893048128
axeyum_warm,75964,0.34402852049910876
axeyum_warm,76598,0.34581105169340465
axeyum_warm,76995,0.34759358288770054
axeyum_warm,77082,0.3493761140819964
axeyum_warm,78095,0.3511586452762923
axeyum_warm,78470,0.35294117647058826
axeyum_warm,79003,0.35472370766488415
axeyum_warm,79265,0.35650623885918004
axeyum_warm,80312,0.3582887700534759
axeyum_warm,80787,0.3600713012477718
axeyum_warm,82152,0.36185383244206776
axeyum_warm,82324,0.36363636363636365
axeyum_warm,83829,0.36541889483065954
axeyum_warm,84755,0.3672014260249554
axeyum_warm,85447,0.3689839572192513
axeyum_warm,85578,0.37076648841354726
axeyum_warm,86036,0.37254901960784315
axeyum_warm,86471,0.37433155080213903
axeyum_warm,86490,0.3761140819964349
axeyum_warm,86792,0.3778966131907308
axeyum_warm,86896,0.37967914438502676
axeyum_warm,88028,0.38146167557932265
axeyum_warm,89367,0.38324420677361853
axeyum_warm,89802,0.3850267379679144
axeyum_warm,90461,0.3868092691622103
axeyum_warm,90487,0.38859180035650626
axeyum_warm,94027,0.39037433155080214
axeyum_warm,94757,0.39215686274509803
axeyum_warm,95244,0.3939393939393939
axeyum_warm,95634,0.39572192513368987
axeyum_warm,95732,0.39750445632798576
axeyum_warm,97629,0.39928698752228164
axeyum_warm,98500,0.40106951871657753
axeyum_warm,99880,0.4028520499108734
axeyum_warm,100067,0.40463458110516937
axeyum_warm,103027,0.40641711229946526
axeyum_warm,105551,0.40819964349376114
axeyum_warm,105975,0.40998217468805703
axeyum_warm,107406,0.4117647058823529
axeyum_warm,107534,0.41354723707664887
axeyum_warm,108109,0.41532976827094475
axeyum_warm,110680,0.41711229946524064
axeyum_warm,110892,0.41889483065953653
axeyum_warm,112403,0.4206773618538324
axeyum_warm,114599,0.42245989304812837
axeyum_warm,115144,0.42424242424242425
axeyum_warm,119514,0.42602495543672014
axeyum_warm,119620,0.42780748663101603
axeyum_warm,120369,0.4295900178253119
axeyum_warm,121702,0.43137254901960786
axeyum_warm,123286,0.43315508021390375
axeyum_warm,126002,0.43493761140819964
axeyum_warm,126818,0.43672014260249553
axeyum_warm,127169,0.4385026737967914
axeyum_warm,127632,0.44028520499108736
axeyum_warm,130292,0.44206773618538325
axeyum_warm,130902,0.44385026737967914
axeyum_warm,131430,0.44563279857397503
axeyum_warm,133517,0.4474153297682709
axeyum_warm,137887,0.44919786096256686
axeyum_warm,139115,0.45098039215686275
axeyum_warm,139589,0.45276292335115864
axeyum_warm,139697,0.45454545454545453
axeyum_warm,141479,0.4563279857397504
axeyum_warm,141951,0.45811051693404636
axeyum_warm,142521,0.45989304812834225
axeyum_warm,142807,0.46167557932263814
axeyum_warm,143701,0.46345811051693403
axeyum_warm,145520,0.46524064171123
axeyum_warm,147171,0.46702317290552586
axeyum_warm,147533,0.46880570409982175
axeyum_warm,147609,0.47058823529411764
axeyum_warm,148827,0.47237076648841353
axeyum_warm,150262,0.4741532976827095
axeyum_warm,150922,0.47593582887700536
axeyum_warm,151271,0.47771836007130125
axeyum_warm,153839,0.47950089126559714
axeyum_warm,155801,0.48128342245989303
axeyum_warm,160693,0.483065953654189
axeyum_warm,160903,0.48484848484848486
axeyum_warm,164323,0.48663101604278075
axeyum_warm,166026,0.48841354723707664
axeyum_warm,166163,0.49019607843137253
axeyum_warm,166648,0.4919786096256685
axeyum_warm,167673,0.49376114081996436
axeyum_warm,167691,0.49554367201426025
axeyum_warm,168960,0.49732620320855614
axeyum_warm,169889,0.49910873440285203
axeyum_warm,170876,0.5008912655971479
axeyum_warm,172329,0.5026737967914439
axeyum_warm,173951,0.5044563279857398
axeyum_warm,174457,0.5062388591800356
axeyum_warm,176382,0.5080213903743316
axeyum_warm,177348,0.5098039215686274
axeyum_warm,177906,0.5115864527629234
axeyum_warm,177997,0.5133689839572193
axeyum_warm,178683,0.5151515151515151
axeyum_warm,181238,0.5169340463458111
axeyum_warm,181929,0.5187165775401069
axeyum_warm,182762,0.5204991087344029
axeyum_warm,190897,0.5222816399286988
axeyum_warm,192987,0.5240641711229946
axeyum_warm,194422,0.5258467023172906
axeyum_warm,194928,0.5276292335115864
axeyum_warm,195159,0.5294117647058824
axeyum_warm,200899,0.5311942959001783
axeyum_warm,202240,0.5329768270944741
axeyum_warm,206204,0.5347593582887701
axeyum_warm,206311,0.5365418894830659
axeyum_warm,207092,0.5383244206773619
axeyum_warm,208741,0.5401069518716578
axeyum_warm,209085,0.5418894830659536
axeyum_warm,215349,0.5436720142602496
axeyum_warm,216355,0.5454545454545454
axeyum_warm,217595,0.5472370766488414
axeyum_warm,218009,0.5490196078431373
axeyum_warm,220110,0.5508021390374331
axeyum_warm,221327,0.5525846702317291
axeyum_warm,223679,0.5543672014260249
axeyum_warm,223976,0.5561497326203209
axeyum_warm,225222,0.5579322638146168
axeyum_warm,225342,0.5597147950089126
axeyum_warm,226063,0.5614973262032086
axeyum_warm,229156,0.5632798573975044
axeyum_warm,230923,0.5650623885918004
axeyum_warm,232432,0.5668449197860963
axeyum_warm,232614,0.5686274509803921
axeyum_warm,233402,0.5704099821746881
axeyum_warm,233732,0.5721925133689839
axeyum_warm,235277,0.5739750445632799
axeyum_warm,237296,0.5757575757575758
axeyum_warm,237787,0.5775401069518716
axeyum_warm,238898,0.5793226381461676
axeyum_warm,240400,0.5811051693404634
axeyum_warm,242295,0.5828877005347594
axeyum_warm,242946,0.5846702317290553
axeyum_warm,243821,0.5864527629233511
axeyum_warm,246383,0.5882352941176471
axeyum_warm,250770,0.5900178253119429
axeyum_warm,251164,0.5918003565062389
axeyum_warm,252268,0.5935828877005348
axeyum_warm,254210,0.5953654188948306
axeyum_warm,257803,0.5971479500891266
axeyum_warm,260749,0.5989304812834224
axeyum_warm,260861,0.6007130124777184
axeyum_warm,262418,0.6024955436720143
axeyum_warm,270508,0.6042780748663101
axeyum_warm,271080,0.6060606060606061
axeyum_warm,271892,0.6078431372549019
axeyum_warm,272442,0.6096256684491979
axeyum_warm,274780,0.6114081996434938
axeyum_warm,276369,0.6131907308377896
axeyum_warm,278750,0.6149732620320856
axeyum_warm,286524,0.6167557932263814
axeyum_warm,292500,0.6185383244206774
axeyum_warm,297133,0.6203208556149733
axeyum_warm,297812,0.6221033868092691
axeyum_warm,299351,0.6238859180035651
axeyum_warm,299772,0.6256684491978609
axeyum_warm,303484,0.6274509803921569
axeyum_warm,303734,0.6292335115864528
axeyum_warm,303920,0.6310160427807486
axeyum_warm,308933,0.6327985739750446
axeyum_warm,309854,0.6345811051693404
axeyum_warm,313248,0.6363636363636364
axeyum_warm,313475,0.6381461675579323
axeyum_warm,314257,0.6399286987522281
axeyum_warm,315116,0.6417112299465241
axeyum_warm,319370,0.64349376114082
axeyum_warm,321462,0.6452762923351159
axeyum_warm,321957,0.6470588235294118
axeyum_warm,322096,0.6488413547237076
axeyum_warm,327985,0.6506238859180036
axeyum_warm,333472,0.6524064171122995
axeyum_warm,338832,0.6541889483065954
axeyum_warm,338964,0.6559714795008913
axeyum_warm,340144,0.6577540106951871
axeyum_warm,340548,0.6595365418894831
axeyum_warm,342215,0.661319073083779
axeyum_warm,345011,0.6631016042780749
axeyum_warm,350909,0.6648841354723708
axeyum_warm,352944,0.6666666666666666
axeyum_warm,356186,0.6684491978609626
axeyum_warm,357663,0.6702317290552585
axeyum_warm,359613,0.6720142602495544
axeyum_warm,362137,0.6737967914438503
axeyum_warm,362163,0.6755793226381461
axeyum_warm,369116,0.6773618538324421
axeyum_warm,376485,0.679144385026738
axeyum_warm,377739,0.6809269162210339
axeyum_warm,379747,0.6827094474153298
axeyum_warm,381274,0.6844919786096256
axeyum_warm,385317,0.6862745098039216
axeyum_warm,390169,0.6880570409982175
axeyum_warm,398157,0.6898395721925134
axeyum_warm,399969,0.6916221033868093
axeyum_warm,402200,0.6934046345811051
axeyum_warm,402319,0.6951871657754011
axeyum_warm,404060,0.696969696969697
axeyum_warm,414402,0.6987522281639929
axeyum_warm,420909,0.7005347593582888
axeyum_warm,421903,0.7023172905525846
axeyum_warm,421951,0.7040998217468806
axeyum_warm,427268,0.7058823529411765
axeyum_warm,434633,0.7076648841354723
axeyum_warm,438321,0.7094474153297683
axeyum_warm,455045,0.7112299465240641
axeyum_warm,459902,0.7130124777183601
axeyum_warm,465208,0.714795008912656
axeyum_warm,465976,0.7165775401069518
axeyum_warm,468232,0.7183600713012478
axeyum_warm,468404,0.7201426024955436
axeyum_warm,468593,0.7219251336898396
axeyum_warm,479312,0.7237076648841355
axeyum_warm,483674,0.7254901960784313
axeyum_warm,485277,0.7272727272727273
axeyum_warm,487646,0.7290552584670231
axeyum_warm,492220,0.7308377896613191
axeyum_warm,496299,0.732620320855615
axeyum_warm,505301,0.7344028520499108
axeyum_warm,520032,0.7361853832442068
axeyum_warm,522876,0.7379679144385026
axeyum_warm,528289,0.7397504456327986
axeyum_warm,545029,0.7415329768270945
axeyum_warm,557060,0.7433155080213903
axeyum_warm,560769,0.7450980392156863
axeyum_warm,561976,0.7468805704099821
axeyum_warm,570487,0.7486631016042781
axeyum_warm,576794,0.750445632798574
axeyum_warm,578758,0.7522281639928698
axeyum_warm,581413,0.7540106951871658
axeyum_warm,587074,0.7557932263814616
axeyum_warm,606692,0.7575757575757576
axeyum_warm,608499,0.7593582887700535
axeyum_warm,616379,0.7611408199643493
axeyum_warm,622234,0.7629233511586453
axeyum_warm,622603,0.7647058823529411
axeyum_warm,623246,0.7664884135472371
axeyum_warm,624186,0.768270944741533
axeyum_warm,629303,0.7700534759358288
axeyum_warm,646981,0.7718360071301248
axeyum_warm,655333,0.7736185383244206
axeyum_warm,655787,0.7754010695187166
axeyum_warm,661145,0.7771836007130125
axeyum_warm,664423,0.7789661319073083
axeyum_warm,685078,0.7807486631016043
axeyum_warm,694381,0.7825311942959001
axeyum_warm,694701,0.7843137254901961
axeyum_warm,700825,0.786096256684492
axeyum_warm,707311,0.7878787878787878
axeyum_warm,711744,0.7896613190730838
axeyum_warm,712005,0.7914438502673797
axeyum_warm,717875,0.7932263814616756
axeyum_warm,724132,0.7950089126559715
axeyum_warm,727275,0.7967914438502673
axeyum_warm,733482,0.7985739750445633
axeyum_warm,755354,0.8003565062388592
axeyum_warm,762324,0.8021390374331551
axeyum_warm,764668,0.803921568627451
axeyum_warm,775561,0.8057040998217468
axeyum_warm,784662,0.8074866310160428
axeyum_warm,788236,0.8092691622103387
axeyum_warm,811749,0.8110516934046346
axeyum_warm,813900,0.8128342245989305
axeyum_warm,824107,0.8146167557932263
axeyum_warm,835266,0.8163992869875223
axeyum_warm,847371,0.8181818181818182
axeyum_warm,867321,0.8199643493761141
axeyum_warm,868850,0.82174688057041
axeyum_warm,880216,0.8235294117647058
axeyum_warm,880544,0.8253119429590018
axeyum_warm,881974,0.8270944741532977
axeyum_warm,891283,0.8288770053475936
axeyum_warm,897995,0.8306595365418895
axeyum_warm,907603,0.8324420677361853
axeyum_warm,913301,0.8342245989304813
axeyum_warm,917349,0.8360071301247772
axeyum_warm,930133,0.8377896613190731
axeyum_warm,931553,0.839572192513369
axeyum_warm,940911,0.8413547237076648
axeyum_warm,942810,0.8431372549019608
axeyum_warm,946212,0.8449197860962567
axeyum_warm,951235,0.8467023172905526
axeyum_warm,963130,0.8484848484848485
axeyum_warm,966961,0.8502673796791443
axeyum_warm,971100,0.8520499108734403
axeyum_warm,987377,0.8538324420677362
axeyum_warm,992337,0.8556149732620321
axeyum_warm,1014376,0.857397504456328
axeyum_warm,1018005,0.8591800356506238
axeyum_warm,1024076,0.8609625668449198
axeyum_warm,1031154,0.8627450980392157
axeyum_warm,1031310,0.8645276292335116
axeyum_warm,1041501,0.8663101604278075
axeyum_warm,1049009,0.8680926916221033
axeyum_warm,1065558,0.8698752228163993
axeyum_warm,1095509,0.8716577540106952
axeyum_warm,1101980,0.8734402852049911
axeyum_warm,1126327,0.875222816399287
axeyum_warm,1132050,0.8770053475935828
axeyum_warm,1165954,0.8787878787878788
axeyum_warm,1240638,0.8805704099821747
axeyum_warm,1241191,0.8823529411764706
axeyum_warm,1246377,0.8841354723707665
axeyum_warm,1249827,0.8859180035650623
axeyum_warm,1256121,0.8877005347593583
axeyum_warm,1256278,0.8894830659536542
axeyum_warm,1257166,0.8912655971479501
axeyum_warm,1263465,0.893048128342246
axeyum_warm,1269038,0.8948306595365418
axeyum_warm,1323330,0.8966131907308378
axeyum_warm,1327134,0.8983957219251337
axeyum_warm,1347246,0.9001782531194296
axeyum_warm,1350328,0.9019607843137255
axeyum_warm,1372092,0.9037433155080213
axeyum_warm,1389875,0.9055258467023173
axeyum_warm,1397520,0.9073083778966132
axeyum_warm,1427121,0.9090909090909091
axeyum_warm,1437068,0.910873440285205
axeyum_warm,1457044,0.9126559714795008
axeyum_warm,1468405,0.9144385026737968
axeyum_warm,1470305,0.9162210338680927
axeyum_warm,1504807,0.9180035650623886
axeyum_warm,1504992,0.9197860962566845
axeyum_warm,1514527,0.9215686274509803
axeyum_warm,1523381,0.9233511586452763
axeyum_warm,1530206,0.9251336898395722
axeyum_warm,1542058,0.9269162210338681
axeyum_warm,1547216,0.928698752228164
axeyum_warm,1553061,0.93048128342246
axeyum_warm,1577418,0.9322638146167558
axeyum_warm,1586065,0.9340463458110517
axeyum_warm,1611731,0.9358288770053476
axeyum_warm,1641860,0.9376114081996435
axeyum_warm,1660896,0.9393939393939394
axeyum_warm,1671516,0.9411764705882353
axeyum_warm,1698139,0.9429590017825312
axeyum_warm,1728936,0.9447415329768271
axeyum_warm,1743191,0.946524064171123
axeyum_warm,1743892,0.948306595365419
axeyum_warm,1764267,0.9500891265597148
axeyum_warm,1779184,0.9518716577540107
axeyum_warm,1791421,0.9536541889483066
axeyum_warm,1811295,0.9554367201426025
axeyum_warm,1900500,0.9572192513368984
axeyum_warm,2055554,0.9590017825311943
axeyum_warm,2165932,0.9607843137254902
axeyum_warm,2280014,0.9625668449197861
axeyum_warm,2300616,0.964349376114082
axeyum_warm,2310392,0.966131907308378
axeyum_warm,2432956,0.9679144385026738
axeyum_warm,2556828,0.9696969696969697
axeyum_warm,2588972,0.9714795008912656
axeyum_warm,2742619,0.9732620320855615
axeyum_warm,2835182,0.9750445632798574
axeyum_warm,2835352,0.9768270944741533
axeyum_warm,2899097,0.9786096256684492
axeyum_warm,3191144,0.9803921568627451
axeyum_warm,3196343,0.982174688057041
axeyum_warm,3240018,0.983957219251337
axeyum_warm,3589718,0.9857397504456328
axeyum_warm,3675388,0.9875222816399287
axeyum_warm,3705151,0.9893048128342246
axeyum_warm,3717306,0.9910873440285205
axeyum_warm,3929624,0.9928698752228164
axeyum_warm,4476782,0.9946524064171123
axeyum_warm,5053548,0.9964349376114082
axeyum_warm,5326660,0.9982174688057041
axeyum_warm,5854443,1.0
