file	declared	bytes	axeyum	unknown_kind	axeyum_ms	z3	z3_ms	detail
/nas3/data/axeyum/corpus/smtlib-2024/non-incremental/non-incremental/QF_IDL/20210312-Bouvier/vlsat3_c00.smt2	unsat	49256	unknown	Timeout	29076	timeout	24035	preprocessed dispatch timeout after reduced solve
/nas3/data/axeyum/corpus/smtlib-2024/non-incremental/non-incremental/QF_IDL/20210312-Bouvier/vlsat3_c12.smt2	unsat	50191	unknown	Timeout	29148	timeout	24040	preprocessed dispatch timeout after reduced solve
/nas3/data/axeyum/corpus/smtlib-2024/non-incremental/non-incremental/QF_IDL/20210312-Bouvier/vlsat3_c24.smt2	unsat	64565	unknown	Timeout	29163	timeout	24037	preprocessed dispatch timeout after reduced solve
/nas3/data/axeyum/corpus/smtlib-2024/non-incremental/non-incremental/QF_IDL/20210312-Bouvier/vlsat3_c36.smt2	unsat	255794	unknown	Timeout	29342	timeout	24137	preprocessed dispatch timeout after reduced solve
/nas3/data/axeyum/corpus/smtlib-2024/non-incremental/non-incremental/QF_IDL/20210312-Bouvier/vlsat3_c48.smt2	unsat	50344	unknown	Timeout	29211	timeout	24035	preprocessed dispatch timeout after reduced solve
/nas3/data/axeyum/corpus/smtlib-2024/non-incremental/non-incremental/QF_IDL/20210312-Bouvier/vlsat3_c60.smt2	unsat	27940	unknown	Timeout	29167	timeout	24037	preprocessed dispatch timeout after reduced solve
/nas3/data/axeyum/corpus/smtlib-2024/non-incremental/non-incremental/QF_IDL/20210312-Bouvier/vlsat3_c72.smt2	unsat	733809	unknown	Timeout	29651	timeout	24138	preprocessed dispatch timeout after reduced solve
/nas3/data/axeyum/corpus/smtlib-2024/non-incremental/non-incremental/QF_IDL/20210312-Bouvier/vlsat3_c84.smt2	unsat	518111	unknown	Timeout	29443	timeout	24138	preprocessed dispatch timeout after reduced solve
/nas3/data/axeyum/corpus/smtlib-2024/non-incremental/non-incremental/QF_IDL/20210312-Bouvier/vlsat3_c96.smt2	unsat	29788	unknown	Timeout	29158	timeout	24068	preprocessed dispatch timeout after reduced solve
/nas3/data/axeyum/corpus/smtlib-2024/non-incremental/non-incremental/QF_IDL/20210312-Bouvier/vlsat3_i08.smt2	sat	725059	unknown	Timeout	30654	timeout	24061	preprocessed dispatch timeout after reduced solve
/nas3/data/axeyum/corpus/smtlib-2024/non-incremental/non-incremental/QF_IDL/20210312-Bouvier/vlsat3_i20.smt2	sat	3414241	HARDKILL	na	32159	timeout	24151	killed by external timeout at 32s
/nas3/data/axeyum/corpus/smtlib-2024/non-incremental/non-incremental/QF_IDL/20210312-Bouvier/vlsat3_i32.smt2	sat	3420773	HARDKILL	na	32175	timeout	24160	killed by external timeout at 32s
/nas3/data/axeyum/corpus/smtlib-2024/non-incremental/non-incremental/QF_IDL/20220214-jobshop-BohanLi/jobshop10-2-5-5-4-4-16.smt2	sat	16523	sat	na	2033	sat	118	
/nas3/data/axeyum/corpus/smtlib-2024/non-incremental/non-incremental/QF_IDL/20210312-Bouvier/vlsat3_i44.smt2	sat	3669286	HARDKILL	na	32178	timeout	24169	killed by external timeout at 32s
/nas3/data/axeyum/corpus/smtlib-2024/non-incremental/non-incremental/QF_IDL/20210312-Bouvier/vlsat3_i56.smt2	sat	12699417	HARDKILL	na	32372	timeout	24168	killed by external timeout at 32s
/nas3/data/axeyum/corpus/smtlib-2024/non-incremental/non-incremental/QF_IDL/20210312-Bouvier/vlsat3_i68.smt2	sat	9475541	HARDKILL	na	32273	timeout	24259	killed by external timeout at 32s
/nas3/data/axeyum/corpus/smtlib-2024/non-incremental/non-incremental/QF_IDL/20210312-Bouvier/vlsat3_i80.smt2	sat	5407969	HARDKILL	na	32309	timeout	24151	killed by external timeout at 32s
/nas3/data/axeyum/corpus/smtlib-2024/non-incremental/non-incremental/QF_IDL/20220214-jobshop-BohanLi/jobshop16-2-8-8-4-4-16.smt2	sat	41423	sat	na	17138	sat	209	
/nas3/data/axeyum/corpus/smtlib-2024/non-incremental/non-incremental/QF_IDL/20220214-RVpredict-BohanLi/RVpredict_13.smt2	sat	395684	unknown	Timeout	26254	sat	308	preprocessed dispatch timeout after reduced solve
/nas3/data/axeyum/corpus/smtlib-2024/non-incremental/non-incremental/QF_IDL/20220214-jobshop-BohanLi/jobshop20-2-10-10-4-4-16.smt2	sat	64423	unknown	Timeout	29158	sat	733	preprocessed dispatch timeout after reduced solve
/nas3/data/axeyum/corpus/smtlib-2024/non-incremental/non-incremental/QF_IDL/20220214-jobshop-BohanLi/jobshop6-2-3-3-4-4-16.smt2	sat	6539	sat	na	229	sat	120	
/nas3/data/axeyum/corpus/smtlib-2024/non-incremental/non-incremental/QF_IDL/Averest/binary_search/BinarySearch_live_bgmc002.smt2	sat	7891	sat	na	127	sat	134	
/nas3/data/axeyum/corpus/smtlib-2024/non-incremental/non-incremental/QF_IDL/Averest/buble_sort/BubbleSort_live_bgmc002.smt2	sat	46968	sat	na	332	sat	124	
/nas3/data/axeyum/corpus/smtlib-2024/non-incremental/non-incremental/QF_IDL/Averest/buble_sort/BubbleSort_live_blmc003.smt2	sat	247478	sat	na	928	sat	124	
/nas3/data/axeyum/corpus/smtlib-2024/non-incremental/non-incremental/QF_IDL/Averest/buble_sort/BubbleSort_safe_bgmc004.smt2	unsat	72053	unsat	na	220	unsat	129	
/nas3/data/axeyum/corpus/smtlib-2024/non-incremental/non-incremental/QF_IDL/Averest/buble_sort/BubbleSort_safe_blmc004.smt2	unsat	243989	unsat	na	1325	unsat	832	
/nas3/data/axeyum/corpus/smtlib-2024/non-incremental/non-incremental/QF_IDL/20220214-jobshop-BohanLi/jobshop26-2-13-13-4-4-16.smt2	sat	108575	unknown	Timeout	29165	sat	9042	preprocessed dispatch timeout after reduced solve
/nas3/data/axeyum/corpus/smtlib-2024/non-incremental/non-incremental/QF_IDL/Averest/insertion_sort/InsertionSort_live_bgmc003.smt2	sat	111615	sat	na	427	sat	125	
/nas3/data/axeyum/corpus/smtlib-2024/non-incremental/non-incremental/QF_IDL/20210312-Bouvier/vlsat3_i92.smt2	sat	2618953	unknown	Timeout	31156	timeout	24143	preprocessed dispatch timeout after reduced solve
/nas3/data/axeyum/corpus/smtlib-2024/non-incremental/non-incremental/QF_IDL/Averest/insertion_sort/InsertionSort_safe_bgmc005.smt2	sat	151002	sat	na	739	sat	231	
/nas3/data/axeyum/corpus/smtlib-2024/non-incremental/non-incremental/QF_IDL/Averest/linear_search/LinearSearch_live_bgmc005.smt2	unsat	13737	unsat	na	128	unsat	157	
/nas3/data/axeyum/corpus/smtlib-2024/non-incremental/non-incremental/QF_IDL/Averest/min_max/MinMax_safe_bgmc000.smt2	unsat	1631	unsat	na	187	unsat	136	
/nas3/data/axeyum/corpus/smtlib-2024/non-incremental/non-incremental/QF_IDL/Averest/parallel_search/ParallelSearch_safe_bgmc000.smt2	unsat	3649	unsat	na	131	unsat	120	
/nas3/data/axeyum/corpus/smtlib-2024/non-incremental/non-incremental/QF_IDL/Averest/insertion_sort/InsertionSort_live_blmc004.smt2	sat	596428	sat	na	5449	sat	333	
/nas3/data/axeyum/corpus/smtlib-2024/non-incremental/non-incremental/QF_IDL/Averest/partition/Partition_live_blmc004.smt2	unsat	160642	unsat	na	729	unsat	329	
/nas3/data/axeyum/corpus/smtlib-2024/non-incremental/non-incremental/QF_IDL/Averest/selection_sort/SelectionSort_live_bgmc002.smt2	sat	50212	sat	na	228	sat	223	
/nas3/data/axeyum/corpus/smtlib-2024/non-incremental/non-incremental/QF_IDL/Averest/selection_sort/SelectionSort_safe_bgmc006.smt2	unsat	129292	unsat	na	420	unsat	121	
/nas3/data/axeyum/corpus/smtlib-2024/non-incremental/non-incremental/QF_IDL/Averest/selection_sort/SelectionSort_live_blmc004.smt2	sat	404397	sat	na	3225	sat	227	
/nas3/data/axeyum/corpus/smtlib-2024/non-incremental/non-incremental/QF_IDL/Averest/sorting_network/SortingNetwork4_live_bgmc003.smt2	sat	9627	sat	na	129	sat	120	
/nas3/data/axeyum/corpus/smtlib-2024/non-incremental/non-incremental/QF_IDL/Averest/sorting_network/SortingNetwork4_safe_blmc002.smt2	unsat	19610	unsat	na	117	unsat	123	
/nas3/data/axeyum/corpus/smtlib-2024/non-incremental/non-incremental/QF_IDL/Averest/sorting_network/SortingNetwork8_live_blmc003.smt2	sat	139783	sat	na	2720	sat	220	
/nas3/data/axeyum/corpus/smtlib-2024/non-incremental/non-incremental/QF_IDL/Averest/sorting_network/SortingNetwork8_safe_blmc000.smt2	unsat	29259	unsat	na	122	unsat	129	
/nas3/data/axeyum/corpus/smtlib-2024/non-incremental/non-incremental/QF_IDL/DTP/DTP_k2_n35_c175_s10.smt2	sat	10168	sat	na	425	sat	117	
/nas3/data/axeyum/corpus/smtlib-2024/non-incremental/non-incremental/QF_IDL/20220214-jobshop-BohanLi/jobshop32-2-16-16-4-4-16.smt2	sat	164207	unknown	Timeout	29282	timeout	24109	preprocessed dispatch timeout after reduced solve
/nas3/data/axeyum/corpus/smtlib-2024/non-incremental/non-incremental/QF_IDL/Averest/selection_sort/SelectionSort_safe_blmc007.smt2	sat	449551	sat	na	7227	sat	1925	
/nas3/data/axeyum/corpus/smtlib-2024/non-incremental/non-incremental/QF_IDL/20220214-jobshop-BohanLi/jobshop38-2-19-19-4-4-16.smt2	sat	231359	unknown	Timeout	29470	timeout	24109	preprocessed dispatch timeout after reduced solve
/nas3/data/axeyum/corpus/smtlib-2024/non-incremental/non-incremental/QF_IDL/DTP/DTP_k2_n35_c175_s3.smt2	sat	10349	sat	na	2625	sat	126	
/nas3/data/axeyum/corpus/smtlib-2024/non-incremental/non-incremental/QF_IDL/RTCL/b01_tf_20/ckt_PROP0_tf_20.smt2	unsat	21902	unsat	na	126	unsat	221	
/nas3/data/axeyum/corpus/smtlib-2024/non-incremental/non-incremental/QF_IDL/RTCL/b13_tf_15/ckt_PROP3_tf_15.smt2	unsat	57057	unsat	na	124	unsat	125	
/nas3/data/axeyum/corpus/smtlib-2024/non-incremental/non-incremental/QF_IDL/RTCL/b13_tf_25/ckt_PROP8_tf_25.smt2	unsat	122313	unsat	na	325	unsat	124	
/nas3/data/axeyum/corpus/smtlib-2024/non-incremental/non-incremental/QF_IDL/20220214-jobshop-BohanLi/jobshop42-2-21-21-4-4-16.smt2	sat	282527	unknown	Timeout	29651	timeout	24052	preprocessed dispatch timeout after reduced solve
/nas3/data/axeyum/corpus/smtlib-2024/non-incremental/non-incremental/QF_IDL/DTP/DTP_k2_n35_c210_s14.smt2	unsat	12061	unsat	na	8360	unsat	161	
/nas3/data/axeyum/corpus/smtlib-2024/non-incremental/non-incremental/QF_IDL/DTP/DTP_k2_n35_c210_s7.smt2	sat	12098	sat	na	11452	sat	234	
/nas3/data/axeyum/corpus/smtlib-2024/non-incremental/non-incremental/QF_IDL/20220214-jobshop-BohanLi/jobshop48-2-24-24-4-4-16.smt2	sat	368879	unknown	Timeout	29959	timeout	24166	preprocessed dispatch timeout after reduced solve
/nas3/data/axeyum/corpus/smtlib-2024/non-incremental/non-incremental/QF_IDL/20220214-jobshop-BohanLi/jobshop54-2-27-27-4-4-16.smt2	sat	466751	unknown	Timeout	30661	timeout	24085	preprocessed dispatch timeout after reduced solve
/nas3/data/axeyum/corpus/smtlib-2024/non-incremental/non-incremental/QF_IDL/DTP/DTP_k2_n35_c245_s18.smt2	unsat	14119	HARDKILL	na	32128	unsat	331	killed by external timeout at 32s
/nas3/data/axeyum/corpus/smtlib-2024/non-incremental/non-incremental/QF_IDL/Averest/buble_sort/BubbleSort_safe_blmc016.smt2	unsat	1477718	HARDKILL	na	32205	timeout	24069	killed by external timeout at 32s
/nas3/data/axeyum/corpus/smtlib-2024/non-incremental/non-incremental/QF_IDL/asp/BlockedNQueens/156.48.1960.36.1721325133.dat.smt2	unsat	666863	unknown	ResourceLimit	21487	unsat	9229	lazy linear arithmetic pre-SAT skeleton exceeds the joint resource boundary (atoms=7477, cnf_vars=34942, base_trigger=>1024/>4096, moderate_envelope<=1280/<=8192, initial_clauses=0, blocking_lemmas=0)
/nas3/data/axeyum/corpus/smtlib-2024/non-incremental/non-incremental/QF_IDL/asp/ChannelRouting/channelRoute.in9.smt2	sat	4374913	unknown	ResourceLimit	25094	sat	5833	lazy linear arithmetic pre-SAT skeleton exceeds the joint resource boundary (atoms=11664, cnf_vars=242902, base_trigger=>1024/>4096, moderate_envelope<=1280/<=8192, initial_clauses=0, blocking_lemmas=
/nas3/data/axeyum/corpus/smtlib-2024/non-incremental/non-incremental/QF_IDL/asp/ConnectedDominatingSet/rand_55_250_1235855873_0_k=8_sat.gph.smt2	sat	210484	HARDKILL	na	32160	ERROR: unknown parameter '/nas3/data/axeyum/corpus/smtlib_2024/non_incremental/n	125	killed by external timeout at 32s
/nas3/data/axeyum/corpus/smtlib-2024/non-incremental/non-incremental/QF_IDL/asp/15Puzzle/15-puzzle.init14.smt2	sat	2453309	unknown	ResourceLimit	23604	timeout	24073	lazy linear arithmetic pre-SAT skeleton exceeds the joint resource boundary (atoms=6517, cnf_vars=137087, base_trigger=>1024/>4096, moderate_envelope<=1280/<=8192, initial_clauses=0, blocking_lemmas=0
/nas3/data/axeyum/corpus/smtlib-2024/non-incremental/non-incremental/QF_IDL/asp/BlockedNQueens/156.48.1960.36.1721259656.dat.smt2	sat	696997	unknown	ResourceLimit	21727	timeout	24104	lazy linear arithmetic pre-SAT skeleton exceeds the joint resource boundary (atoms=8413, cnf_vars=37522, base_trigger=>1024/>4096, moderate_envelope<=1280/<=8192, initial_clauses=0, blocking_lemmas=0)
/nas3/data/axeyum/corpus/smtlib-2024/non-incremental/non-incremental/QF_IDL/asp/BlockedNQueens/156.48.1960.36.1721347806.dat.smt2	sat	698264	unknown	ResourceLimit	21680	timeout	24177	lazy linear arithmetic pre-SAT skeleton exceeds the joint resource boundary (atoms=8448, cnf_vars=37627, base_trigger=>1024/>4096, moderate_envelope<=1280/<=8192, initial_clauses=0, blocking_lemmas=0)
/nas3/data/axeyum/corpus/smtlib-2024/non-incremental/non-incremental/QF_IDL/asp/EdgeMatching/edge-matching-width=7-height=7-colours=11.smt2	sat	5188359	unknown	Timeout	26907	ERROR: unknown parameter '/nas3/data/axeyum/corpus/smtlib_2024/non_incremental/n	133	preprocessed dispatch timeout after reduced solve
/nas3/data/axeyum/corpus/smtlib-2024/non-incremental/non-incremental/QF_IDL/asp/EdgeMatching/edge-matching-width=9-height=9-colours=12.smt2	sat	13699451	HARDKILL	na	32347	ERROR: unknown parameter '/nas3/data/axeyum/corpus/smtlib_2024/non_incremental/n	126	killed by external timeout at 32s
/nas3/data/axeyum/corpus/smtlib-2024/non-incremental/non-incremental/QF_IDL/asp/Fastfood/a7.3.0.tweaked.3.asp.smt2	sat	5632379	unknown	Timeout	26376	sat	2933	preprocessed dispatch timeout after reduced solve
/nas3/data/axeyum/corpus/smtlib-2024/non-incremental/non-incremental/QF_IDL/asp/GeneralizedSlitherlink/penrose.34.asp.smt2	sat	699152	unknown	ResourceLimit	21716	sat	2343	lazy linear arithmetic pre-SAT skeleton exceeds the joint resource boundary (atoms=7751, cnf_vars=44355, base_trigger=>1024/>4096, moderate_envelope<=1280/<=8192, initial_clauses=0, blocking_lemmas=0)
/nas3/data/axeyum/corpus/smtlib-2024/non-incremental/non-incremental/QF_IDL/asp/GraphColouring/graph-colouring-nodes=130-density=0.1-instance=10.smt2	sat	669222	unknown	ResourceLimit	21495	ERROR: unknown parameter '/nas3/data/axeyum/corpus/smtlib_2024/non_incremental/n	112	lazy linear arithmetic pre-SAT skeleton exceeds the joint resource boundary (atoms=5460, cnf_vars=42078, base_trigger=>1024/>4096, moderate_envelope<=1280/<=8192, initial_clauses=0, blocking_lemmas=0)
/nas3/data/axeyum/corpus/smtlib-2024/non-incremental/non-incremental/QF_IDL/asp/GeneralizedSlitherlink/trisquares.41.asp.smt2	sat	1105618	unknown	ResourceLimit	22041	sat	5231	lazy linear arithmetic pre-SAT skeleton exceeds the joint resource boundary (atoms=11859, cnf_vars=69133, base_trigger=>1024/>4096, moderate_envelope<=1280/<=8192, initial_clauses=0, blocking_lemmas=0
/nas3/data/axeyum/corpus/smtlib-2024/non-incremental/non-incremental/QF_IDL/asp/GraphColouring/graph-colouring-nodes=140-density=0.1-instance=9.smt2	unsat	806692	unknown	ResourceLimit	22087	ERROR: unknown parameter '/nas3/data/axeyum/corpus/smtlib_2024/non_incremental/n	131	lazy linear arithmetic pre-SAT skeleton exceeds the joint resource boundary (atoms=5880, cnf_vars=49936, base_trigger=>1024/>4096, moderate_envelope<=1280/<=8192, initial_clauses=0, blocking_lemmas=0)
/nas3/data/axeyum/corpus/smtlib-2024/non-incremental/non-incremental/QF_IDL/asp/Fastfood/a9.8.11.asp.smt2	unsat	507502	HARDKILL	na	32202	unsat	1728	killed by external timeout at 32s
/nas3/data/axeyum/corpus/smtlib-2024/non-incremental/non-incremental/QF_IDL/asp/DisjunctiveScheduling/disjunctiveScheduling.in7.smt2	sat	49193506	HARDKILL	na	32521	timeout	24407	killed by external timeout at 32s
/nas3/data/axeyum/corpus/smtlib-2024/non-incremental/non-incremental/QF_IDL/asp/GraphPartitioning/rand_15_75_1235849326_0_k=3_v=7_e=30_sat.gph.smt2	sat	219622	unknown	ResourceLimit	21268	ERROR: unknown parameter '/nas3/data/axeyum/corpus/smtlib_2024/non_incremental/n	130	lazy linear arithmetic pre-SAT skeleton exceeds the joint resource boundary (atoms=2199, cnf_vars=14670, base_trigger=>1024/>4096, moderate_envelope<=1280/<=8192, initial_clauses=0, blocking_lemmas=0)
/nas3/data/axeyum/corpus/smtlib-2024/non-incremental/non-incremental/QF_IDL/asp/HamiltonianPath/gryzzles.12.lp.smt2	sat	295845	unknown	ResourceLimit	21387	sat	724	lazy linear arithmetic pre-SAT skeleton exceeds the joint resource boundary (atoms=5359, cnf_vars=21540, base_trigger=>1024/>4096, moderate_envelope<=1280/<=8192, initial_clauses=0, blocking_lemmas=0)
/nas3/data/axeyum/corpus/smtlib-2024/non-incremental/non-incremental/QF_IDL/asp/MazeGeneration/maze-generation-width=10-height=10-density=0.01-run=2.smt2	unsat	123835	unsat	na	1218	ERROR: unknown parameter '/nas3/data/axeyum/corpus/smtlib_2024/non_incremental/n	120	
/nas3/data/axeyum/corpus/smtlib-2024/non-incremental/non-incremental/QF_IDL/asp/HamiltonianPath/gryzzles.31.lp.smt2	sat	398196	unknown	ResourceLimit	21521	sat	1826	lazy linear arithmetic pre-SAT skeleton exceeds the joint resource boundary (atoms=7663, cnf_vars=29312, base_trigger=>1024/>4096, moderate_envelope<=1280/<=8192, initial_clauses=0, blocking_lemmas=0)
/nas3/data/axeyum/corpus/smtlib-2024/non-incremental/non-incremental/QF_IDL/asp/HamiltonianPath/gryzzles.7.lp.smt2	sat	363911	unknown	ResourceLimit	21365	sat	1723	lazy linear arithmetic pre-SAT skeleton exceeds the joint resource boundary (atoms=7053, cnf_vars=26910, base_trigger=>1024/>4096, moderate_envelope<=1280/<=8192, initial_clauses=0, blocking_lemmas=0)
/nas3/data/axeyum/corpus/smtlib-2024/non-incremental/non-incremental/QF_IDL/asp/HierarchicalClustering/xy.12.x.12.r.3.274440616.806497.data_k=3_l=4_sat.gph.smt2	sat	1238696	unknown	ResourceLimit	22188	ERROR: invalid parameter, unknown module '/nas3/data/axeyum/corpus/smtlib_2024/n	115	lazy linear arithmetic pre-SAT skeleton exceeds the joint resource boundary (atoms=17416, cnf_vars=87748, base_trigger=>1024/>4096, moderate_envelope<=1280/<=8192, initial_clauses=0, blocking_lemmas=0
/nas3/data/axeyum/corpus/smtlib-2024/non-incremental/non-incremental/QF_IDL/asp/MazeGeneration/maze-generation-width=19-height=19-density=0.01-run=5.smt2	sat	592477	unknown	ResourceLimit	18473	ERROR: unknown parameter '/nas3/data/axeyum/corpus/smtlib_2024/non_incremental/n	118	lazy linear arithmetic pre-SAT skeleton exceeds the joint resource boundary (atoms=1084, cnf_vars=31944, base_trigger=>1024/>4096, moderate_envelope<=1280/<=8192, initial_clauses=0, blocking_lemmas=0)
/nas3/data/axeyum/corpus/smtlib-2024/non-incremental/non-incremental/QF_IDL/asp/MazeGeneration/maze-generation-width=16-height=16-density=0.01-run=1.smt2	unsat	399910	unsat	na	20881	ERROR: unknown parameter '/nas3/data/axeyum/corpus/smtlib_2024/non_incremental/n	122	
/nas3/data/axeyum/corpus/smtlib-2024/non-incremental/non-incremental/QF_IDL/asp/Hanoi/mgs_towers-hanoi.73_7.smt2	sat	4037313	unknown	ResourceLimit	24527	timeout	24078	lazy linear arithmetic pre-SAT skeleton exceeds the joint resource boundary (atoms=24896, cnf_vars=252085, base_trigger=>1024/>4096, moderate_envelope<=1280/<=8192, initial_clauses=0, blocking_lemmas=
/nas3/data/axeyum/corpus/smtlib-2024/non-incremental/non-incremental/QF_IDL/asp/KnightTour/knightTour.in05.smt2	unknown	1762108	unknown	ResourceLimit	22674	timeout	24076	lazy linear arithmetic pre-SAT skeleton exceeds the joint resource boundary (atoms=29136, cnf_vars=122353, base_trigger=>1024/>4096, moderate_envelope<=1280/<=8192, initial_clauses=0, blocking_lemmas=
/nas3/data/axeyum/corpus/smtlib-2024/non-incremental/non-incremental/QF_IDL/asp/SchurNumbers/20.18.schur.lp.smt2	unsat	1050891	unknown	ResourceLimit	21777	unsat	7850	lazy linear arithmetic pre-SAT skeleton exceeds the joint resource boundary (atoms=4412, cnf_vars=72055, base_trigger=>1024/>4096, moderate_envelope<=1280/<=8192, initial_clauses=0, blocking_lemmas=0)
/nas3/data/axeyum/corpus/smtlib-2024/non-incremental/non-incremental/QF_IDL/asp/Sokoban/dimitri_yorick.59.steps.8.asp.smt2	unsat	381827	unknown	ResourceLimit	21299	unsat	1537	lazy linear arithmetic pre-SAT skeleton exceeds the joint resource boundary (atoms=2112, cnf_vars=23422, base_trigger=>1024/>4096, moderate_envelope<=1280/<=8192, initial_clauses=0, blocking_lemmas=0)
/nas3/data/axeyum/corpus/smtlib-2024/non-incremental/non-incremental/QF_IDL/asp/Sokoban/duthen-990602.51.steps.12.asp.smt2	unsat	482261	unknown	ResourceLimit	21348	unsat	2933	lazy linear arithmetic pre-SAT skeleton exceeds the joint resource boundary (atoms=2648, cnf_vars=29422, base_trigger=>1024/>4096, moderate_envelope<=1280/<=8192, initial_clauses=0, blocking_lemmas=0)
/nas3/data/axeyum/corpus/smtlib-2024/non-incremental/non-incremental/QF_IDL/asp/Labyrinth/laby_18_18_14.lp.smt2	sat	26213807	HARDKILL	na	32293	timeout	24423	killed by external timeout at 32s
/nas3/data/axeyum/corpus/smtlib-2024/non-incremental/non-incremental/QF_IDL/asp/SchurNumbers/15.3.schur.lp.smt2	sat	1311185	unknown	ResourceLimit	22028	timeout	24089	lazy linear arithmetic pre-SAT skeleton exceeds the joint resource boundary (atoms=4710, cnf_vars=89059, base_trigger=>1024/>4096, moderate_envelope<=1280/<=8192, initial_clauses=0, blocking_lemmas=0)
/nas3/data/axeyum/corpus/smtlib-2024/non-incremental/non-incremental/QF_IDL/asp/Labyrinth/laby_21_21_12.lp.smt2	sat	42141001	HARDKILL	na	32573	timeout	24349	killed by external timeout at 32s
/nas3/data/axeyum/corpus/smtlib-2024/non-incremental/non-incremental/QF_IDL/asp/Sokoban/duthen-990602.77.steps.9.asp.smt2	unsat	529916	unknown	ResourceLimit	21739	unsat	1129	lazy linear arithmetic pre-SAT skeleton exceeds the joint resource boundary (atoms=2930, cnf_vars=32425, base_trigger=>1024/>4096, moderate_envelope<=1280/<=8192, initial_clauses=0, blocking_lemmas=0)
/nas3/data/axeyum/corpus/smtlib-2024/non-incremental/non-incremental/QF_IDL/asp/Solitaire/solitaire-center-time=26.smt2	sat	1642574	unknown	ResourceLimit	22846	ERROR: unknown parameter '/nas3/data/axeyum/corpus/smtlib_2024/non_incremental/n	123	lazy linear arithmetic pre-SAT skeleton exceeds the joint resource boundary (atoms=14740, cnf_vars=106276, base_trigger=>1024/>4096, moderate_envelope<=1280/<=8192, initial_clauses=0, blocking_lemmas=
/nas3/data/axeyum/corpus/smtlib-2024/non-incremental/non-incremental/QF_IDL/asp/Solitaire/solitaire-edge-time=29.smt2	sat	1782707	unknown	ResourceLimit	22831	ERROR: unknown parameter '/nas3/data/axeyum/corpus/smtlib_2024/non_incremental/n	166	lazy linear arithmetic pre-SAT skeleton exceeds the joint resource boundary (atoms=15956, cnf_vars=115094, base_trigger=>1024/>4096, moderate_envelope<=1280/<=8192, initial_clauses=0, blocking_lemmas=
/nas3/data/axeyum/corpus/smtlib-2024/non-incremental/non-incremental/QF_IDL/asp/WeightBoundedDominatingSet/rand_100_400_1159666138_5.lp.smt2	sat	207207	unknown	ResourceLimit	21297	sat	5555	lazy linear arithmetic pre-SAT skeleton exceeds the joint resource boundary (atoms=3508, cnf_vars=13470, base_trigger=>1024/>4096, moderate_envelope<=1280/<=8192, initial_clauses=0, blocking_lemmas=0)
/nas3/data/axeyum/corpus/smtlib-2024/non-incremental/non-incremental/QF_IDL/cellar/CELAR6_SUB0.smt2	unsat	60170	unsat	na	1020	unsat	119	
/nas3/data/axeyum/corpus/smtlib-2024/non-incremental/non-incremental/QF_IDL/asp/TravellingSalesperson/rand_80_340_1159656267_0.lp.smt2	sat	844722	unknown	ResourceLimit	22497	timeout	24114	lazy linear arithmetic pre-SAT skeleton exceeds the joint resource boundary (atoms=14601, cnf_vars=58484, base_trigger=>1024/>4096, moderate_envelope<=1280/<=8192, initial_clauses=0, blocking_lemmas=0
/nas3/data/axeyum/corpus/smtlib-2024/non-incremental/non-incremental/QF_IDL/asp/Sudoku/sudoku.in8.smt2	sat	1944407	unknown	Timeout	27656	timeout	24157	preprocessed dispatch timeout after reduced solve
/nas3/data/axeyum/corpus/smtlib-2024/non-incremental/non-incremental/QF_IDL/asp/TravellingSalesperson/tsp_rand_70_300_1155482584_12.lp.smt2	sat	743051	unknown	ResourceLimit	21888	timeout	24176	lazy linear arithmetic pre-SAT skeleton exceeds the joint resource boundary (atoms=12881, cnf_vars=51563, base_trigger=>1024/>4096, moderate_envelope<=1280/<=8192, initial_clauses=0, blocking_lemmas=0
/nas3/data/axeyum/corpus/smtlib-2024/non-incremental/non-incremental/QF_IDL/bcnscheduling/bcnscheduling105.smt2	unsat	106217	unknown	Timeout	26264	unsat	9259	preprocessed dispatch timeout after reduced solve
/nas3/data/axeyum/corpus/smtlib-2024/non-incremental/non-incremental/QF_IDL/asp/WeightBoundedDominatingSet/rand_150_600_1159731678_6.lp.smt2	unknown	318420	unknown	ResourceLimit	21509	timeout	24134	lazy linear arithmetic pre-SAT skeleton exceeds the joint resource boundary (atoms=5381, cnf_vars=20559, base_trigger=>1024/>4096, moderate_envelope<=1280/<=8192, initial_clauses=0, blocking_lemmas=0)
/nas3/data/axeyum/corpus/smtlib-2024/non-incremental/non-incremental/QF_IDL/job_shop/jobshop12-2-6-6-4-4-11.smt2	unsat	13254	unsat	na	1904	unsat	319	
/nas3/data/axeyum/corpus/smtlib-2024/non-incremental/non-incremental/QF_IDL/asp/WireRouting/wire.10.x.10.b.5.a.20_unsat.data.smt2	unsat	1901220	unknown	ResourceLimit	23698	timeout	24059	lazy linear arithmetic pre-SAT skeleton exceeds the joint resource boundary (atoms=15176, cnf_vars=116777, base_trigger=>1024/>4096, moderate_envelope<=1280/<=8192, initial_clauses=0, blocking_lemmas=
/nas3/data/axeyum/corpus/smtlib-2024/non-incremental/non-incremental/QF_IDL/asp/WireRouting/wire.14.x.14.b.8.a.40_unsat.data.smt2	unsat	5901074	unknown	Timeout	26555	timeout	24214	preprocessed dispatch timeout after reduced solve
/nas3/data/axeyum/corpus/smtlib-2024/non-incremental/non-incremental/QF_IDL/cellar/scen09.smt2	unsat	1283591	HARDKILL	na	32172	unsat	1224	killed by external timeout at 32s
/nas3/data/axeyum/corpus/smtlib-2024/non-incremental/non-incremental/QF_IDL/diamonds/diamonds.12.2.i.a.u.smt2	unsat	6235	HARDKILL	na	32162	unsat	929	killed by external timeout at 32s
/nas3/data/axeyum/corpus/smtlib-2024/non-incremental/non-incremental/QF_IDL/job_shop/jobshop4-2-2-2-4-4-11.smt2	unsat	2200	unsat	na	132	unsat	129	
/nas3/data/axeyum/corpus/smtlib-2024/non-incremental/non-incremental/QF_IDL/diamonds/diamonds.18.2.i.a.u.smt2	unsat	5775	HARDKILL	na	32191	unsat	7826	killed by external timeout at 32s
/nas3/data/axeyum/corpus/smtlib-2024/non-incremental/non-incremental/QF_IDL/fuzzy-matrix/Zantema_z053.srs_slice-8_constraint-227740.smt2	sat	188731	unknown	Timeout	29193	timeout	24043	preprocessed dispatch timeout after reduced solve
/nas3/data/axeyum/corpus/smtlib-2024/non-incremental/non-incremental/QF_IDL/diamonds/diamonds.15.2.i.a.u.smt2	unsat	7753	HARDKILL	na	32173	timeout	24064	killed by external timeout at 32s
/nas3/data/axeyum/corpus/smtlib-2024/non-incremental/non-incremental/QF_IDL/job_shop/jobshop18-2-9-9-4-4-11.smt2	unsat	28290	HARDKILL	na	32214	timeout	24093	killed by external timeout at 32s
/nas3/data/axeyum/corpus/smtlib-2024/non-incremental/non-incremental/QF_IDL/mathsat/fischer/FISCHER10-3-ninc.smt2	unsat	124576	unsat	na	512	unsat	112	
/nas3/data/axeyum/corpus/smtlib-2024/non-incremental/non-incremental/QF_IDL/mathsat/fischer/FISCHER11-3-ninc.smt2	unsat	137729	unsat	na	614	unsat	125	
/nas3/data/axeyum/corpus/smtlib-2024/non-incremental/non-incremental/QF_IDL/job_shop/jobshop22-2-11-11-4-4-11.smt2	unknown	41520	unknown	Timeout	31344	timeout	24046	preprocessed dispatch timeout after reduced solve
/nas3/data/axeyum/corpus/smtlib-2024/non-incremental/non-incremental/QF_IDL/mathsat/fischer/FISCHER12-2-ninc.smt2	unsat	104113	unsat	na	311	unsat	112	
/nas3/data/axeyum/corpus/smtlib-2024/non-incremental/non-incremental/QF_IDL/job_shop/jobshop28-2-14-14-4-4-11.smt2	unknown	66048	unknown	Timeout	29157	timeout	24049	preprocessed dispatch timeout after reduced solve
/nas3/data/axeyum/corpus/smtlib-2024/non-incremental/non-incremental/QF_IDL/job_shop/jobshop34-2-17-17-4-4-11.smt2	unknown	96264	unknown	Timeout	29163	timeout	24120	preprocessed dispatch timeout after reduced solve
/nas3/data/axeyum/corpus/smtlib-2024/non-incremental/non-incremental/QF_IDL/mathsat/fischer/FISCHER4-5-ninc.smt2	sat	79754	sat	na	420	sat	119	
/nas3/data/axeyum/corpus/smtlib-2024/non-incremental/non-incremental/QF_IDL/mathsat/fischer/FISCHER6-6-ninc.smt2	unsat	142879	unsat	na	3731	unsat	114	
/nas3/data/axeyum/corpus/smtlib-2024/non-incremental/non-incremental/QF_IDL/mathsat/fischer/FISCHER8-3-ninc.smt2	unsat	98809	unsat	na	314	unsat	113	
/nas3/data/axeyum/corpus/smtlib-2024/non-incremental/non-incremental/QF_IDL/mathsat/fischer/FISCHER9-5-ninc.smt2	unsat	181807	unsat	na	1817	unsat	116	
/nas3/data/axeyum/corpus/smtlib-2024/non-incremental/non-incremental/QF_IDL/mathsat/post_office/PO3-10-PO3.smt2	sat	342436	sat	na	3822	sat	215	
/nas3/data/axeyum/corpus/smtlib-2024/non-incremental/non-incremental/QF_IDL/job_shop/jobshop44-2-22-22-4-4-11.smt2	unknown	159264	unknown	Timeout	29285	timeout	24067	preprocessed dispatch timeout after reduced solve
/nas3/data/axeyum/corpus/smtlib-2024/non-incremental/non-incremental/QF_IDL/mathsat/post_office/PO4-3-PO4.smt2	unsat	383279	unsat	na	11527	unsat	113	
/nas3/data/axeyum/corpus/smtlib-2024/non-incremental/non-incremental/QF_IDL/job_shop/jobshop50-2-25-25-4-4-11.smt2	unknown	204648	unknown	Timeout	29447	timeout	24049	preprocessed dispatch timeout after reduced solve
/nas3/data/axeyum/corpus/smtlib-2024/non-incremental/non-incremental/QF_IDL/parity/03.100.graph.smt2	unsat	134675	unsat	na	819	unsat	327	
/nas3/data/axeyum/corpus/smtlib-2024/non-incremental/non-incremental/QF_IDL/parity/06.100.graph.smt2	sat	130636	sat	na	1228	sat	445	
/nas3/data/axeyum/corpus/smtlib-2024/non-incremental/non-incremental/QF_IDL/mathsat/fischer/FISCHER14-9-ninc.smt2	unsat	523302	HARDKILL	na	32172	unsat	4135	killed by external timeout at 32s
/nas3/data/axeyum/corpus/smtlib-2024/non-incremental/non-incremental/QF_IDL/parity/09.100.graph.smt2	sat	104997	sat	na	1353	sat	446	
/nas3/data/axeyum/corpus/smtlib-2024/non-incremental/non-incremental/QF_IDL/job_shop/jobshop56-2-28-28-4-4-11.smt2	unknown	255756	unknown	Timeout	29447	timeout	24108	preprocessed dispatch timeout after reduced solve
/nas3/data/axeyum/corpus/smtlib-2024/non-incremental/non-incremental/QF_IDL/job_shop/jobshop60-2-30-30-4-4-11.smt2	unknown	292988	unknown	Timeout	29674	timeout	24049	preprocessed dispatch timeout after reduced solve
/nas3/data/axeyum/corpus/smtlib-2024/non-incremental/non-incremental/QF_IDL/parity/12.100.graph.smt2	sat	176165	sat	na	4740	sat	434	
/nas3/data/axeyum/corpus/smtlib-2024/non-incremental/non-incremental/QF_IDL/parity/15.100.graph.smt2	unsat	142681	unsat	na	2034	unsat	327	
/nas3/data/axeyum/corpus/smtlib-2024/non-incremental/non-incremental/QF_IDL/mathsat/fischer/FISCHER13-13-ninc.smt2	unsat	700865	HARDKILL	na	32169	timeout	24065	killed by external timeout at 32s
/nas3/data/axeyum/corpus/smtlib-2024/non-incremental/non-incremental/QF_IDL/mathsat/fischer/FISCHER14-11-ninc.smt2	unsat	640935	HARDKILL	na	32157	timeout	24095	killed by external timeout at 32s
/nas3/data/axeyum/corpus/smtlib-2024/non-incremental/non-incremental/QF_IDL/parity/18.100.graph.smt2	unsat	126458	unsat	na	1138	unsat	235	
/nas3/data/axeyum/corpus/smtlib-2024/non-incremental/non-incremental/QF_IDL/parity/01.500.graph.smt2	unsat	3206867	unknown	Timeout	28246	unsat	10240	preprocessed dispatch timeout after reduced solve
/nas3/data/axeyum/corpus/smtlib-2024/non-incremental/non-incremental/QF_IDL/parity/21.100.graph.smt2	sat	127805	sat	na	2553	sat	329	
/nas3/data/axeyum/corpus/smtlib-2024/non-incremental/non-incremental/QF_IDL/parity/24.100.graph.smt2	unsat	150663	unsat	na	535	unsat	333	
/nas3/data/axeyum/corpus/smtlib-2024/non-incremental/non-incremental/QF_IDL/parity/04.500.graph.smt2	sat	3025099	unknown	Timeout	28917	sat	9252	preprocessed dispatch timeout after reduced solve
/nas3/data/axeyum/corpus/smtlib-2024/non-incremental/non-incremental/QF_IDL/parity/27.100.graph.smt2	unsat	117529	unsat	na	649	unsat	346	
/nas3/data/axeyum/corpus/smtlib-2024/non-incremental/non-incremental/QF_IDL/parity/07.500.graph.smt2	sat	2965557	unknown	Timeout	29165	sat	8145	preprocessed dispatch timeout after reduced solve
/nas3/data/axeyum/corpus/smtlib-2024/non-incremental/non-incremental/QF_IDL/parity/30.100.graph.smt2	unsat	106853	unsat	na	339	unsat	236	
/nas3/data/axeyum/corpus/smtlib-2024/non-incremental/non-incremental/QF_IDL/parity/10.500.graph.smt2	sat	2801002	unknown	Timeout	28237	sat	9991	preprocessed dispatch timeout after reduced solve
/nas3/data/axeyum/corpus/smtlib-2024/non-incremental/non-incremental/QF_IDL/planning/plan-18.cvc.smt2	unsat	93325	unsat	na	5758	unsat	434	
/nas3/data/axeyum/corpus/smtlib-2024/non-incremental/non-incremental/QF_IDL/parity/13.500.graph.smt2	unsat	3468307	unknown	Timeout	29197	unsat	12758	preprocessed dispatch timeout after reduced solve
/nas3/data/axeyum/corpus/smtlib-2024/non-incremental/non-incremental/QF_IDL/parity/16.500.graph.smt2	sat	2920147	unknown	Timeout	28941	sat	7355	preprocessed dispatch timeout after reduced solve
/nas3/data/axeyum/corpus/smtlib-2024/non-incremental/non-incremental/QF_IDL/planning/plan-9.cvc.smt2	unsat	44167	unsat	na	540	unsat	123	
/nas3/data/axeyum/corpus/smtlib-2024/non-incremental/non-incremental/QF_IDL/parity/22.500.graph.smt2	sat	2698193	unknown	Timeout	28802	sat	6735	preprocessed dispatch timeout after reduced solve
/nas3/data/axeyum/corpus/smtlib-2024/non-incremental/non-incremental/QF_IDL/parity/19.500.graph.smt2	sat	3030383	unknown	Timeout	28865	sat	11661	preprocessed dispatch timeout after reduced solve
/nas3/data/axeyum/corpus/smtlib-2024/non-incremental/non-incremental/QF_IDL/planning/plan-30.cvc.smt2	unsat	161070	unknown	ResourceLimit	21452	unsat	436	lazy linear arithmetic pre-SAT skeleton exceeds the joint resource boundary (atoms=2214, cnf_vars=13864, base_trigger=>1024/>4096, moderate_envelope<=1280/<=8192, initial_clauses=1162, blocking_lemmas
/nas3/data/axeyum/corpus/smtlib-2024/non-incremental/non-incremental/QF_IDL/parity/25.500.graph.smt2	sat	3407543	unknown	Timeout	29193	sat	17473	preprocessed dispatch timeout after reduced solve
/nas3/data/axeyum/corpus/smtlib-2024/non-incremental/non-incremental/QF_IDL/planning/plan-42.cvc.smt2	unsat	230506	unknown	ResourceLimit	21463	unsat	1736	lazy linear arithmetic pre-SAT skeleton exceeds the joint resource boundary (atoms=3126, cnf_vars=19588, base_trigger=>1024/>4096, moderate_envelope<=1280/<=8192, initial_clauses=1642, blocking_lemmas
/nas3/data/axeyum/corpus/smtlib-2024/non-incremental/non-incremental/QF_IDL/qlock/qlock-4-10-15.induction.cvc.smt2	sat	223600	unknown	ResourceLimit	21681	sat	440	lazy linear arithmetic pre-SAT skeleton exceeds the joint resource boundary (atoms=4050, cnf_vars=22333, base_trigger=>1024/>4096, moderate_envelope<=1280/<=8192, initial_clauses=3569, blocking_lemmas
/nas3/data/axeyum/corpus/smtlib-2024/non-incremental/non-incremental/QF_IDL/qlock/qlock-4-10-9.induction.cvc.smt2	sat	132749	sat	na	1845	sat	536	
/nas3/data/axeyum/corpus/smtlib-2024/non-incremental/non-incremental/QF_IDL/parity/28.500.graph.smt2	unsat	3222060	unknown	Timeout	28411	unsat	15254	preprocessed dispatch timeout after reduced solve
/nas3/data/axeyum/corpus/smtlib-2024/non-incremental/non-incremental/QF_IDL/qlock/qlock-4-10-21.induction.cvc.smt2	sat	315536	unknown	ResourceLimit	22169	sat	632	lazy linear arithmetic pre-SAT skeleton exceeds the joint resource boundary (atoms=5658, cnf_vars=31231, base_trigger=>1024/>4096, moderate_envelope<=1280/<=8192, initial_clauses=4997, blocking_lemmas
/nas3/data/axeyum/corpus/smtlib-2024/non-incremental/non-incremental/QF_IDL/parity/31.500.graph.smt2	sat	3342074	unknown	Timeout	28386	sat	18661	preprocessed dispatch timeout after reduced solve
/nas3/data/axeyum/corpus/smtlib-2024/non-incremental/non-incremental/QF_IDL/queens_bench/n_queen/queen20-1.smt2	sat	16528	sat	na	6442	sat	117	
/nas3/data/axeyum/corpus/smtlib-2024/non-incremental/non-incremental/QF_IDL/qlock/qlock-4-10-27.induction.cvc.smt2	sat	408247	unknown	ResourceLimit	21848	sat	1127	lazy linear arithmetic pre-SAT skeleton exceeds the joint resource boundary (atoms=7266, cnf_vars=40129, base_trigger=>1024/>4096, moderate_envelope<=1280/<=8192, initial_clauses=6425, blocking_lemmas
/nas3/data/axeyum/corpus/smtlib-2024/non-incremental/non-incremental/QF_IDL/qlock/qlock-4-10-33.induction.cvc.smt2	sat	500930	unknown	ResourceLimit	22292	sat	1836	lazy linear arithmetic pre-SAT skeleton exceeds the joint resource boundary (atoms=8874, cnf_vars=49027, base_trigger=>1024/>4096, moderate_envelope<=1280/<=8192, initial_clauses=7853, blocking_lemmas
/nas3/data/axeyum/corpus/smtlib-2024/non-incremental/non-incremental/QF_IDL/qlock/qlock-4-10-39.induction.cvc.smt2	sat	593606	unknown	ResourceLimit	22581	sat	4336	lazy linear arithmetic pre-SAT skeleton exceeds the joint resource boundary (atoms=10482, cnf_vars=56836, base_trigger=>1024/>4096, moderate_envelope<=1280/<=8192, initial_clauses=8192, blocking_lemma
/nas3/data/axeyum/corpus/smtlib-2024/non-incremental/non-incremental/QF_IDL/queens_bench/n_queen/queen31-1.smt2	sat	39760	unknown	ResourceLimit	21183	sat	1132	lazy linear arithmetic pre-SAT skeleton exceeds the joint resource boundary (atoms=2852, cnf_vars=6168, base_trigger=>1024/>4096, moderate_envelope<=1280/<=8192, initial_clauses=465, blocking_lemmas=0
/nas3/data/axeyum/corpus/smtlib-2024/non-incremental/non-incremental/QF_IDL/queens_bench/n_queen/queen42-1.smt2	sat	73035	unknown	ResourceLimit	21842	sat	2236	lazy linear arithmetic pre-SAT skeleton exceeds the joint resource boundary (atoms=5250, cnf_vars=11360, base_trigger=>1024/>4096, moderate_envelope<=1280/<=8192, initial_clauses=861, blocking_lemmas=
/nas3/data/axeyum/corpus/smtlib-2024/non-incremental/non-incremental/QF_IDL/queens_bench/super_queen/super_queen4-1.smt2	unsat	1135	unsat	na	132	unsat	131	
/nas3/data/axeyum/corpus/smtlib-2024/non-incremental/non-incremental/QF_IDL/queens_bench/super_queen/super_queen18-1.smt2	sat	14745	sat	na	10252	sat	138	
/nas3/data/axeyum/corpus/smtlib-2024/non-incremental/non-incremental/QF_IDL/queens_bench/n_queen/queen86-1.smt2	sat	314788	unknown	Timeout	28986	sat	1835	preprocessed dispatch timeout after reduced solve
/nas3/data/axeyum/corpus/smtlib-2024/non-incremental/non-incremental/QF_IDL/queens_bench/n_queen/queen53-1.smt2	sat	117646	unknown	ResourceLimit	22258	sat	15484	lazy linear arithmetic pre-SAT skeleton exceeds the joint resource boundary (atoms=8374, cnf_vars=18125, base_trigger=>1024/>4096, moderate_envelope<=1280/<=8192, initial_clauses=1378, blocking_lemmas
/nas3/data/axeyum/corpus/smtlib-2024/non-incremental/non-incremental/QF_IDL/queens_bench/super_queen/super_queen29-1.smt2	sat	37087	unknown	ResourceLimit	21221	sat	228	lazy linear arithmetic pre-SAT skeleton exceeds the joint resource boundary (atoms=2714, cnf_vars=6108, base_trigger=>1024/>4096, moderate_envelope<=1280/<=8192, initial_clauses=681, blocking_lemmas=0
/nas3/data/axeyum/corpus/smtlib-2024/non-incremental/non-incremental/QF_IDL/queens_bench/super_queen/super_queen50-1.smt2	sat	108524	unknown	ResourceLimit	22269	sat	325	lazy linear arithmetic pre-SAT skeleton exceeds the joint resource boundary (atoms=7838, cnf_vars=17385, base_trigger=>1024/>4096, moderate_envelope<=1280/<=8192, initial_clauses=1710, blocking_lemmas
/nas3/data/axeyum/corpus/smtlib-2024/non-incremental/non-incremental/QF_IDL/queens_bench/n_queen/queen64-1.smt2	sat	172954	unknown	ResourceLimit	24071	timeout	24077	lazy linear arithmetic pre-SAT skeleton exceeds the joint resource boundary (atoms=12224, cnf_vars=26463, base_trigger=>1024/>4096, moderate_envelope<=1280/<=8192, initial_clauses=2016, blocking_lemma
/nas3/data/axeyum/corpus/smtlib-2024/non-incremental/non-incremental/QF_IDL/queens_bench/n_queen/queen75-1.smt2	sat	238668	unknown	Timeout	25110	timeout	24130	preprocessed dispatch timeout after reduced solve
/nas3/data/axeyum/corpus/smtlib-2024/non-incremental/non-incremental/QF_IDL/queens_bench/super_queen/super_queen61-1.smt2	sat	161994	unknown	ResourceLimit	24062	sat	525	lazy linear arithmetic pre-SAT skeleton exceeds the joint resource boundary (atoms=11578, cnf_vars=25580, base_trigger=>1024/>4096, moderate_envelope<=1280/<=8192, initial_clauses=2425, blocking_lemma
/nas3/data/axeyum/corpus/smtlib-2024/non-incremental/non-incremental/QF_IDL/queens_bench/super_queen/super_queen72-1.smt2	sat	225854	unknown	Timeout	25974	sat	326	preprocessed dispatch timeout after reduced solve
/nas3/data/axeyum/corpus/smtlib-2024/non-incremental/non-incremental/QF_IDL/queens_bench/n_queen/queen97-1.smt2	sat	401314	unknown	Timeout	30098	sat	21553	preprocessed dispatch timeout after reduced solve
/nas3/data/axeyum/corpus/smtlib-2024/non-incremental/non-incremental/QF_IDL/queens_bench/toroidal_bench/toroidal_queen7-1.smt2	sat	3091	sat	na	136	sat	135	
/nas3/data/axeyum/corpus/smtlib-2024/non-incremental/non-incremental/QF_IDL/queens_bench/toroidal_bench/toroidal_queen15-1.smt2	unsat	13650	HARDKILL	na	32201	unsat	2835	killed by external timeout at 32s
/nas3/data/axeyum/corpus/smtlib-2024/non-incremental/non-incremental/QF_IDL/queens_bench/super_queen/super_queen83-1.smt2	sat	300116	unknown	Timeout	30305	timeout	24082	preprocessed dispatch timeout after reduced solve
/nas3/data/axeyum/corpus/smtlib-2024/non-incremental/non-incremental/QF_IDL/sal/bakery/inf-bakery-invalid-3.smt2	sat	5140	sat	na	119	sat	122	
/nas3/data/axeyum/corpus/smtlib-2024/non-incremental/non-incremental/QF_IDL/sal/bakery/inf-bakery-mutex-14.smt2	unsat	21410	unsat	na	843	unsat	134	
/nas3/data/axeyum/corpus/smtlib-2024/non-incremental/non-incremental/QF_IDL/sal/bakery/inf-bakery-mutex-7.smt2	unsat	10918	unsat	na	231	unsat	133	
/nas3/data/axeyum/corpus/smtlib-2024/non-incremental/non-incremental/QF_IDL/queens_bench/super_queen/super_queen94-1.smt2	sat	384776	unknown	Timeout	30291	timeout	24083	preprocessed dispatch timeout after reduced solve
/nas3/data/axeyum/corpus/smtlib-2024/non-incremental/non-incremental/QF_IDL/queens_bench/toroidal_bench/toroidal_queen26-1.smt2	unsat	41453	unknown	ResourceLimit	21260	timeout	24116	lazy linear arithmetic pre-SAT skeleton exceeds the joint resource boundary (atoms=3250, cnf_vars=8384, base_trigger=>1024/>4096, moderate_envelope<=1280/<=8192, initial_clauses=1885, blocking_lemmas=
/nas3/data/axeyum/corpus/smtlib-2024/non-incremental/non-incremental/QF_IDL/queens_bench/toroidal_bench/toroidal_queen37-1.smt2	sat	85753	unknown	ResourceLimit	22173	timeout	24095	lazy linear arithmetic pre-SAT skeleton exceeds the joint resource boundary (atoms=6734, cnf_vars=17463, base_trigger=>1024/>4096, moderate_envelope<=1280/<=8192, initial_clauses=3996, blocking_lemmas
/nas3/data/axeyum/corpus/smtlib-2024/non-incremental/non-incremental/QF_IDL/queens_bench/toroidal_bench/toroidal_queen48-1.smt2	unsat	144684	unknown	ResourceLimit	23054	timeout	24038	lazy linear arithmetic pre-SAT skeleton exceeds the joint resource boundary (atoms=11280, cnf_vars=29207, base_trigger=>1024/>4096, moderate_envelope<=1280/<=8192, initial_clauses=6648, blocking_lemma
/nas3/data/axeyum/corpus/smtlib-2024/non-incremental/non-incremental/QF_IDL/queens_bench/toroidal_bench/toroidal_queen59-1.smt2	sat	223176	unknown	Timeout	25756	timeout	24140	preprocessed dispatch timeout after reduced solve
/nas3/data/axeyum/corpus/smtlib-2024/non-incremental/non-incremental/QF_IDL/queens_bench/toroidal_bench/toroidal_queen80-1.smt2	unsat	413554	unknown	Timeout	31162	timeout	24082	preprocessed dispatch timeout after reduced solve
/nas3/data/axeyum/corpus/smtlib-2024/non-incremental/non-incremental/QF_IDL/schedulingIDL/gp10_03_mkspan1079.smt2	unsat	64827	unknown	Timeout	26189	unsat	924	preprocessed dispatch timeout after reduced solve
/nas3/data/axeyum/corpus/smtlib-2024/non-incremental/non-incremental/QF_IDL/sal/lpsat/lpsat-goal-18.smt2	unsat	268862	unsat	na	28641	unsat	1066	
/nas3/data/axeyum/corpus/smtlib-2024/non-incremental/non-incremental/QF_IDL/schedulingIDL/j6_per0_0_mkspan1057.smt2	sat	15053	HARDKILL	na	32197	sat	3238	killed by external timeout at 32s
/nas3/data/axeyum/corpus/smtlib-2024/non-incremental/non-incremental/QF_IDL/schedulingIDL/j7_per0_1_mkspan1055.smt2	sat	23289	HARDKILL	na	32176	sat	2828	killed by external timeout at 32s
/nas3/data/axeyum/corpus/smtlib-2024/non-incremental/non-incremental/QF_IDL/queens_bench/toroidal_bench/toroidal_queen91-1.smt2	sat	539272	unknown	Timeout	31533	timeout	24071	preprocessed dispatch timeout after reduced solve
/nas3/data/axeyum/corpus/smtlib-2024/non-incremental/non-incremental/QF_IDL/schedulingIDL/j7_per10_0_mkspan1013.smt2	sat	23254	HARDKILL	na	32218	sat	3631	killed by external timeout at 32s
/nas3/data/axeyum/corpus/smtlib-2024/non-incremental/non-incremental/QF_IDL/schedulingIDL/j7_per10_2_mkspan1013.smt2	sat	23326	HARDKILL	na	32132	sat	8156	killed by external timeout at 32s
/nas3/data/axeyum/corpus/smtlib-2024/non-incremental/non-incremental/QF_IDL/schedulingIDL/j8_per10_1_mkspan1036.smt2	sat	34270	HARDKILL	na	32220	sat	330	killed by external timeout at 32s
/nas3/data/axeyum/corpus/smtlib-2024/non-incremental/non-incremental/QF_IDL/schedulingIDL/j8_per0_1_mkspan1053.smt2	sat	34230	HARDKILL	na	32221	sat	4141	killed by external timeout at 32s
/nas3/data/axeyum/corpus/smtlib-2024/non-incremental/non-incremental/QF_IDL/schedulingIDL/j8_per0_2_mkspan1054.smt2	sat	34195	HARDKILL	na	32175	sat	5133	killed by external timeout at 32s
/nas3/data/axeyum/corpus/smtlib-2024/non-incremental/non-incremental/QF_IDL/schedulingIDL/tai_10x10_1_mkspan639.smt2	sat	64772	unknown	Timeout	26169	sat	1136	preprocessed dispatch timeout after reduced solve
/nas3/data/axeyum/corpus/smtlib-2024/non-incremental/non-incremental/QF_IDL/schedulingIDL/tai_10x10_7_mkspan617.smt2	sat	64736	unknown	Timeout	26162	sat	530	preprocessed dispatch timeout after reduced solve
/nas3/data/axeyum/corpus/smtlib-2024/non-incremental/non-incremental/QF_IDL/schedulingIDL/tai_15x15_1_mkspan1140.smt2	sat	223383	unknown	Timeout	26420	sat	1019	preprocessed dispatch timeout after reduced solve
/nas3/data/axeyum/corpus/smtlib-2024/non-incremental/non-incremental/QF_IDL/schedulingIDL/j8_per20_0_mkspan1008.smt2	sat	34230	HARDKILL	na	32164	sat	321	killed by external timeout at 32s
/nas3/data/axeyum/corpus/smtlib-2024/non-incremental/non-incremental/QF_IDL/schedulingIDL/tai_15x15_2_mkspan933.smt2	sat	223242	unknown	Timeout	26283	sat	1641	preprocessed dispatch timeout after reduced solve
/nas3/data/axeyum/corpus/smtlib-2024/non-incremental/non-incremental/QF_IDL/schedulingIDL/tai_15x15_5_mkspan1174.smt2	sat	223635	unknown	Timeout	26386	sat	855	preprocessed dispatch timeout after reduced solve
