file	division	verdict	wall_ms	declared	over_budget
/nas3/data/axeyum/corpus/smtlib-2024/non-incremental/non-incremental/QF_RDL/SMT-Temporal-Planning-Benchmarks/cooking01.smt2	QF_RDL	sat	119	sat	no
/nas3/data/axeyum/corpus/smtlib-2024/non-incremental/non-incremental/QF_RDL/SMT-Temporal-Planning-Benchmarks/cooking02.smt2	QF_RDL	sat	115	sat	no
/nas3/data/axeyum/corpus/smtlib-2024/non-incremental/non-incremental/QF_RDL/SMT-Temporal-Planning-Benchmarks/cooking03.smt2	QF_RDL	sat	120	sat	no
/nas3/data/axeyum/corpus/smtlib-2024/non-incremental/non-incremental/QF_RDL/SMT-Temporal-Planning-Benchmarks/cooking04.smt2	QF_RDL	sat	218	sat	no
/nas3/data/axeyum/corpus/smtlib-2024/non-incremental/non-incremental/QF_RDL/SMT-Temporal-Planning-Benchmarks/cooking05.smt2	QF_RDL	sat	221	sat	no
/nas3/data/axeyum/corpus/smtlib-2024/non-incremental/non-incremental/QF_RDL/SMT-Temporal-Planning-Benchmarks/cooking06.smt2	QF_RDL	sat	318	sat	no
/nas3/data/axeyum/corpus/smtlib-2024/non-incremental/non-incremental/QF_RDL/SMT-Temporal-Planning-Benchmarks/cooking07.smt2	QF_RDL	sat	320	sat	no
/nas3/data/axeyum/corpus/smtlib-2024/non-incremental/non-incremental/QF_RDL/SMT-Temporal-Planning-Benchmarks/cooking08.smt2	QF_RDL	sat	518	sat	no
/nas3/data/axeyum/corpus/smtlib-2024/non-incremental/non-incremental/QF_RDL/SMT-Temporal-Planning-Benchmarks/cooking09.smt2	QF_RDL	sat	518	sat	no
/nas3/data/axeyum/corpus/smtlib-2024/non-incremental/non-incremental/QF_RDL/SMT-Temporal-Planning-Benchmarks/cooking10.smt2	QF_RDL	sat	619	sat	no
/nas3/data/axeyum/corpus/smtlib-2024/non-incremental/non-incremental/QF_RDL/SMT-Temporal-Planning-Benchmarks/cooking11.smt2	QF_RDL	sat	717	sat	no
/nas3/data/axeyum/corpus/smtlib-2024/non-incremental/non-incremental/QF_RDL/SMT-Temporal-Planning-Benchmarks/cooking12.smt2	QF_RDL	sat	819	sat	no
/nas3/data/axeyum/corpus/smtlib-2024/non-incremental/non-incremental/QF_RDL/SMT-Temporal-Planning-Benchmarks/cooking13.smt2	QF_RDL	sat	1019	sat	no
/nas3/data/axeyum/corpus/smtlib-2024/non-incremental/non-incremental/QF_RDL/SMT-Temporal-Planning-Benchmarks/cooking14.smt2	QF_RDL	sat	1121	sat	no
/nas3/data/axeyum/corpus/smtlib-2024/non-incremental/non-incremental/QF_RDL/SMT-Temporal-Planning-Benchmarks/cooking15.smt2	QF_RDL	sat	1317	sat	no
/nas3/data/axeyum/corpus/smtlib-2024/non-incremental/non-incremental/QF_RDL/SMT-Temporal-Planning-Benchmarks/cooking16.smt2	QF_RDL	sat	1523	sat	no
/nas3/data/axeyum/corpus/smtlib-2024/non-incremental/non-incremental/QF_RDL/SMT-Temporal-Planning-Benchmarks/cooking17.smt2	QF_RDL	sat	1619	sat	no
/nas3/data/axeyum/corpus/smtlib-2024/non-incremental/non-incremental/QF_RDL/SMT-Temporal-Planning-Benchmarks/cooking18.smt2	QF_RDL	sat	1819	sat	no
/nas3/data/axeyum/corpus/smtlib-2024/non-incremental/non-incremental/QF_RDL/SMT-Temporal-Planning-Benchmarks/cooking19.smt2	QF_RDL	sat	2024	sat	no
/nas3/data/axeyum/corpus/smtlib-2024/non-incremental/non-incremental/QF_RDL/SMT-Temporal-Planning-Benchmarks/cooking20.smt2	QF_RDL	sat	2221	sat	no
/nas3/data/axeyum/corpus/smtlib-2024/non-incremental/non-incremental/QF_RDL/SMT-Temporal-Planning-Benchmarks/cooking21.smt2	QF_RDL	sat	2519	sat	no
/nas3/data/axeyum/corpus/smtlib-2024/non-incremental/non-incremental/QF_RDL/SMT-Temporal-Planning-Benchmarks/cooking22.smt2	QF_RDL	sat	2723	sat	no
/nas3/data/axeyum/corpus/smtlib-2024/non-incremental/non-incremental/QF_RDL/SMT-Temporal-Planning-Benchmarks/tempo-depth-2.smt2	QF_RDL	sat	217	sat	no
/nas3/data/axeyum/corpus/smtlib-2024/non-incremental/non-incremental/QF_RDL/SMT-Temporal-Planning-Benchmarks/tempo-depth-3.smt2	QF_RDL	sat	1117	sat	no
/nas3/data/axeyum/corpus/smtlib-2024/non-incremental/non-incremental/QF_RDL/SMT-Temporal-Planning-Benchmarks/tempo-depth-4.smt2	QF_RDL	sat	6225	sat	no
/nas3/data/axeyum/corpus/smtlib-2024/non-incremental/non-incremental/QF_RDL/SMT-Temporal-Planning-Benchmarks/tempo-matrix1x1.pddl.smt2	QF_RDL	sat	117	sat	no
/nas3/data/axeyum/corpus/smtlib-2024/non-incremental/non-incremental/QF_RDL/SMT-Temporal-Planning-Benchmarks/tempo-width-1.smt2	QF_RDL	sat	117	sat	no
/nas3/data/axeyum/corpus/smtlib-2024/non-incremental/non-incremental/QF_RDL/SMT-Temporal-Planning-Benchmarks/tempo-width-2.smt2	QF_RDL	sat	220	sat	no
/nas3/data/axeyum/corpus/smtlib-2024/non-incremental/non-incremental/QF_RDL/SMT-Temporal-Planning-Benchmarks/tempo-width-3.smt2	QF_RDL	sat	1220	sat	no
/nas3/data/axeyum/corpus/smtlib-2024/non-incremental/non-incremental/QF_RDL/SMT-Temporal-Planning-Benchmarks/tms-2-3-light-03.smt2	QF_RDL	sat	221	sat	no
/nas3/data/axeyum/corpus/smtlib-2024/non-incremental/non-incremental/QF_RDL/SMT-Temporal-Planning-Benchmarks/tms-2-3-light-04.smt2	QF_RDL	sat	219	sat	no
/nas3/data/axeyum/corpus/smtlib-2024/non-incremental/non-incremental/QF_RDL/SMT-Temporal-Planning-Benchmarks/tms-2-3-light-05.smt2	QF_RDL	sat	214	sat	no
/nas3/data/axeyum/corpus/smtlib-2024/non-incremental/non-incremental/QF_RDL/SMT-Temporal-Planning-Benchmarks/tms-2-3-light-06.smt2	QF_RDL	sat	317	sat	no
/nas3/data/axeyum/corpus/smtlib-2024/non-incremental/non-incremental/QF_RDL/SMT-Temporal-Planning-Benchmarks/tms-2-3-light-07.smt2	QF_RDL	sat	314	sat	no
/nas3/data/axeyum/corpus/smtlib-2024/non-incremental/non-incremental/QF_RDL/SMT-Temporal-Planning-Benchmarks/tms-2-3-light-08.smt2	QF_RDL	sat	411	sat	no
/nas3/data/axeyum/corpus/smtlib-2024/non-incremental/non-incremental/QF_RDL/SMT-Temporal-Planning-Benchmarks/tms-2-3-light-09.smt2	QF_RDL	sat	516	sat	no
/nas3/data/axeyum/corpus/smtlib-2024/non-incremental/non-incremental/QF_RDL/SMT-Temporal-Planning-Benchmarks/tms-2-3-light-10.smt2	QF_RDL	sat	628	sat	no
/nas3/data/axeyum/corpus/smtlib-2024/non-incremental/non-incremental/QF_RDL/SMT-Temporal-Planning-Benchmarks/tms-2-3-light-20.smt2	QF_RDL	sat	2030	sat	no
/nas3/data/axeyum/corpus/smtlib-2024/non-incremental/non-incremental/QF_RDL/check/bignum_rdl2.smt2	QF_RDL	unsat	122	unsat	no
/nas3/data/axeyum/corpus/smtlib-2024/non-incremental/non-incremental/QF_RDL/sal/fischer3-mutex-1.smt2	QF_RDL	unsat	119	unsat	no
/nas3/data/axeyum/corpus/smtlib-2024/non-incremental/non-incremental/QF_RDL/sal/fischer3-mutex-10.smt2	QF_RDL	unsat	521	unsat	no
/nas3/data/axeyum/corpus/smtlib-2024/non-incremental/non-incremental/QF_RDL/sal/fischer3-mutex-11.smt2	QF_RDL	unsat	818	unsat	no
/nas3/data/axeyum/corpus/smtlib-2024/non-incremental/non-incremental/QF_RDL/sal/fischer3-mutex-2.smt2	QF_RDL	unsat	120	unsat	no
/nas3/data/axeyum/corpus/smtlib-2024/non-incremental/non-incremental/QF_RDL/sal/fischer3-mutex-3.smt2	QF_RDL	unsat	118	unsat	no
/nas3/data/axeyum/corpus/smtlib-2024/non-incremental/non-incremental/QF_RDL/sal/fischer3-mutex-4.smt2	QF_RDL	unsat	119	unsat	no
/nas3/data/axeyum/corpus/smtlib-2024/non-incremental/non-incremental/QF_RDL/sal/fischer3-mutex-5.smt2	QF_RDL	unsat	119	unsat	no
/nas3/data/axeyum/corpus/smtlib-2024/non-incremental/non-incremental/QF_RDL/sal/fischer3-mutex-6.smt2	QF_RDL	unsat	121	unsat	no
/nas3/data/axeyum/corpus/smtlib-2024/non-incremental/non-incremental/QF_RDL/sal/fischer3-mutex-7.smt2	QF_RDL	unsat	121	unsat	no
/nas3/data/axeyum/corpus/smtlib-2024/non-incremental/non-incremental/QF_RDL/sal/fischer3-mutex-8.smt2	QF_RDL	unsat	219	unsat	no
/nas3/data/axeyum/corpus/smtlib-2024/non-incremental/non-incremental/QF_RDL/sal/fischer3-mutex-9.smt2	QF_RDL	unsat	317	unsat	no
/nas3/data/axeyum/corpus/smtlib-2024/non-incremental/non-incremental/QF_RDL/sal/fischer6-mutex-1.smt2	QF_RDL	unsat	119	unsat	no
/nas3/data/axeyum/corpus/smtlib-2024/non-incremental/non-incremental/QF_RDL/sal/fischer6-mutex-18.smt2	QF_RDL	unsolved	24768	unsat	yes
/nas3/data/axeyum/corpus/smtlib-2024/non-incremental/non-incremental/QF_RDL/sal/fischer6-mutex-19.smt2	QF_RDL	unsolved	24654	unsat	yes
/nas3/data/axeyum/corpus/smtlib-2024/non-incremental/non-incremental/QF_RDL/sal/fischer6-mutex-2.smt2	QF_RDL	unsat	123	unsat	no
/nas3/data/axeyum/corpus/smtlib-2024/non-incremental/non-incremental/QF_RDL/sal/fischer6-mutex-20.smt2	QF_RDL	unsolved	24587	unsat	yes
/nas3/data/axeyum/corpus/smtlib-2024/non-incremental/non-incremental/QF_RDL/sal/fischer6-mutex-3.smt2	QF_RDL	unsat	126	unsat	no
/nas3/data/axeyum/corpus/smtlib-2024/non-incremental/non-incremental/QF_RDL/sal/fischer6-mutex-4.smt2	QF_RDL	unsat	118	unsat	no
/nas3/data/axeyum/corpus/smtlib-2024/non-incremental/non-incremental/QF_RDL/sal/fischer6-mutex-5.smt2	QF_RDL	unsat	230	unsat	no
/nas3/data/axeyum/corpus/smtlib-2024/non-incremental/non-incremental/QF_RDL/sal/fischer6-mutex-6.smt2	QF_RDL	unsat	327	unsat	no
/nas3/data/axeyum/corpus/smtlib-2024/non-incremental/non-incremental/QF_RDL/sal/fischer6-mutex-7.smt2	QF_RDL	unsat	317	unsat	no
/nas3/data/axeyum/corpus/smtlib-2024/non-incremental/non-incremental/QF_RDL/sal/fischer6-mutex-8.smt2	QF_RDL	unsat	1119	unsat	no
/nas3/data/axeyum/corpus/smtlib-2024/non-incremental/non-incremental/QF_RDL/sal/fischer9-mutex-1.smt2	QF_RDL	unsat	116	unsat	no
/nas3/data/axeyum/corpus/smtlib-2024/non-incremental/non-incremental/QF_RDL/sal/fischer9-mutex-13.smt2	QF_RDL	unsolved	24774	unsat	yes
/nas3/data/axeyum/corpus/smtlib-2024/non-incremental/non-incremental/QF_RDL/sal/fischer9-mutex-14.smt2	QF_RDL	unsolved	24755	unsat	yes
/nas3/data/axeyum/corpus/smtlib-2024/non-incremental/non-incremental/QF_RDL/sal/fischer9-mutex-15.smt2	QF_RDL	unsolved	25195	unsat	yes
/nas3/data/axeyum/corpus/smtlib-2024/non-incremental/non-incremental/QF_RDL/sal/fischer9-mutex-16.smt2	QF_RDL	unsolved	24877	unsat	yes
/nas3/data/axeyum/corpus/smtlib-2024/non-incremental/non-incremental/QF_RDL/sal/fischer9-mutex-17.smt2	QF_RDL	unsolved	25064	unsat	yes
/nas3/data/axeyum/corpus/smtlib-2024/non-incremental/non-incremental/QF_RDL/sal/fischer9-mutex-18.smt2	QF_RDL	unsolved	25055	unsat	yes
/nas3/data/axeyum/corpus/smtlib-2024/non-incremental/non-incremental/QF_RDL/sal/fischer9-mutex-19.smt2	QF_RDL	unsolved	25080	unsat	yes
/nas3/data/axeyum/corpus/smtlib-2024/non-incremental/non-incremental/QF_RDL/sal/fischer9-mutex-2.smt2	QF_RDL	unsat	125	unsat	no
/nas3/data/axeyum/corpus/smtlib-2024/non-incremental/non-incremental/QF_RDL/sal/fischer9-mutex-20.smt2	QF_RDL	unsolved	25376	unsat	yes
/nas3/data/axeyum/corpus/smtlib-2024/non-incremental/non-incremental/QF_RDL/sal/fischer9-mutex-3.smt2	QF_RDL	unsat	112	unsat	no
/nas3/data/axeyum/corpus/smtlib-2024/non-incremental/non-incremental/QF_RDL/sal/fischer9-mutex-4.smt2	QF_RDL	unsat	212	unsat	no
/nas3/data/axeyum/corpus/smtlib-2024/non-incremental/non-incremental/QF_RDL/sal/fischer9-mutex-5.smt2	QF_RDL	unsat	311	unsat	no
/nas3/data/axeyum/corpus/smtlib-2024/non-incremental/non-incremental/QF_RDL/sal/fischer9-mutex-6.smt2	QF_RDL	unsat	812	unsat	no
/nas3/data/axeyum/corpus/smtlib-2024/non-incremental/non-incremental/QF_RDL/sal/fischer9-mutex-7.smt2	QF_RDL	unsat	719	unsat	no
/nas3/data/axeyum/corpus/smtlib-2024/non-incremental/non-incremental/QF_RDL/sal/fischer9-mutex-8.smt2	QF_RDL	unsat	1416	unsat	no
/nas3/data/axeyum/corpus/smtlib-2024/non-incremental/non-incremental/QF_RDL/scheduling/abz5_1000.smt2	QF_RDL	unsat	111	unsat	no
/nas3/data/axeyum/corpus/smtlib-2024/non-incremental/non-incremental/QF_RDL/scheduling/abz5_1234.smt2	QF_RDL	sat	10550	sat	no
/nas3/data/axeyum/corpus/smtlib-2024/non-incremental/non-incremental/QF_RDL/scheduling/abz5_1300.smt2	QF_RDL	sat	1014	sat	no
/nas3/data/axeyum/corpus/smtlib-2024/non-incremental/non-incremental/QF_RDL/scheduling/abz5_1400.smt2	QF_RDL	sat	212	sat	no
/nas3/data/axeyum/corpus/smtlib-2024/non-incremental/non-incremental/QF_RDL/scheduling/abz6_1000.smt2	QF_RDL	sat	213	sat	no
/nas3/data/axeyum/corpus/smtlib-2024/non-incremental/non-incremental/QF_RDL/scheduling/abz6_1100.smt2	QF_RDL	sat	314	sat	no
/nas3/data/axeyum/corpus/smtlib-2024/non-incremental/non-incremental/QF_RDL/scheduling/abz6_800.smt2	QF_RDL	unsat	116	unsat	no
/nas3/data/axeyum/corpus/smtlib-2024/non-incremental/non-incremental/QF_RDL/scheduling/abz6_900.smt2	QF_RDL	unsat	521	unsat	no
/nas3/data/axeyum/corpus/smtlib-2024/non-incremental/non-incremental/QF_RDL/scheduling/abz6_943.smt2	QF_RDL	sat	4229	sat	no
/nas3/data/axeyum/corpus/smtlib-2024/non-incremental/non-incremental/QF_RDL/scheduling/abz7_600.smt2	QF_RDL	unsolved	18228	unknown	no
/nas3/data/axeyum/corpus/smtlib-2024/non-incremental/non-incremental/QF_RDL/scheduling/abz7_667.smt2	QF_RDL	unsolved	18234	unknown	no
/nas3/data/axeyum/corpus/smtlib-2024/non-incremental/non-incremental/QF_RDL/scheduling/abz7_670.smt2	QF_RDL	unsolved	18235	unknown	no
/nas3/data/axeyum/corpus/smtlib-2024/non-incremental/non-incremental/QF_RDL/scheduling/abz7_691.smt2	QF_RDL	unsolved	18235	sat	no
/nas3/data/axeyum/corpus/smtlib-2024/non-incremental/non-incremental/QF_RDL/scheduling/abz7_700.smt2	QF_RDL	unsolved	18239	sat	no
/nas3/data/axeyum/corpus/smtlib-2024/non-incremental/non-incremental/QF_RDL/scheduling/abz7_800.smt2	QF_RDL	sat	4122	sat	no
/nas3/data/axeyum/corpus/smtlib-2024/non-incremental/non-incremental/QF_RDL/scheduling/orb01_1000.smt2	QF_RDL	unsolved	24035	unsat	yes
/nas3/data/axeyum/corpus/smtlib-2024/non-incremental/non-incremental/QF_RDL/scheduling/orb01_1059.smt2	QF_RDL	unsolved	24040	sat	yes
/nas3/data/axeyum/corpus/smtlib-2024/non-incremental/non-incremental/QF_RDL/scheduling/orb01_1100.smt2	QF_RDL	unsolved	24041	sat	yes
/nas3/data/axeyum/corpus/smtlib-2024/non-incremental/non-incremental/QF_RDL/scheduling/orb01_1200.smt2	QF_RDL	sat	909	sat	no
/nas3/data/axeyum/corpus/smtlib-2024/non-incremental/non-incremental/QF_RDL/scheduling/orb02_1000.smt2	QF_RDL	sat	1309	sat	no
/nas3/data/axeyum/corpus/smtlib-2024/non-incremental/non-incremental/QF_RDL/scheduling/orb02_700.smt2	QF_RDL	unsat	109	unsat	no
/nas3/data/axeyum/corpus/smtlib-2024/non-incremental/non-incremental/QF_RDL/scheduling/orb02_800.smt2	QF_RDL	unsat	309	unsat	no
/nas3/data/axeyum/corpus/smtlib-2024/non-incremental/non-incremental/QF_RDL/scheduling/orb02_888.smt2	QF_RDL	sat	9817	sat	no
/nas3/data/axeyum/corpus/smtlib-2024/non-incremental/non-incremental/QF_RDL/scheduling/orb02_900.smt2	QF_RDL	sat	1711	sat	no
/nas3/data/axeyum/corpus/smtlib-2024/non-incremental/non-incremental/QF_RDL/scheduling/orb03_1005.smt2	QF_RDL	unsolved	24034	sat	yes
/nas3/data/axeyum/corpus/smtlib-2024/non-incremental/non-incremental/QF_RDL/scheduling/orb03_1100.smt2	QF_RDL	unsolved	24037	sat	yes
/nas3/data/axeyum/corpus/smtlib-2024/non-incremental/non-incremental/QF_RDL/scheduling/orb03_1200.smt2	QF_RDL	sat	521	sat	no
/nas3/data/axeyum/corpus/smtlib-2024/non-incremental/non-incremental/QF_RDL/scheduling/orb03_850.smt2	QF_RDL	unsat	2013	unsat	no
/nas3/data/axeyum/corpus/smtlib-2024/non-incremental/non-incremental/QF_RDL/scheduling/orb03_950.smt2	QF_RDL	unsolved	24039	unsat	yes
/nas3/data/axeyum/corpus/smtlib-2024/non-incremental/non-incremental/QF_RDL/scheduling/orb04_1005.smt2	QF_RDL	unsolved	24039	sat	yes
/nas3/data/axeyum/corpus/smtlib-2024/non-incremental/non-incremental/QF_RDL/scheduling/orb04_1100.smt2	QF_RDL	sat	609	sat	no
/nas3/data/axeyum/corpus/smtlib-2024/non-incremental/non-incremental/QF_RDL/scheduling/orb04_1200.smt2	QF_RDL	sat	208	sat	no
/nas3/data/axeyum/corpus/smtlib-2024/non-incremental/non-incremental/QF_RDL/scheduling/orb04_850.smt2	QF_RDL	unsat	209	unsat	no
/nas3/data/axeyum/corpus/smtlib-2024/non-incremental/non-incremental/QF_RDL/scheduling/orb05_1000.smt2	QF_RDL	sat	916	sat	no
/nas3/data/axeyum/corpus/smtlib-2024/non-incremental/non-incremental/QF_RDL/scheduling/orb05_700.smt2	QF_RDL	unsat	112	unsat	no
/nas3/data/axeyum/corpus/smtlib-2024/non-incremental/non-incremental/QF_RDL/scheduling/orb05_800.smt2	QF_RDL	unsat	1313	unsat	no
/nas3/data/axeyum/corpus/smtlib-2024/non-incremental/non-incremental/QF_RDL/scheduling/orb05_887.smt2	QF_RDL	unsolved	24043	sat	yes
/nas3/data/axeyum/corpus/smtlib-2024/non-incremental/non-incremental/QF_RDL/scheduling/orb05_900.smt2	QF_RDL	unsolved	24043	sat	yes
/nas3/data/axeyum/corpus/smtlib-2024/non-incremental/non-incremental/QF_RDL/scheduling/orb06_1000.smt2	QF_RDL	unsolved	24037	unsat	yes
/nas3/data/axeyum/corpus/smtlib-2024/non-incremental/non-incremental/QF_RDL/scheduling/orb06_1010.smt2	QF_RDL	unsolved	24074	sat	yes
/nas3/data/axeyum/corpus/smtlib-2024/non-incremental/non-incremental/QF_RDL/scheduling/orb06_1200.smt2	QF_RDL	sat	2238	sat	no
/nas3/data/axeyum/corpus/smtlib-2024/non-incremental/non-incremental/QF_RDL/scheduling/orb07_250.smt2	QF_RDL	unsat	240	unsat	no
/nas3/data/axeyum/corpus/smtlib-2024/non-incremental/non-incremental/QF_RDL/scheduling/orb07_330.smt2	QF_RDL	unsat	127	unsat	no
/nas3/data/axeyum/corpus/smtlib-2024/non-incremental/non-incremental/QF_RDL/scheduling/orb07_430.smt2	QF_RDL	sat	3042	sat	no
/nas3/data/axeyum/corpus/smtlib-2024/non-incremental/non-incremental/QF_RDL/scheduling/orb07_550.smt2	QF_RDL	sat	335	sat	no
/nas3/data/axeyum/corpus/smtlib-2024/non-incremental/non-incremental/QF_RDL/scheduling/orb08_1000.smt2	QF_RDL	sat	849	sat	no
/nas3/data/axeyum/corpus/smtlib-2024/non-incremental/non-incremental/QF_RDL/scheduling/orb08_700.smt2	QF_RDL	unsat	336	unsat	no
/nas3/data/axeyum/corpus/smtlib-2024/non-incremental/non-incremental/QF_RDL/scheduling/orb08_830.smt2	QF_RDL	unsat	7545	unsat	no
/nas3/data/axeyum/corpus/smtlib-2024/non-incremental/non-incremental/QF_RDL/scheduling/orb09_1000.smt2	QF_RDL	sat	737	sat	no
/nas3/data/axeyum/corpus/smtlib-2024/non-incremental/non-incremental/QF_RDL/scheduling/orb09_1100.smt2	QF_RDL	sat	947	sat	no
/nas3/data/axeyum/corpus/smtlib-2024/non-incremental/non-incremental/QF_RDL/scheduling/orb09_800.smt2	QF_RDL	unsat	246	unsat	no
/nas3/data/axeyum/corpus/smtlib-2024/non-incremental/non-incremental/QF_RDL/scheduling/orb09_900.smt2	QF_RDL	unsat	3536	unsat	no
/nas3/data/axeyum/corpus/smtlib-2024/non-incremental/non-incremental/QF_RDL/scheduling/orb09_934.smt2	QF_RDL	unsolved	24072	sat	yes
/nas3/data/axeyum/corpus/smtlib-2024/non-incremental/non-incremental/QF_RDL/scheduling/orb10_1000.smt2	QF_RDL	sat	414	sat	no
/nas3/data/axeyum/corpus/smtlib-2024/non-incremental/non-incremental/QF_RDL/scheduling/orb10_1100.smt2	QF_RDL	sat	314	sat	no
/nas3/data/axeyum/corpus/smtlib-2024/non-incremental/non-incremental/QF_RDL/scheduling/orb10_800.smt2	QF_RDL	unsat	219	unsat	no
/nas3/data/axeyum/corpus/smtlib-2024/non-incremental/non-incremental/QF_RDL/scheduling/orb10_900.smt2	QF_RDL	unsat	6335	unsat	no
/nas3/data/axeyum/corpus/smtlib-2024/non-incremental/non-incremental/QF_RDL/scheduling/swv11_2900.smt2	QF_RDL	unsolved	18760	unknown	no
/nas3/data/axeyum/corpus/smtlib-2024/non-incremental/non-incremental/QF_RDL/scheduling/swv11_2983.smt2	QF_RDL	unsolved	19062	unknown	no
/nas3/data/axeyum/corpus/smtlib-2024/non-incremental/non-incremental/QF_RDL/scheduling/swv11_2988.smt2	QF_RDL	unsolved	18951	unknown	no
/nas3/data/axeyum/corpus/smtlib-2024/non-incremental/non-incremental/QF_RDL/scheduling/swv11_2992.smt2	QF_RDL	unsolved	16135	unknown	no
/nas3/data/axeyum/corpus/smtlib-2024/non-incremental/non-incremental/QF_RDL/scheduling/swv11_3050.smt2	QF_RDL	unsolved	14624	unknown	no
/nas3/data/axeyum/corpus/smtlib-2024/non-incremental/non-incremental/QF_RDL/scheduling/swv12_2900.smt2	QF_RDL	unsolved	18633	unknown	no
/nas3/data/axeyum/corpus/smtlib-2024/non-incremental/non-incremental/QF_RDL/scheduling/swv12_2972.smt2	QF_RDL	unsolved	18631	unknown	no
/nas3/data/axeyum/corpus/smtlib-2024/non-incremental/non-incremental/QF_RDL/scheduling/swv12_2990.smt2	QF_RDL	unsolved	16530	unknown	no
/nas3/data/axeyum/corpus/smtlib-2024/non-incremental/non-incremental/QF_RDL/scheduling/swv12_3004.smt2	QF_RDL	unsolved	15724	unknown	no
/nas3/data/axeyum/corpus/smtlib-2024/non-incremental/non-incremental/QF_RDL/scheduling/swv12_3050.smt2	QF_RDL	unsolved	13121	unknown	no
/nas3/data/axeyum/corpus/smtlib-2024/non-incremental/non-incremental/QF_RDL/scheduling/swv13_3000.smt2	QF_RDL	unsolved	15924	unknown	no
/nas3/data/axeyum/corpus/smtlib-2024/non-incremental/non-incremental/QF_RDL/scheduling/swv13_3104.smt2	QF_RDL	unsolved	16124	unknown	no
/nas3/data/axeyum/corpus/smtlib-2024/non-incremental/non-incremental/QF_RDL/scheduling/swv13_3150.smt2	QF_RDL	unsolved	16541	unknown	no
/nas3/data/axeyum/corpus/smtlib-2024/non-incremental/non-incremental/QF_RDL/scheduling/swv13_3200.smt2	QF_RDL	unsolved	18743	unknown	no
/nas3/data/axeyum/corpus/smtlib-2024/non-incremental/non-incremental/QF_RDL/scheduling/swv14_2800.smt2	QF_RDL	unsolved	18637	unknown	no
/nas3/data/axeyum/corpus/smtlib-2024/non-incremental/non-incremental/QF_RDL/scheduling/swv14_2885.smt2	QF_RDL	unsolved	15723	unknown	no
/nas3/data/axeyum/corpus/smtlib-2024/non-incremental/non-incremental/QF_RDL/scheduling/swv14_2895.smt2	QF_RDL	unsolved	13426	unknown	no
/nas3/data/axeyum/corpus/smtlib-2024/non-incremental/non-incremental/QF_RDL/scheduling/swv14_2905.smt2	QF_RDL	unsolved	13724	unknown	no
/nas3/data/axeyum/corpus/smtlib-2024/non-incremental/non-incremental/QF_RDL/scheduling/swv14_3000.smt2	QF_RDL	unsolved	13527	unknown	no
