file	base	base_giveup	guard	guard_giveup	status
x2015_09_10_16_59_33_621_1039748.smt_in.smt2	unknown	give-up kind=Incomplete detail=e-matching instantiation did not refute within the round budget	unknown	give-up kind=Incomplete detail=e-matching instantiation did not refute within the round budget	unknown
x2015_09_10_16_59_48_329_1055507.smt_in.smt2	unknown	give-up kind=Error detail=unsupported by backend: `is`/`select` over a non-variable datatype term (constructors should fold first) (ADR-0022)	unknown	give-up kind=Incomplete detail=e-matching instantiation did not refute within the round budget	unknown
x2015_09_10_17_00_02_323_1069308.smt_in.smt2	unknown	give-up kind=Error detail=unsupported by backend: an uninterpreted function applied to a datatype argument (congruence over expanded datatype arguments is not in this fragment) (ADR-0022)	unknown	give-up kind=Incomplete detail=mbqi declined an unsupported fragment: native datatype solving supports scalar (Bool/BitVec/Int/Real) and datatype fields; array/UF datatype fields are not yet supported (ADR-0022)	unsat
x2015_09_10_17_00_16_023_1083819.smt_in.smt2	unknown	give-up kind=Error detail=unsupported by backend: an uninterpreted function applied to a datatype argument (congruence over expanded datatype arguments is not in this fragment) (ADR-0022)	unknown	give-up kind=Incomplete detail=mbqi declined an unsupported fragment: an uninterpreted function applied to a datatype argument (congruence over expanded datatype arguments is not in this fragment) (ADR-0022)	unsat
x2015_09_10_17_00_30_240_1098389.smt_in.smt2	unknown	give-up kind=Error detail=unsupported by backend: native datatype solving supports scalar (Bool/BitVec/Int/Real) and datatype fields; array/UF datatype fields are not yet supported (ADR-0022)	unknown	give-up kind=Incomplete detail=mbqi declined an unsupported fragment: native datatype solving supports scalar (Bool/BitVec/Int/Real) and datatype fields; array/UF datatype fields are not yet supported (ADR-0022)	unsat
x2015_09_10_17_00_45_190_1114779.smt_in.smt2	unknown	give-up kind=Error detail=unsupported by backend: native datatype solving supports scalar (Bool/BitVec/Int/Real) and datatype fields; array/UF datatype fields are not yet supported (ADR-0022)	unknown	give-up kind=Incomplete detail=mbqi declined an unsupported fragment: native datatype solving supports scalar (Bool/BitVec/Int/Real) and datatype fields; array/UF datatype fields are not yet supported (ADR-0022)	unsat
x2015_09_10_17_00_58_080_1129868.smt_in.smt2	unknown	give-up kind=Error detail=unsupported by backend: an uninterpreted function applied to a datatype argument (congruence over expanded datatype arguments is not in this fragment) (ADR-0022)	unknown	give-up kind=Incomplete detail=mbqi declined an unsupported fragment: native datatype solving supports scalar (Bool/BitVec/Int/Real) and datatype fields; array/UF datatype fields are not yet supported (ADR-0022)	unsat
x2015_09_10_17_01_10_952_1145961.smt_in.smt2	unknown	give-up kind=Error detail=unsupported by backend: native datatype solving supports scalar (Bool/BitVec/Int/Real) and datatype fields; array/UF datatype fields are not yet supported (ADR-0022)	unknown	give-up kind=Incomplete detail=mbqi declined an unsupported fragment: native datatype solving supports scalar (Bool/BitVec/Int/Real) and datatype fields; array/UF datatype fields are not yet supported (ADR-0022)	unsat
x2015_09_10_16_52_38_278_1003962.smt_in.smt2	unknown	give-up kind=Error detail=unsupported by backend: an uninterpreted function applied to a datatype argument (congruence over expanded datatype arguments is not in this fragment) (ADR-0022)	unknown	give-up kind=Incomplete detail=mbqi declined an unsupported fragment: native datatype solving supports scalar (Bool/BitVec/Int/Real) and datatype fields; array/UF datatype fields are not yet supported (ADR-0022)	unsat
x2015_09_10_16_52_50_482_1017227.smt_in.smt2	unknown	give-up kind=Error detail=unsupported by backend: an uninterpreted function applied to a datatype argument (congruence over expanded datatype arguments is not in this fragment) (ADR-0022)	unknown	give-up kind=Incomplete detail=mbqi declined an unsupported fragment: native datatype solving supports scalar (Bool/BitVec/Int/Real) and datatype fields; array/UF datatype fields are not yet supported (ADR-0022)	unsat
x2015_09_10_16_53_04_087_1031693.smt_in.smt2	unknown	give-up kind=Error detail=unsupported by backend: native datatype solving supports scalar (Bool/BitVec/Int/Real) and datatype fields; array/UF datatype fields are not yet supported (ADR-0022)	unknown	give-up kind=Incomplete detail=mbqi declined an unsupported fragment: native datatype solving supports scalar (Bool/BitVec/Int/Real) and datatype fields; array/UF datatype fields are not yet supported (ADR-0022)	unknown
x2015_09_10_16_53_15_789_1046708.smt_in.smt2	unknown	give-up kind=Error detail=unsupported by backend: an uninterpreted function applied to a datatype argument (congruence over expanded datatype arguments is not in this fragment) (ADR-0022)	unknown	give-up kind=Incomplete detail=mbqi declined an unsupported fragment: native datatype solving supports scalar (Bool/BitVec/Int/Real) and datatype fields; array/UF datatype fields are not yet supported (ADR-0022)	unsat
x2015_09_10_16_53_30_176_1063054.smt_in.smt2	unknown	give-up kind=Error detail=unsupported by backend: an uninterpreted function applied to a datatype argument (congruence over expanded datatype arguments is not in this fragment) (ADR-0022)	unknown	give-up kind=Incomplete detail=mbqi declined an unsupported fragment: native datatype solving supports scalar (Bool/BitVec/Int/Real) and datatype fields; array/UF datatype fields are not yet supported (ADR-0022)	unsat
x2015_09_10_16_53_43_141_1078882.smt_in.smt2	unknown	give-up kind=Error detail=unsupported by backend: native datatype solving supports scalar (Bool/BitVec/Int/Real) and datatype fields; array/UF datatype fields are not yet supported (ADR-0022)	unknown	give-up kind=Incomplete detail=mbqi declined an unsupported fragment: native datatype solving supports scalar (Bool/BitVec/Int/Real) and datatype fields; array/UF datatype fields are not yet supported (ADR-0022)	unsat
x2015_09_10_16_53_56_537_1094926.smt_in.smt2	unknown	give-up kind=Error detail=unsupported by backend: an uninterpreted function applied to a datatype argument (congruence over expanded datatype arguments is not in this fragment) (ADR-0022)	unknown	give-up kind=Incomplete detail=mbqi declined an unsupported fragment: native datatype solving supports scalar (Bool/BitVec/Int/Real) and datatype fields; array/UF datatype fields are not yet supported (ADR-0022)	unsat
x2015_09_10_16_48_26_025_1022315.smt_in.smt2	unsat	none	unsat	none	unsat
x2015_09_10_16_48_42_591_1040231.smt_in.smt2	unknown	give-up kind=Incomplete detail=e-matching instantiation did not refute within the round budget	unknown	give-up kind=Incomplete detail=e-matching instantiation did not refute within the round budget	unknown
x2015_09_10_16_49_00_573_1058113.smt_in.smt2	unsat	none	unsat	none	unsat
x2015_09_10_16_49_17_188_1074420.smt_in.smt2	unsat	none	unsat	none	unsat
x2015_09_10_16_49_35_576_1090604.smt_in.smt2	unsat	none	unsat	none	unsat
x2015_09_10_16_49_52_995_1105287.smt_in.smt2	unsat	none	unsat	none	unsat
x2015_09_10_16_50_10_474_1119441.smt_in.smt2	unknown	give-up kind=ResourceLimit detail=quantified solve time budget exhausted after e-matching	unknown	give-up kind=ResourceLimit detail=quantified solve time budget exhausted after e-matching	unknown
x2015_09_10_16_50_29_032_1133334.smt_in.smt2	unknown	give-up kind=Error detail=unsupported by backend: `is`/`select` over a non-variable datatype term (constructors should fold first) (ADR-0022)	unknown	give-up kind=Incomplete detail=mbqi declined an unsupported fragment: an uninterpreted function applied to a datatype argument (congruence over expanded datatype arguments is not in this fragment) (ADR-0022)	unknown
x2015_09_10_16_50_48_249_1149851.smt_in.smt2	unknown	give-up kind=Error detail=unsupported by backend: `is`/`select` over a non-variable datatype term (constructors should fold first) (ADR-0022)	unknown	give-up kind=Incomplete detail=mbqi declined an unsupported fragment: an uninterpreted function applied to a datatype argument (congruence over expanded datatype arguments is not in this fragment) (ADR-0022)	unknown
x2015_09_10_16_51_06_177_1165813.smt_in.smt2	unknown	give-up kind=Error detail=unsupported by backend: an uninterpreted function applied to a datatype argument (congruence over expanded datatype arguments is not in this fragment) (ADR-0022)	unknown	give-up kind=Incomplete detail=e-matching instantiation did not refute within the round budget	unknown
x2015_09_10_16_51_22_715_1181542.smt_in.smt2	unknown	give-up kind=Error detail=unsupported by backend: `is`/`select` over a non-variable datatype term (constructors should fold first) (ADR-0022)	unknown	give-up kind=Incomplete detail=mbqi declined an unsupported fragment: `is`/`select` over a non-variable datatype term (constructors should fold first) (ADR-0022)	unknown
x2015_09_10_16_51_40_571_1197401.smt_in.smt2	unknown	give-up kind=Incomplete detail=e-matching instantiation did not refute within the round budget	unknown	give-up kind=ResourceLimit detail=e-matching: instantiation time budget exhausted	unknown
x2015_09_10_16_51_59_804_1212757.smt_in.smt2	unknown	give-up kind=Incomplete detail=e-matching instantiation did not refute within the round budget	unknown	give-up kind=Incomplete detail=e-matching instantiation did not refute within the round budget	unknown
x2015_09_10_16_52_17_883_1227692.smt_in.smt2	unknown	give-up kind=Error detail=unsupported by backend: an uninterpreted function applied to a datatype argument (congruence over expanded datatype arguments is not in this fragment) (ADR-0022)	unknown	give-up kind=Incomplete detail=e-matching instantiation did not refute within the round budget	unknown
x2015_09_10_16_52_35_202_1243457.smt_in.smt2	unknown	give-up kind=Incomplete detail=e-matching instantiation did not refute within the round budget	unknown	give-up kind=Incomplete detail=e-matching instantiation did not refute within the round budget	unsat
x2015_09_10_16_52_52_993_1259011.smt_in.smt2	unknown	give-up kind=Incomplete detail=e-matching instantiation did not refute within the round budget	unknown	give-up kind=Incomplete detail=e-matching instantiation did not refute within the round budget	unknown
x2015_09_10_16_53_11_890_1275859.smt_in.smt2	unknown	give-up kind=Incomplete detail=e-matching instantiation did not refute within the round budget	unknown	give-up kind=Incomplete detail=e-matching instantiation did not refute within the round budget	unknown
x2015_09_10_16_53_31_084_1293224.smt_in.smt2	unknown	give-up kind=Incomplete detail=e-matching instantiation did not refute within the round budget	unknown	give-up kind=Incomplete detail=e-matching instantiation did not refute within the round budget	unknown
x2015_09_10_16_53_48_671_1310970.smt_in.smt2	unknown	give-up kind=Incomplete detail=e-matching instantiation did not refute within the round budget	unknown	give-up kind=Incomplete detail=e-matching instantiation did not refute within the round budget	unsat
x2015_09_10_16_54_07_012_1328375.smt_in.smt2	unknown	give-up kind=Incomplete detail=e-matching instantiation did not refute within the round budget	unknown	give-up kind=Incomplete detail=e-matching instantiation did not refute within the round budget	unknown
x2015_09_10_16_54_25_482_1345253.smt_in.smt2	unknown	give-up kind=Incomplete detail=e-matching instantiation did not refute within the round budget	unknown	give-up kind=ResourceLimit detail=e-matching: instantiation time budget exhausted	unsat
x2015_09_10_16_54_42_875_1362942.smt_in.smt2	unknown	give-up kind=Error detail=unsupported by backend: `is`/`select` over a non-variable datatype term (constructors should fold first) (ADR-0022)	unknown	give-up kind=Incomplete detail=mbqi declined an unsupported fragment: native datatype solving supports scalar (Bool/BitVec/Int/Real) and datatype fields; array/UF datatype fields are not yet supported (ADR-0022)	unknown
x2015_09_10_16_55_00_066_1378212.smt_in.smt2	unknown	give-up kind=Error detail=unsupported by backend: `is`/`select` over a non-variable datatype term (constructors should fold first) (ADR-0022)	unknown	give-up kind=Incomplete detail=mbqi declined an unsupported fragment: native datatype solving supports scalar (Bool/BitVec/Int/Real) and datatype fields; array/UF datatype fields are not yet supported (ADR-0022)	unknown
x2015_09_10_16_55_16_096_1393024.smt_in.smt2	unknown	give-up kind=Error detail=unsupported by backend: `is`/`select` over a non-variable datatype term (constructors should fold first) (ADR-0022)	unknown	give-up kind=Incomplete detail=mbqi declined an unsupported fragment: native datatype solving supports scalar (Bool/BitVec/Int/Real) and datatype fields; array/UF datatype fields are not yet supported (ADR-0022)	unsat
x2015_09_10_16_55_32_923_1408114.smt_in.smt2	unknown	give-up kind=Error detail=unsupported by backend: an uninterpreted function applied to a datatype argument (congruence over expanded datatype arguments is not in this fragment) (ADR-0022)	unknown	give-up kind=Incomplete detail=mbqi declined an unsupported fragment: `is`/`select` over a non-variable datatype term (constructors should fold first) (ADR-0022)	unknown
x2015_09_10_16_55_51_081_1423271.smt_in.smt2	unknown	give-up kind=Error detail=unsupported by backend: `is`/`select` over a non-variable datatype term (constructors should fold first) (ADR-0022)	unknown	give-up kind=Incomplete detail=mbqi declined an unsupported fragment: `is`/`select` over a non-variable datatype term (constructors should fold first) (ADR-0022)	unsat
x2015_09_10_16_56_09_238_1437546.smt_in.smt2	unknown	give-up kind=Error detail=unsupported by backend: an uninterpreted function applied to a datatype argument (congruence over expanded datatype arguments is not in this fragment) (ADR-0022)	unknown	give-up kind=Incomplete detail=mbqi declined an unsupported fragment: `is`/`select` over a non-variable datatype term (constructors should fold first) (ADR-0022)	unsat
x2015_09_10_16_56_26_426_1451213.smt_in.smt2	unknown	give-up kind=Error detail=unsupported by backend: an uninterpreted function applied to a datatype argument (congruence over expanded datatype arguments is not in this fragment) (ADR-0022)	unknown	give-up kind=Incomplete detail=mbqi declined an unsupported fragment: `is`/`select` over a non-variable datatype term (constructors should fold first) (ADR-0022)	unknown
x2015_09_10_16_56_43_861_1464066.smt_in.smt2	unknown	give-up kind=Error detail=unsupported by backend: native datatype solving supports scalar (Bool/BitVec/Int/Real) and datatype fields; array/UF datatype fields are not yet supported (ADR-0022)	unknown	give-up kind=Incomplete detail=mbqi declined an unsupported fragment: `is`/`select` over a non-variable datatype term (constructors should fold first) (ADR-0022)	unknown
x2015_09_10_16_56_59_960_1476927.smt_in.smt2	unknown	give-up kind=Error detail=unsupported by backend: an uninterpreted function applied to a datatype argument (congruence over expanded datatype arguments is not in this fragment) (ADR-0022)	unknown	give-up kind=Incomplete detail=mbqi declined an unsupported fragment: an uninterpreted function applied to a datatype argument (congruence over expanded datatype arguments is not in this fragment) (ADR-0022)	unsat
x2015_09_10_16_57_17_664_1493736.smt_in.smt2	unknown	give-up kind=Error detail=unsupported by backend: an uninterpreted function applied to a datatype argument (congruence over expanded datatype arguments is not in this fragment) (ADR-0022)	unknown	give-up kind=Incomplete detail=mbqi declined an unsupported fragment: an uninterpreted function applied to a datatype argument (congruence over expanded datatype arguments is not in this fragment) (ADR-0022)	unsat
x2015_09_10_16_57_34_397_1511229.smt_in.smt2	unknown	give-up kind=Error detail=unsupported by backend: an uninterpreted function applied to a datatype argument (congruence over expanded datatype arguments is not in this fragment) (ADR-0022)	unknown	give-up kind=Incomplete detail=mbqi declined an unsupported fragment: an uninterpreted function applied to a datatype argument (congruence over expanded datatype arguments is not in this fragment) (ADR-0022)	unknown
x2015_09_10_16_57_51_752_1526453.smt_in.smt2	unknown	give-up kind=Error detail=unsupported by backend: `is`/`select` over a non-variable datatype term (constructors should fold first) (ADR-0022)	unknown	give-up kind=Incomplete detail=mbqi declined an unsupported fragment: native datatype solving supports scalar (Bool/BitVec/Int/Real) and datatype fields; array/UF datatype fields are not yet supported (ADR-0022)	unsat
x2015_09_10_16_58_09_505_1543396.smt_in.smt2	unknown	give-up kind=Error detail=unsupported by backend: `is`/`select` over a non-variable datatype term (constructors should fold first) (ADR-0022)	unknown	give-up kind=Incomplete detail=mbqi declined an unsupported fragment: native datatype solving supports scalar (Bool/BitVec/Int/Real) and datatype fields; array/UF datatype fields are not yet supported (ADR-0022)	unknown
x2015_09_10_16_58_32_674_1564116.smt_in.smt2	unknown	give-up kind=Error detail=unsupported by backend: an uninterpreted function applied to a datatype argument (congruence over expanded datatype arguments is not in this fragment) (ADR-0022)	unknown	give-up kind=Incomplete detail=mbqi declined an unsupported fragment: native datatype solving supports scalar (Bool/BitVec/Int/Real) and datatype fields; array/UF datatype fields are not yet supported (ADR-0022)	unknown
x2015_09_10_16_58_53_892_1581989.smt_in.smt2	unknown	give-up kind=Error detail=unsupported by backend: native datatype solving supports scalar (Bool/BitVec/Int/Real) and datatype fields; array/UF datatype fields are not yet supported (ADR-0022)	unknown	give-up kind=Incomplete detail=mbqi declined an unsupported fragment: `is`/`select` over a non-variable datatype term (constructors should fold first) (ADR-0022)	unsat
x2015_09_10_16_59_12_406_1598464.smt_in.smt2	unknown	give-up kind=Error detail=unsupported by backend: `is`/`select` over a non-variable datatype term (constructors should fold first) (ADR-0022)	unknown	give-up kind=Incomplete detail=mbqi declined an unsupported fragment: `is`/`select` over a non-variable datatype term (constructors should fold first) (ADR-0022)	unknown
x2015_09_10_16_59_26_756_1612095.smt_in.smt2	unknown	give-up kind=Error detail=unsupported by backend: `is`/`select` over a non-variable datatype term (constructors should fold first) (ADR-0022)	unknown	give-up kind=Incomplete detail=mbqi declined an unsupported fragment: `is`/`select` over a non-variable datatype term (constructors should fold first) (ADR-0022)	unknown
x2015_09_10_16_59_42_548_1627248.smt_in.smt2	unknown	give-up kind=Error detail=unsupported by backend: an uninterpreted function applied to a datatype argument (congruence over expanded datatype arguments is not in this fragment) (ADR-0022)	unknown	give-up kind=Incomplete detail=mbqi declined an unsupported fragment: an uninterpreted function applied to a datatype argument (congruence over expanded datatype arguments is not in this fragment) (ADR-0022)	unsat
x2015_09_10_17_00_00_341_1644758.smt_in.smt2	unknown	give-up kind=Error detail=unsupported by backend: an uninterpreted function applied to a datatype argument (congruence over expanded datatype arguments is not in this fragment) (ADR-0022)	unknown	give-up kind=Incomplete detail=mbqi declined an unsupported fragment: an uninterpreted function applied to a datatype argument (congruence over expanded datatype arguments is not in this fragment) (ADR-0022)	unknown
x2015_09_10_17_00_13_722_1660123.smt_in.smt2	unknown	give-up kind=Error detail=unsupported by backend: an uninterpreted function applied to a datatype argument (congruence over expanded datatype arguments is not in this fragment) (ADR-0022)	unknown	give-up kind=Incomplete detail=mbqi declined an unsupported fragment: an uninterpreted function applied to a datatype argument (congruence over expanded datatype arguments is not in this fragment) (ADR-0022)	unknown
x2015_09_10_17_00_27_549_1675482.smt_in.smt2	unknown	give-up kind=Error detail=unsupported by backend: an uninterpreted function applied to a datatype argument (congruence over expanded datatype arguments is not in this fragment) (ADR-0022)	unknown	give-up kind=Incomplete detail=mbqi declined an unsupported fragment: an uninterpreted function applied to a datatype argument (congruence over expanded datatype arguments is not in this fragment) (ADR-0022)	unknown
x2015_09_10_17_00_41_500_1693147.smt_in.smt2	unknown	give-up kind=Error detail=unsupported by backend: `is`/`select` over a non-variable datatype term (constructors should fold first) (ADR-0022)	unknown	give-up kind=Incomplete detail=mbqi declined an unsupported fragment: an uninterpreted function applied to a datatype argument (congruence over expanded datatype arguments is not in this fragment) (ADR-0022)	unsat
x2015_09_10_17_00_55_254_1709896.smt_in.smt2	unknown	give-up kind=Error detail=unsupported by backend: `is`/`select` over a non-variable datatype term (constructors should fold first) (ADR-0022)	unknown	give-up kind=Incomplete detail=mbqi declined an unsupported fragment: an uninterpreted function applied to a datatype argument (congruence over expanded datatype arguments is not in this fragment) (ADR-0022)	unknown
x2015_09_10_17_01_07_763_1725945.smt_in.smt2	unknown	give-up kind=Error detail=unsupported by backend: an uninterpreted function applied to a datatype argument (congruence over expanded datatype arguments is not in this fragment) (ADR-0022)	unknown	give-up kind=Incomplete detail=mbqi declined an unsupported fragment: an uninterpreted function applied to a datatype argument (congruence over expanded datatype arguments is not in this fragment) (ADR-0022)	unknown
x2015_09_10_17_01_21_331_1740010.smt_in.smt2	unknown	give-up kind=Error detail=unsupported by backend: an uninterpreted function applied to a datatype argument (congruence over expanded datatype arguments is not in this fragment) (ADR-0022)	unknown	give-up kind=Incomplete detail=mbqi declined an unsupported fragment: native datatype solving supports scalar (Bool/BitVec/Int/Real) and datatype fields; array/UF datatype fields are not yet supported (ADR-0022)	unsat
x2015_09_10_17_01_31_819_1754157.smt_in.smt2	unknown	give-up kind=Error detail=unsupported by backend: `is`/`select` over a non-variable datatype term (constructors should fold first) (ADR-0022)	unknown	give-up kind=Incomplete detail=mbqi declined an unsupported fragment: an uninterpreted function applied to a datatype argument (congruence over expanded datatype arguments is not in this fragment) (ADR-0022)	unsat
x2015_09_10_17_01_43_729_1770869.smt_in.smt2	unknown	give-up kind=Error detail=unsupported by backend: an uninterpreted function applied to a datatype argument (congruence over expanded datatype arguments is not in this fragment) (ADR-0022)	unknown	give-up kind=Incomplete detail=mbqi declined an unsupported fragment: native datatype solving supports scalar (Bool/BitVec/Int/Real) and datatype fields; array/UF datatype fields are not yet supported (ADR-0022)	unknown
x2015_09_10_17_01_54_431_1785741.smt_in.smt2	unknown	give-up kind=Error detail=unsupported by backend: an uninterpreted function applied to a datatype argument (congruence over expanded datatype arguments is not in this fragment) (ADR-0022)	unknown	give-up kind=Incomplete detail=mbqi declined an unsupported fragment: an uninterpreted function applied to a datatype argument (congruence over expanded datatype arguments is not in this fragment) (ADR-0022)	unsat
x2015_09_10_17_02_05_187_1799661.smt_in.smt2	unknown	give-up kind=Error detail=unsupported by backend: `is`/`select` over a non-variable datatype term (constructors should fold first) (ADR-0022)	unknown	give-up kind=Incomplete detail=mbqi declined an unsupported fragment: an uninterpreted function applied to a datatype argument (congruence over expanded datatype arguments is not in this fragment) (ADR-0022)	unsat
x2015_09_10_17_02_15_745_1814300.smt_in.smt2	unknown	give-up kind=Error detail=unsupported by backend: an uninterpreted function applied to a datatype argument (congruence over expanded datatype arguments is not in this fragment) (ADR-0022)	unknown	give-up kind=Incomplete detail=mbqi declined an unsupported fragment: `is`/`select` over a non-variable datatype term (constructors should fold first) (ADR-0022)	unknown
x2015_09_10_17_02_27_088_1828285.smt_in.smt2	unknown	give-up kind=Error detail=unsupported by backend: `is`/`select` over a non-variable datatype term (constructors should fold first) (ADR-0022)	unknown	give-up kind=Incomplete detail=mbqi declined an unsupported fragment: an uninterpreted function applied to a datatype argument (congruence over expanded datatype arguments is not in this fragment) (ADR-0022)	unknown
x2015_09_10_17_02_42_122_1847996.smt_in.smt2	unknown	give-up kind=Error detail=unsupported by backend: an uninterpreted function applied to a datatype argument (congruence over expanded datatype arguments is not in this fragment) (ADR-0022)	unknown	give-up kind=Incomplete detail=mbqi declined an unsupported fragment: native datatype solving supports scalar (Bool/BitVec/Int/Real) and datatype fields; array/UF datatype fields are not yet supported (ADR-0022)	unsat
x2015_09_10_17_02_54_315_1863800.smt_in.smt2	unknown	give-up kind=Error detail=unsupported by backend: native datatype solving supports scalar (Bool/BitVec/Int/Real) and datatype fields; array/UF datatype fields are not yet supported (ADR-0022)	unknown	give-up kind=Incomplete detail=mbqi declined an unsupported fragment: native datatype solving supports scalar (Bool/BitVec/Int/Real) and datatype fields; array/UF datatype fields are not yet supported (ADR-0022)	unknown
x2015_09_10_17_03_07_462_1881801.smt_in.smt2	unknown	give-up kind=Error detail=unsupported by backend: `is`/`select` over a non-variable datatype term (constructors should fold first) (ADR-0022)	unknown	give-up kind=Incomplete detail=mbqi declined an unsupported fragment: native datatype solving supports scalar (Bool/BitVec/Int/Real) and datatype fields; array/UF datatype fields are not yet supported (ADR-0022)	unknown
x2015_09_10_17_03_18_500_1897227.smt_in.smt2	unknown	give-up kind=Error detail=unsupported by backend: an uninterpreted function applied to a datatype argument (congruence over expanded datatype arguments is not in this fragment) (ADR-0022)	unknown	give-up kind=Incomplete detail=mbqi declined an unsupported fragment: an uninterpreted function applied to a datatype argument (congruence over expanded datatype arguments is not in this fragment) (ADR-0022)	unknown
x2015_09_10_17_03_29_766_1912243.smt_in.smt2	unknown	give-up kind=Error detail=unsupported by backend: an uninterpreted function applied to a datatype argument (congruence over expanded datatype arguments is not in this fragment) (ADR-0022)	unknown	give-up kind=Incomplete detail=mbqi declined an unsupported fragment: an uninterpreted function applied to a datatype argument (congruence over expanded datatype arguments is not in this fragment) (ADR-0022)	unsat
x2015_09_10_17_03_41_217_1925781.smt_in.smt2	unknown	give-up kind=Error detail=unsupported by backend: `is`/`select` over a non-variable datatype term (constructors should fold first) (ADR-0022)	unknown	give-up kind=Incomplete detail=mbqi declined an unsupported fragment: native datatype solving supports scalar (Bool/BitVec/Int/Real) and datatype fields; array/UF datatype fields are not yet supported (ADR-0022)	unknown
x2015_09_10_17_03_53_106_1942988.smt_in.smt2	unknown	give-up kind=Error detail=unsupported by backend: an uninterpreted function applied to a datatype argument (congruence over expanded datatype arguments is not in this fragment) (ADR-0022)	unknown	give-up kind=Incomplete detail=mbqi declined an unsupported fragment: `is`/`select` over a non-variable datatype term (constructors should fold first) (ADR-0022)	unknown
x2015_09_10_17_04_03_274_1958078.smt_in.smt2	unknown	give-up kind=Error detail=unsupported by backend: an uninterpreted function applied to a datatype argument (congruence over expanded datatype arguments is not in this fragment) (ADR-0022)	unknown	give-up kind=Incomplete detail=e-matching instantiation did not refute within the round budget	unknown
x2015_09_10_17_04_14_844_1974030.smt_in.smt2	unknown	give-up kind=Error detail=unsupported by backend: an uninterpreted function applied to a datatype argument (congruence over expanded datatype arguments is not in this fragment) (ADR-0022)	unknown	give-up kind=Incomplete detail=mbqi declined an unsupported fragment: an uninterpreted function applied to a datatype argument (congruence over expanded datatype arguments is not in this fragment) (ADR-0022)	unsat
x2015_09_10_17_04_26_279_1988982.smt_in.smt2	unknown	give-up kind=ResourceLimit detail=quantified solve time budget exhausted after e-matching	unknown	give-up kind=ResourceLimit detail=quantified solve time budget exhausted after e-matching	unknown
x2015_09_10_17_04_36_539_2003877.smt_in.smt2	unknown	give-up kind=Error detail=unsupported by backend: an uninterpreted function applied to a datatype argument (congruence over expanded datatype arguments is not in this fragment) (ADR-0022)	unsat	none	unsat
x2015_09_10_17_04_47_526_2019055.smt_in.smt2	unknown	give-up kind=Error detail=unsupported by backend: `is`/`select` over a non-variable datatype term (constructors should fold first) (ADR-0022)	unknown	give-up kind=Incomplete detail=mbqi declined an unsupported fragment: `is`/`select` over a non-variable datatype term (constructors should fold first) (ADR-0022)	unknown
x2015_09_10_17_04_59_998_2034464.smt_in.smt2	unknown	give-up kind=Incomplete detail=e-matching instantiation did not refute within the round budget	unknown	give-up kind=Incomplete detail=e-matching instantiation did not refute within the round budget	unknown
x2015_09_10_17_05_11_327_2050102.smt_in.smt2	unknown	give-up kind=Error detail=unsupported by backend: an uninterpreted function applied to a datatype argument (congruence over expanded datatype arguments is not in this fragment) (ADR-0022)	unknown	give-up kind=Incomplete detail=mbqi declined an unsupported fragment: `is`/`select` over a non-variable datatype term (constructors should fold first) (ADR-0022)	unknown
x2015_09_10_17_05_23_012_2065458.smt_in.smt2	unknown	give-up kind=Error detail=unsupported by backend: `is`/`select` over a non-variable datatype term (constructors should fold first) (ADR-0022)	unknown	give-up kind=Incomplete detail=mbqi declined an unsupported fragment: native datatype solving supports scalar (Bool/BitVec/Int/Real) and datatype fields; array/UF datatype fields are not yet supported (ADR-0022)	unknown
x2015_09_10_17_05_36_652_2082452.smt_in.smt2	unknown	give-up kind=Error detail=unsupported by backend: an uninterpreted function applied to a datatype argument (congruence over expanded datatype arguments is not in this fragment) (ADR-0022)	unsat	none	unsat
x2015_09_10_17_05_47_455_2098146.smt_in.smt2	unknown	give-up kind=Error detail=unsupported by backend: an uninterpreted function applied to a datatype argument (congruence over expanded datatype arguments is not in this fragment) (ADR-0022)	unknown	give-up kind=Incomplete detail=mbqi declined an unsupported fragment: `is`/`select` over a non-variable datatype term (constructors should fold first) (ADR-0022)	unsat
x2015_09_10_17_05_58_229_2113325.smt_in.smt2	unknown	give-up kind=Error detail=unsupported by backend: an uninterpreted function applied to a datatype argument (congruence over expanded datatype arguments is not in this fragment) (ADR-0022)	unknown	give-up kind=Incomplete detail=mbqi declined an unsupported fragment: native datatype solving supports scalar (Bool/BitVec/Int/Real) and datatype fields; array/UF datatype fields are not yet supported (ADR-0022)	unknown
x2015_09_10_17_06_09_946_2129364.smt_in.smt2	unknown	give-up kind=Error detail=unsupported by backend: `is`/`select` over a non-variable datatype term (constructors should fold first) (ADR-0022)	unknown	give-up kind=Incomplete detail=mbqi declined an unsupported fragment: native datatype solving supports scalar (Bool/BitVec/Int/Real) and datatype fields; array/UF datatype fields are not yet supported (ADR-0022)	unknown
x2015_09_10_17_06_22_189_2146704.smt_in.smt2	unknown	give-up kind=Error detail=unsupported by backend: an uninterpreted function applied to a datatype argument (congruence over expanded datatype arguments is not in this fragment) (ADR-0022)	unknown	give-up kind=Incomplete detail=mbqi declined an unsupported fragment: an uninterpreted function applied to a datatype argument (congruence over expanded datatype arguments is not in this fragment) (ADR-0022)	unknown
x2015_09_10_17_06_32_426_2162612.smt_in.smt2	unsat	none	unsat	none	unsat
x2015_09_10_17_06_44_729_2179233.smt_in.smt2	unknown	give-up kind=Error detail=unsupported by backend: an uninterpreted function applied to a datatype argument (congruence over expanded datatype arguments is not in this fragment) (ADR-0022)	unknown	give-up kind=Incomplete detail=mbqi declined an unsupported fragment: `is`/`select` over a non-variable datatype term (constructors should fold first) (ADR-0022)	unsat
x2015_09_10_17_06_54_870_2194172.smt_in.smt2	unknown	give-up kind=Error detail=unsupported by backend: an uninterpreted function applied to a datatype argument (congruence over expanded datatype arguments is not in this fragment) (ADR-0022)	unknown	give-up kind=Incomplete detail=e-matching instantiation did not refute within the round budget	unknown
x2015_09_10_17_07_05_353_2208923.smt_in.smt2	unknown	give-up kind=Error detail=unsupported by backend: an uninterpreted function applied to a datatype argument (congruence over expanded datatype arguments is not in this fragment) (ADR-0022)	unknown	give-up kind=Incomplete detail=e-matching instantiation did not refute within the round budget	unknown
x2015_09_10_17_07_16_199_2223965.smt_in.smt2	unknown	give-up kind=Error detail=unsupported by backend: an uninterpreted function applied to a datatype argument (congruence over expanded datatype arguments is not in this fragment) (ADR-0022)	unknown	give-up kind=Incomplete detail=mbqi declined an unsupported fragment: `is`/`select` over a non-variable datatype term (constructors should fold first) (ADR-0022)	unsat
x2015_09_10_17_07_27_020_2237738.smt_in.smt2	unknown	give-up kind=Incomplete detail=e-matching instantiation did not refute within the round budget	unknown	give-up kind=Incomplete detail=e-matching instantiation did not refute within the round budget	unknown
x2015_09_10_17_07_38_808_2253341.smt_in.smt2	unknown	give-up kind=Error detail=unsupported by backend: `is`/`select` over a non-variable datatype term (constructors should fold first) (ADR-0022)	unknown	give-up kind=Incomplete detail=mbqi declined an unsupported fragment: an uninterpreted function applied to a datatype argument (congruence over expanded datatype arguments is not in this fragment) (ADR-0022)	unsat
x2015_09_10_17_07_49_253_2267795.smt_in.smt2	unknown	give-up kind=Error detail=unsupported by backend: an uninterpreted function applied to a datatype argument (congruence over expanded datatype arguments is not in this fragment) (ADR-0022)	unknown	give-up kind=Incomplete detail=mbqi declined an unsupported fragment: an uninterpreted function applied to a datatype argument (congruence over expanded datatype arguments is not in this fragment) (ADR-0022)	unsat
x2015_09_10_17_08_00_154_2283218.smt_in.smt2	unknown	give-up kind=Error detail=unsupported by backend: an uninterpreted function applied to a datatype argument (congruence over expanded datatype arguments is not in this fragment) (ADR-0022)	unknown	give-up kind=Incomplete detail=e-matching instantiation did not refute within the round budget	unknown
x2015_09_10_17_08_11_362_2298485.smt_in.smt2	unsat	none	unsat	none	unsat
x2015_09_10_17_08_23_650_2313895.smt_in.smt2	unknown	give-up kind=Error detail=unsupported by backend: an uninterpreted function applied to a datatype argument (congruence over expanded datatype arguments is not in this fragment) (ADR-0022)	unknown	give-up kind=ResourceLimit detail=e-matching: instantiation time budget exhausted	unknown
x2015_09_10_17_08_35_894_2329624.smt_in.smt2	unknown	give-up kind=Error detail=unsupported by backend: an uninterpreted function applied to a datatype argument (congruence over expanded datatype arguments is not in this fragment) (ADR-0022)	unknown	give-up kind=Incomplete detail=mbqi declined an unsupported fragment: native datatype solving supports scalar (Bool/BitVec/Int/Real) and datatype fields; array/UF datatype fields are not yet supported (ADR-0022)	unsat
x2015_09_10_17_08_46_943_2345099.smt_in.smt2	unsat	none	unsat	none	unsat
x2015_09_10_17_08_57_646_2360383.smt_in.smt2	unknown	give-up kind=Error detail=unsupported by backend: `is`/`select` over a non-variable datatype term (constructors should fold first) (ADR-0022)	unknown	give-up kind=Incomplete detail=mbqi declined an unsupported fragment: `is`/`select` over a non-variable datatype term (constructors should fold first) (ADR-0022)	unknown
x2015_09_10_17_09_10_310_2376724.smt_in.smt2	unknown	give-up kind=Error detail=unsupported by backend: an uninterpreted function applied to a datatype argument (congruence over expanded datatype arguments is not in this fragment) (ADR-0022)	unknown	give-up kind=Incomplete detail=mbqi declined an unsupported fragment: `is`/`select` over a non-variable datatype term (constructors should fold first) (ADR-0022)	unsat
x2015_09_10_17_09_21_908_2391122.smt_in.smt2	unknown	give-up kind=Error detail=unsupported by backend: an uninterpreted function applied to a datatype argument (congruence over expanded datatype arguments is not in this fragment) (ADR-0022)	unknown	give-up kind=Incomplete detail=mbqi declined an unsupported fragment: an uninterpreted function applied to a datatype argument (congruence over expanded datatype arguments is not in this fragment) (ADR-0022)	unsat
x2015_09_10_17_09_32_724_2405350.smt_in.smt2	unknown	give-up kind=Error detail=unsupported by backend: an uninterpreted function applied to a datatype argument (congruence over expanded datatype arguments is not in this fragment) (ADR-0022)	unknown	give-up kind=Incomplete detail=mbqi declined an unsupported fragment: native datatype solving supports scalar (Bool/BitVec/Int/Real) and datatype fields; array/UF datatype fields are not yet supported (ADR-0022)	unsat
x2015_09_10_17_09_44_488_2419498.smt_in.smt2	unknown	give-up kind=Error detail=unsupported by backend: `is`/`select` over a non-variable datatype term (constructors should fold first) (ADR-0022)	unknown	give-up kind=Incomplete detail=mbqi declined an unsupported fragment: native datatype solving supports scalar (Bool/BitVec/Int/Real) and datatype fields; array/UF datatype fields are not yet supported (ADR-0022)	unsat
x2015_09_10_17_09_55_564_2435094.smt_in.smt2	unsat	none	unsat	none	unsat
x2015_09_10_17_10_07_059_2450499.smt_in.smt2	unknown	give-up kind=Error detail=unsupported by backend: `is`/`select` over a non-variable datatype term (constructors should fold first) (ADR-0022)	unknown	give-up kind=Incomplete detail=mbqi declined an unsupported fragment: an uninterpreted function applied to a datatype argument (congruence over expanded datatype arguments is not in this fragment) (ADR-0022)	unknown
x2015_09_10_17_10_19_561_2466268.smt_in.smt2	unknown	give-up kind=Incomplete detail=e-matching instantiation did not refute within the round budget	unknown	give-up kind=Incomplete detail=e-matching instantiation did not refute within the round budget	unsat
x2015_09_10_17_10_31_591_2481579.smt_in.smt2	unknown	give-up kind=Error detail=unsupported by backend: an uninterpreted function applied to a datatype argument (congruence over expanded datatype arguments is not in this fragment) (ADR-0022)	unknown	give-up kind=Incomplete detail=mbqi declined an unsupported fragment: `is`/`select` over a non-variable datatype term (constructors should fold first) (ADR-0022)	unknown
x2015_09_10_17_10_43_499_2496446.smt_in.smt2	unknown	give-up kind=Error detail=unsupported by backend: an uninterpreted function applied to a datatype argument (congruence over expanded datatype arguments is not in this fragment) (ADR-0022)	unknown	give-up kind=Incomplete detail=mbqi declined an unsupported fragment: an uninterpreted function applied to a datatype argument (congruence over expanded datatype arguments is not in this fragment) (ADR-0022)	unsat
x2015_09_10_17_10_55_641_2510169.smt_in.smt2	unknown	give-up kind=Incomplete detail=e-matching instantiation did not refute within the round budget	unknown	give-up kind=Incomplete detail=e-matching instantiation did not refute within the round budget	unknown
x2015_09_10_17_11_06_639_2526107.smt_in.smt2	unsat	none	unsat	none	unsat
x2015_09_10_17_11_18_552_2541779.smt_in.smt2	unknown	give-up kind=Error detail=unsupported by backend: an uninterpreted function applied to a datatype argument (congruence over expanded datatype arguments is not in this fragment) (ADR-0022)	unknown	give-up kind=Incomplete detail=mbqi declined an unsupported fragment: an uninterpreted function applied to a datatype argument (congruence over expanded datatype arguments is not in this fragment) (ADR-0022)	unknown
x2015_09_10_17_11_29_804_2555176.smt_in.smt2	unknown	give-up kind=Error detail=unsupported by backend: an uninterpreted function applied to a datatype argument (congruence over expanded datatype arguments is not in this fragment) (ADR-0022)	unknown	give-up kind=Incomplete detail=e-matching instantiation did not refute within the round budget	unknown
x2015_09_10_17_11_40_456_2571350.smt_in.smt2	unknown	give-up kind=Error detail=unsupported by backend: an uninterpreted function applied to a datatype argument (congruence over expanded datatype arguments is not in this fragment) (ADR-0022)	unknown	give-up kind=Incomplete detail=e-matching instantiation did not refute within the round budget	unknown
x2015_09_10_17_11_51_397_2586526.smt_in.smt2	unknown	give-up kind=Error detail=unsupported by backend: native datatype solving supports scalar (Bool/BitVec/Int/Real) and datatype fields; array/UF datatype fields are not yet supported (ADR-0022)	unknown	give-up kind=Incomplete detail=mbqi declined an unsupported fragment: an uninterpreted function applied to a datatype argument (congruence over expanded datatype arguments is not in this fragment) (ADR-0022)	unsat
x2015_09_10_17_12_03_470_2601671.smt_in.smt2	unknown	give-up kind=Error detail=unsupported by backend: an uninterpreted function applied to a datatype argument (congruence over expanded datatype arguments is not in this fragment) (ADR-0022)	unknown	give-up kind=Incomplete detail=mbqi declined an unsupported fragment: `is`/`select` over a non-variable datatype term (constructors should fold first) (ADR-0022)	unknown
x2015_09_10_17_12_16_543_2617987.smt_in.smt2	unknown	give-up kind=Error detail=unsupported by backend: `is`/`select` over a non-variable datatype term (constructors should fold first) (ADR-0022)	unknown	give-up kind=Incomplete detail=mbqi declined an unsupported fragment: an uninterpreted function applied to a datatype argument (congruence over expanded datatype arguments is not in this fragment) (ADR-0022)	unknown
x2015_09_10_17_12_30_781_2634553.smt_in.smt2	unknown	give-up kind=Error detail=unsupported by backend: an uninterpreted function applied to a datatype argument (congruence over expanded datatype arguments is not in this fragment) (ADR-0022)	unknown	give-up kind=Incomplete detail=mbqi declined an unsupported fragment: an uninterpreted function applied to a datatype argument (congruence over expanded datatype arguments is not in this fragment) (ADR-0022)	unsat
x2015_09_10_17_12_44_149_2648366.smt_in.smt2	unknown	give-up kind=Error detail=unsupported by backend: an uninterpreted function applied to a datatype argument (congruence over expanded datatype arguments is not in this fragment) (ADR-0022)	unknown	give-up kind=Incomplete detail=mbqi declined an unsupported fragment: an uninterpreted function applied to a datatype argument (congruence over expanded datatype arguments is not in this fragment) (ADR-0022)	unsat
x2015_09_10_17_13_01_127_2665471.smt_in.smt2	unknown	give-up kind=Error detail=unsupported by backend: `is`/`select` over a non-variable datatype term (constructors should fold first) (ADR-0022)	unknown	give-up kind=Incomplete detail=mbqi declined an unsupported fragment: an uninterpreted function applied to a datatype argument (congruence over expanded datatype arguments is not in this fragment) (ADR-0022)	unknown
x2015_09_10_17_13_29_532_2679601.smt_in.smt2	unknown	give-up kind=Error detail=unsupported by backend: `is`/`select` over a non-variable datatype term (constructors should fold first) (ADR-0022)	unknown	give-up kind=Incomplete detail=mbqi declined an unsupported fragment: an uninterpreted function applied to a datatype argument (congruence over expanded datatype arguments is not in this fragment) (ADR-0022)	unsat
x2015_09_10_17_14_06_194_2692958.smt_in.smt2	unknown	give-up kind=Error detail=unsupported by backend: `is`/`select` over a non-variable datatype term (constructors should fold first) (ADR-0022)	unknown	give-up kind=Incomplete detail=mbqi declined an unsupported fragment: an uninterpreted function applied to a datatype argument (congruence over expanded datatype arguments is not in this fragment) (ADR-0022)	unsat
x2015_09_10_17_14_35_936_2708737.smt_in.smt2	unknown	give-up kind=Error detail=unsupported by backend: `is`/`select` over a non-variable datatype term (constructors should fold first) (ADR-0022)	unknown	give-up kind=Incomplete detail=mbqi declined an unsupported fragment: an uninterpreted function applied to a datatype argument (congruence over expanded datatype arguments is not in this fragment) (ADR-0022)	unknown
x2015_09_10_17_15_04_007_2724797.smt_in.smt2	unknown	give-up kind=ResourceLimit detail=e-matching: instantiation time budget exhausted	unknown	give-up kind=ResourceLimit detail=e-matching: instantiation time budget exhausted	unknown
x2015_09_10_17_15_35_439_2741694.smt_in.smt2	unknown	give-up kind=Error detail=unsupported by backend: native datatype solving supports scalar (Bool/BitVec/Int/Real) and datatype fields; array/UF datatype fields are not yet supported (ADR-0022)	unknown	give-up kind=Incomplete detail=mbqi declined an unsupported fragment: native datatype solving supports scalar (Bool/BitVec/Int/Real) and datatype fields; array/UF datatype fields are not yet supported (ADR-0022)	unknown
x2015_09_10_17_16_03_091_2754904.smt_in.smt2	unknown	give-up kind=Error detail=unsupported by backend: `is`/`select` over a non-variable datatype term (constructors should fold first) (ADR-0022)	unknown	give-up kind=Incomplete detail=mbqi declined an unsupported fragment: an uninterpreted function applied to a datatype argument (congruence over expanded datatype arguments is not in this fragment) (ADR-0022)	unsat
x2015_09_10_17_16_36_386_2772512.smt_in.smt2	unknown	give-up kind=Error detail=unsupported by backend: an uninterpreted function applied to a datatype argument (congruence over expanded datatype arguments is not in this fragment) (ADR-0022)	unknown	give-up kind=Incomplete detail=mbqi declined an unsupported fragment: native datatype solving supports scalar (Bool/BitVec/Int/Real) and datatype fields; array/UF datatype fields are not yet supported (ADR-0022)	unsat
x2015_09_10_17_17_04_260_2787558.smt_in.smt2	unknown	give-up kind=Error detail=unsupported by backend: an uninterpreted function applied to a datatype argument (congruence over expanded datatype arguments is not in this fragment) (ADR-0022)	unknown	give-up kind=Incomplete detail=mbqi declined an unsupported fragment: an uninterpreted function applied to a datatype argument (congruence over expanded datatype arguments is not in this fragment) (ADR-0022)	unsat
x2015_09_10_17_17_37_894_2805936.smt_in.smt2	unknown	give-up kind=Error detail=unsupported by backend: an uninterpreted function applied to a datatype argument (congruence over expanded datatype arguments is not in this fragment) (ADR-0022)	unknown	give-up kind=Incomplete detail=mbqi declined an unsupported fragment: native datatype solving supports scalar (Bool/BitVec/Int/Real) and datatype fields; array/UF datatype fields are not yet supported (ADR-0022)	unknown
x2015_09_10_17_17_59_756_2820516.smt_in.smt2	unknown	give-up kind=Error detail=unsupported by backend: an uninterpreted function applied to a datatype argument (congruence over expanded datatype arguments is not in this fragment) (ADR-0022)	unknown	give-up kind=Incomplete detail=mbqi declined an unsupported fragment: an uninterpreted function applied to a datatype argument (congruence over expanded datatype arguments is not in this fragment) (ADR-0022)	unknown
x2015_09_10_17_18_21_495_2834179.smt_in.smt2	unknown	give-up kind=Error detail=unsupported by backend: `is`/`select` over a non-variable datatype term (constructors should fold first) (ADR-0022)	unknown	give-up kind=Incomplete detail=mbqi declined an unsupported fragment: `is`/`select` over a non-variable datatype term (constructors should fold first) (ADR-0022)	unsat
x2015_09_10_17_18_42_558_2847385.smt_in.smt2	unknown	give-up kind=Error detail=unsupported by backend: native datatype solving supports scalar (Bool/BitVec/Int/Real) and datatype fields; array/UF datatype fields are not yet supported (ADR-0022)	unknown	give-up kind=Incomplete detail=mbqi declined an unsupported fragment: `is`/`select` over a non-variable datatype term (constructors should fold first) (ADR-0022)	unknown
x2015_09_10_17_19_12_003_2864273.smt_in.smt2	unknown	give-up kind=Error detail=unsupported by backend: native datatype solving supports scalar (Bool/BitVec/Int/Real) and datatype fields; array/UF datatype fields are not yet supported (ADR-0022)	unknown	give-up kind=Incomplete detail=mbqi declined an unsupported fragment: native datatype solving supports scalar (Bool/BitVec/Int/Real) and datatype fields; array/UF datatype fields are not yet supported (ADR-0022)	unsat
x2015_09_10_17_19_31_189_2880921.smt_in.smt2	unsat	none	unsat	none	unsat
x2015_09_10_17_19_52_110_2898470.smt_in.smt2	unknown	give-up kind=ResourceLimit detail=quantified solve time budget exhausted after e-matching	unknown	give-up kind=ResourceLimit detail=quantified solve time budget exhausted after e-matching	unsat
x2015_09_10_17_20_15_484_2915641.smt_in.smt2	unknown	give-up kind=Incomplete detail=e-matching instantiation did not refute within the round budget	unknown	give-up kind=Incomplete detail=e-matching instantiation did not refute within the round budget	unknown
x2015_09_10_16_47_16_557_1062300.smt_in.smt2	unsat	none	unsat	none	unsat
x2015_09_10_16_47_37_931_1077041.smt_in.smt2	unknown	give-up kind=Incomplete detail=e-matching instantiation did not refute within the round budget	unknown	give-up kind=Incomplete detail=e-matching instantiation did not refute within the round budget	unknown
x2015_09_10_17_22_21_185_1085450.smt_in.smt2	unknown	give-up kind=Incomplete detail=e-matching instantiation did not refute within the round budget	unknown	give-up kind=Incomplete detail=e-matching instantiation did not refute within the round budget	unsat
x2015_09_10_17_22_40_406_1102174.smt_in.smt2	unknown	give-up kind=Error detail=unsupported by backend: `is`/`select` over a non-variable datatype term (constructors should fold first) (ADR-0022)	unknown	give-up kind=Incomplete detail=mbqi declined an unsupported fragment: an uninterpreted function applied to a datatype argument (congruence over expanded datatype arguments is not in this fragment) (ADR-0022)	unknown
x2015_09_10_17_22_59_283_1120271.smt_in.smt2	unknown	give-up kind=Error detail=unsupported by backend: native datatype solving supports scalar (Bool/BitVec/Int/Real) and datatype fields; array/UF datatype fields are not yet supported (ADR-0022)	unknown	give-up kind=Incomplete detail=e-matching instantiation did not refute within the round budget	unknown
x2015_09_10_17_23_15_283_1135882.smt_in.smt2	unknown	give-up kind=Error detail=unsupported by backend: an uninterpreted function applied to a datatype argument (congruence over expanded datatype arguments is not in this fragment) (ADR-0022)	unknown	give-up kind=Incomplete detail=mbqi declined an unsupported fragment: native datatype solving supports scalar (Bool/BitVec/Int/Real) and datatype fields; array/UF datatype fields are not yet supported (ADR-0022)	unknown
x2015_09_10_17_23_33_302_1153264.smt_in.smt2	unknown	give-up kind=Incomplete detail=e-matching instantiation did not refute within the round budget	unknown	give-up kind=ResourceLimit detail=e-matching: instantiation time budget exhausted	unknown
x2015_09_10_17_23_50_952_1169603.smt_in.smt2	unknown	give-up kind=ResourceLimit detail=e-matching: instantiation time budget exhausted	unknown	give-up kind=ResourceLimit detail=e-matching: instantiation time budget exhausted	unknown
x2015_09_10_17_24_09_404_1186086.smt_in.smt2	unknown	give-up kind=Error detail=unsupported by backend: native datatype solving supports scalar (Bool/BitVec/Int/Real) and datatype fields; array/UF datatype fields are not yet supported (ADR-0022)	unknown	give-up kind=Incomplete detail=mbqi declined an unsupported fragment: an uninterpreted function applied to a datatype argument (congruence over expanded datatype arguments is not in this fragment) (ADR-0022)	unknown
x2015_09_10_17_24_25_853_1200030.smt_in.smt2	unknown	give-up kind=Incomplete detail=e-matching instantiation did not refute within the round budget	unknown	give-up kind=Incomplete detail=e-matching instantiation did not refute within the round budget	unknown
x2015_09_10_17_24_45_866_1215825.smt_in.smt2	unknown	give-up kind=Error detail=unsupported by backend: `is`/`select` over a non-variable datatype term (constructors should fold first) (ADR-0022)	unknown	give-up kind=Incomplete detail=mbqi declined an unsupported fragment: native datatype solving supports scalar (Bool/BitVec/Int/Real) and datatype fields; array/UF datatype fields are not yet supported (ADR-0022)	unknown
x2015_09_10_17_25_02_326_1228881.smt_in.smt2	unknown	give-up kind=Error detail=unsupported by backend: an uninterpreted function applied to a datatype argument (congruence over expanded datatype arguments is not in this fragment) (ADR-0022)	unknown	give-up kind=Incomplete detail=mbqi declined an unsupported fragment: an uninterpreted function applied to a datatype argument (congruence over expanded datatype arguments is not in this fragment) (ADR-0022)	unsat
x2015_09_10_17_25_25_720_1248637.smt_in.smt2	unknown	give-up kind=Error detail=unsupported by backend: an uninterpreted function applied to a datatype argument (congruence over expanded datatype arguments is not in this fragment) (ADR-0022)	unknown	give-up kind=Incomplete detail=mbqi declined an unsupported fragment: an uninterpreted function applied to a datatype argument (congruence over expanded datatype arguments is not in this fragment) (ADR-0022)	unknown
x2015_09_10_17_25_40_953_1264296.smt_in.smt2	unsat	none	unsat	none	unknown
x2015_09_10_16_47_38_469_1070123.smt_in.smt2	unknown	give-up kind=Error detail=unsupported by backend: an uninterpreted function applied to a datatype argument (congruence over expanded datatype arguments is not in this fragment) (ADR-0022)	unknown	give-up kind=Incomplete detail=mbqi declined an unsupported fragment: native datatype solving supports scalar (Bool/BitVec/Int/Real) and datatype fields; array/UF datatype fields are not yet supported (ADR-0022)	unknown
x2015_09_10_16_47_59_273_1086494.smt_in.smt2	unknown	give-up kind=Error detail=unsupported by backend: an uninterpreted function applied to a datatype argument (congruence over expanded datatype arguments is not in this fragment) (ADR-0022)	unknown	give-up kind=Incomplete detail=mbqi declined an unsupported fragment: native datatype solving supports scalar (Bool/BitVec/Int/Real) and datatype fields; array/UF datatype fields are not yet supported (ADR-0022)	unknown
x2015_09_10_16_48_19_713_1102896.smt_in.smt2	unknown	give-up kind=Error detail=unsupported by backend: an uninterpreted function applied to a datatype argument (congruence over expanded datatype arguments is not in this fragment) (ADR-0022)	unknown	give-up kind=Incomplete detail=mbqi declined an unsupported fragment: an uninterpreted function applied to a datatype argument (congruence over expanded datatype arguments is not in this fragment) (ADR-0022)	unknown
x2015_09_10_16_48_38_877_1117356.smt_in.smt2	unknown	give-up kind=Error detail=unsupported by backend: `is`/`select` over a non-variable datatype term (constructors should fold first) (ADR-0022)	unsat	none	unsat
x2015_09_10_16_49_04_441_1134792.smt_in.smt2	unknown	give-up kind=Error detail=unsupported by backend: an uninterpreted function applied to a datatype argument (congruence over expanded datatype arguments is not in this fragment) (ADR-0022)	unknown	give-up kind=Incomplete detail=mbqi declined an unsupported fragment: an uninterpreted function applied to a datatype argument (congruence over expanded datatype arguments is not in this fragment) (ADR-0022)	unsat
x2015_09_10_16_49_24_547_1147275.smt_in.smt2	unknown	give-up kind=Error detail=unsupported by backend: `is`/`select` over a non-variable datatype term (constructors should fold first) (ADR-0022)	unknown	give-up kind=Incomplete detail=mbqi declined an unsupported fragment: an uninterpreted function applied to a datatype argument (congruence over expanded datatype arguments is not in this fragment) (ADR-0022)	unsat
x2015_09_10_16_49_52_542_1162355.smt_in.smt2	unsat	none	unsat	none	unsat
x2015_09_10_16_50_13_766_1172962.smt_in.smt2	unknown	give-up kind=Error detail=unsupported by backend: an uninterpreted function applied to a datatype argument (congruence over expanded datatype arguments is not in this fragment) (ADR-0022)	unknown	give-up kind=Incomplete detail=mbqi declined an unsupported fragment: an uninterpreted function applied to a datatype argument (congruence over expanded datatype arguments is not in this fragment) (ADR-0022)	unsat
x2015_09_10_16_46_21_307_981769.smt_in.smt2	unknown	give-up kind=Error detail=unsupported by backend: native datatype solving supports scalar (Bool/BitVec/Int/Real) and datatype fields; array/UF datatype fields are not yet supported (ADR-0022)	unknown	give-up kind=Incomplete detail=mbqi declined an unsupported fragment: native datatype solving supports scalar (Bool/BitVec/Int/Real) and datatype fields; array/UF datatype fields are not yet supported (ADR-0022)	unknown
x2015_09_10_16_46_53_159_1015830.smt_in.smt2	unknown	give-up kind=Error detail=unsupported by backend: an uninterpreted function applied to a datatype argument (congruence over expanded datatype arguments is not in this fragment) (ADR-0022)	unknown	give-up kind=Incomplete detail=mbqi declined an unsupported fragment: an uninterpreted function applied to a datatype argument (congruence over expanded datatype arguments is not in this fragment) (ADR-0022)	unknown
x2015_09_10_16_47_09_133_1032871.smt_in.smt2	unknown	give-up kind=Error detail=unsupported by backend: an uninterpreted function applied to a datatype argument (congruence over expanded datatype arguments is not in this fragment) (ADR-0022)	unknown	give-up kind=Incomplete detail=mbqi declined an unsupported fragment: native datatype solving supports scalar (Bool/BitVec/Int/Real) and datatype fields; array/UF datatype fields are not yet supported (ADR-0022)	unsat
x2015_09_10_16_47_35_761_1061201.smt_in.smt2	unknown	give-up kind=Error detail=unsupported by backend: native datatype solving supports scalar (Bool/BitVec/Int/Real) and datatype fields; array/UF datatype fields are not yet supported (ADR-0022)	unknown	give-up kind=Incomplete detail=mbqi declined an unsupported fragment: native datatype solving supports scalar (Bool/BitVec/Int/Real) and datatype fields; array/UF datatype fields are not yet supported (ADR-0022)	unknown
x2015_09_10_16_48_03_390_1089361.smt_in.smt2	unknown	give-up kind=Error detail=unsupported by backend: an uninterpreted function applied to a datatype argument (congruence over expanded datatype arguments is not in this fragment) (ADR-0022)	unknown	give-up kind=Incomplete detail=mbqi declined an unsupported fragment: `is`/`select` over a non-variable datatype term (constructors should fold first) (ADR-0022)	unknown
x2015_09_10_16_48_17_898_1104086.smt_in.smt2	unknown	give-up kind=Error detail=unsupported by backend: an uninterpreted function applied to a datatype argument (congruence over expanded datatype arguments is not in this fragment) (ADR-0022)	unknown	give-up kind=Incomplete detail=mbqi declined an unsupported fragment: native datatype solving supports scalar (Bool/BitVec/Int/Real) and datatype fields; array/UF datatype fields are not yet supported (ADR-0022)	unknown
x2015_09_10_16_48_30_603_1118346.smt_in.smt2	unknown	give-up kind=Error detail=unsupported by backend: an uninterpreted function applied to a datatype argument (congruence over expanded datatype arguments is not in this fragment) (ADR-0022)	unknown	give-up kind=Incomplete detail=mbqi declined an unsupported fragment: native datatype solving supports scalar (Bool/BitVec/Int/Real) and datatype fields; array/UF datatype fields are not yet supported (ADR-0022)	unknown
x2015_09_10_16_48_42_751_1132913.smt_in.smt2	unknown	give-up kind=Error detail=unsupported by backend: an uninterpreted function applied to a datatype argument (congruence over expanded datatype arguments is not in this fragment) (ADR-0022)	unknown	give-up kind=Incomplete detail=mbqi declined an unsupported fragment: native datatype solving supports scalar (Bool/BitVec/Int/Real) and datatype fields; array/UF datatype fields are not yet supported (ADR-0022)	unknown
x2015_09_10_16_49_00_867_1155527.smt_in.smt2	unknown	give-up kind=Error detail=unsupported by backend: an uninterpreted function applied to a datatype argument (congruence over expanded datatype arguments is not in this fragment) (ADR-0022)	unknown	give-up kind=Incomplete detail=mbqi declined an unsupported fragment: native datatype solving supports scalar (Bool/BitVec/Int/Real) and datatype fields; array/UF datatype fields are not yet supported (ADR-0022)	unknown
x2015_09_10_16_49_25_717_1182749.smt_in.smt2	unknown	give-up kind=Error detail=unsupported by backend: an uninterpreted function applied to a datatype argument (congruence over expanded datatype arguments is not in this fragment) (ADR-0022)	unknown	give-up kind=Incomplete detail=mbqi declined an unsupported fragment: an uninterpreted function applied to a datatype argument (congruence over expanded datatype arguments is not in this fragment) (ADR-0022)	unsat
x2015_09_10_16_49_38_709_1198004.smt_in.smt2	unknown	give-up kind=Error detail=unsupported by backend: an uninterpreted function applied to a datatype argument (congruence over expanded datatype arguments is not in this fragment) (ADR-0022)	unknown	give-up kind=Incomplete detail=mbqi declined an unsupported fragment: an uninterpreted function applied to a datatype argument (congruence over expanded datatype arguments is not in this fragment) (ADR-0022)	unsat
x2015_09_10_16_49_57_278_1218963.smt_in.smt2	unknown	give-up kind=Error detail=unsupported by backend: an uninterpreted function applied to a datatype argument (congruence over expanded datatype arguments is not in this fragment) (ADR-0022)	unknown	give-up kind=Incomplete detail=mbqi declined an unsupported fragment: native datatype solving supports scalar (Bool/BitVec/Int/Real) and datatype fields; array/UF datatype fields are not yet supported (ADR-0022)	unknown
x2015_09_10_16_50_16_614_1238330.smt_in.smt2	unknown	give-up kind=Error detail=unsupported by backend: an uninterpreted function applied to a datatype argument (congruence over expanded datatype arguments is not in this fragment) (ADR-0022)	unknown	give-up kind=Incomplete detail=mbqi declined an unsupported fragment: an uninterpreted function applied to a datatype argument (congruence over expanded datatype arguments is not in this fragment) (ADR-0022)	unknown
x2015_09_10_16_50_31_780_1255844.smt_in.smt2	unknown	give-up kind=Error detail=unsupported by backend: an uninterpreted function applied to a datatype argument (congruence over expanded datatype arguments is not in this fragment) (ADR-0022)	unknown	give-up kind=Incomplete detail=mbqi declined an unsupported fragment: an uninterpreted function applied to a datatype argument (congruence over expanded datatype arguments is not in this fragment) (ADR-0022)	unsat
x2015_09_10_16_50_45_440_1270801.smt_in.smt2	unknown	give-up kind=Error detail=unsupported by backend: an uninterpreted function applied to a datatype argument (congruence over expanded datatype arguments is not in this fragment) (ADR-0022)	unknown	give-up kind=Incomplete detail=mbqi declined an unsupported fragment: an uninterpreted function applied to a datatype argument (congruence over expanded datatype arguments is not in this fragment) (ADR-0022)	unknown
x2015_09_10_16_50_58_676_1284981.smt_in.smt2	unknown	give-up kind=Error detail=unsupported by backend: an uninterpreted function applied to a datatype argument (congruence over expanded datatype arguments is not in this fragment) (ADR-0022)	unknown	give-up kind=Incomplete detail=mbqi declined an unsupported fragment: an uninterpreted function applied to a datatype argument (congruence over expanded datatype arguments is not in this fragment) (ADR-0022)	unknown
x2015_09_10_16_51_13_246_1298333.smt_in.smt2	unknown	give-up kind=Error detail=unsupported by backend: `is`/`select` over a non-variable datatype term (constructors should fold first) (ADR-0022)	unknown	give-up kind=Incomplete detail=mbqi declined an unsupported fragment: native datatype solving supports scalar (Bool/BitVec/Int/Real) and datatype fields; array/UF datatype fields are not yet supported (ADR-0022)	unknown
x2015_09_10_16_51_26_271_1314294.smt_in.smt2	unknown	give-up kind=Error detail=unsupported by backend: `is`/`select` over a non-variable datatype term (constructors should fold first) (ADR-0022)	unknown	give-up kind=Incomplete detail=mbqi declined an unsupported fragment: native datatype solving supports scalar (Bool/BitVec/Int/Real) and datatype fields; array/UF datatype fields are not yet supported (ADR-0022)	unknown
x2015_09_10_16_51_41_712_1331017.smt_in.smt2	unknown	give-up kind=Error detail=unsupported by backend: `is`/`select` over a non-variable datatype term (constructors should fold first) (ADR-0022)	unknown	give-up kind=Incomplete detail=mbqi declined an unsupported fragment: native datatype solving supports scalar (Bool/BitVec/Int/Real) and datatype fields; array/UF datatype fields are not yet supported (ADR-0022)	unknown
x2015_09_10_16_51_57_291_1344651.smt_in.smt2	unknown	give-up kind=Error detail=unsupported by backend: `is`/`select` over a non-variable datatype term (constructors should fold first) (ADR-0022)	unknown	give-up kind=Incomplete detail=mbqi declined an unsupported fragment: native datatype solving supports scalar (Bool/BitVec/Int/Real) and datatype fields; array/UF datatype fields are not yet supported (ADR-0022)	unknown
x2015_09_10_16_52_08_277_1073324.smt_in.smt2	unsat	none	unsat	none	unsat
x2015_09_10_16_52_28_094_1089146.smt_in.smt2	unsat	none	unsat	none	unsat
x2015_09_10_16_52_47_668_1104093.smt_in.smt2	unsat	none	unsat	none	unsat
x2015_09_10_16_53_07_651_1118923.smt_in.smt2	unsat	none	unsat	none	unsat
x2015_09_10_16_53_27_961_1132522.smt_in.smt2	unknown	give-up kind=Error detail=unsupported by backend: an uninterpreted function applied to a datatype argument (congruence over expanded datatype arguments is not in this fragment) (ADR-0022)	unknown	give-up kind=Incomplete detail=mbqi declined an unsupported fragment: native datatype solving supports scalar (Bool/BitVec/Int/Real) and datatype fields; array/UF datatype fields are not yet supported (ADR-0022)	unknown
x2015_09_10_16_53_49_465_1145510.smt_in.smt2	unknown	give-up kind=Error detail=unsupported by backend: an uninterpreted function applied to a datatype argument (congruence over expanded datatype arguments is not in this fragment) (ADR-0022)	unknown	give-up kind=Incomplete detail=mbqi declined an unsupported fragment: an uninterpreted function applied to a datatype argument (congruence over expanded datatype arguments is not in this fragment) (ADR-0022)	unknown
x2015_09_10_16_54_10_439_1158893.smt_in.smt2	unknown	give-up kind=Error detail=unsupported by backend: `is`/`select` over a non-variable datatype term (constructors should fold first) (ADR-0022)	unknown	give-up kind=Incomplete detail=mbqi declined an unsupported fragment: an uninterpreted function applied to a datatype argument (congruence over expanded datatype arguments is not in this fragment) (ADR-0022)	unsat
x2015_09_10_16_54_31_544_1171607.smt_in.smt2	unknown	give-up kind=Error detail=unsupported by backend: an uninterpreted function applied to a datatype argument (congruence over expanded datatype arguments is not in this fragment) (ADR-0022)	unknown	give-up kind=Incomplete detail=mbqi declined an unsupported fragment: an uninterpreted function applied to a datatype argument (congruence over expanded datatype arguments is not in this fragment) (ADR-0022)	unknown
x2015_09_10_16_50_11_633_1063661.smt_in.smt2	unknown	give-up kind=Incomplete detail=e-matching instantiation did not refute within the round budget	unknown	give-up kind=Incomplete detail=e-matching instantiation did not refute within the round budget	unknown
x2015_09_10_16_50_32_269_1077639.smt_in.smt2	unknown	give-up kind=Incomplete detail=e-matching instantiation did not refute within the round budget	unknown	give-up kind=Incomplete detail=e-matching instantiation did not refute within the round budget	unknown
x2015_09_10_16_50_54_735_1091352.smt_in.smt2	unknown	give-up kind=Error detail=unsupported by backend: an uninterpreted function applied to a datatype argument (congruence over expanded datatype arguments is not in this fragment) (ADR-0022)	unknown	give-up kind=Incomplete detail=mbqi declined an unsupported fragment: an uninterpreted function applied to a datatype argument (congruence over expanded datatype arguments is not in this fragment) (ADR-0022)	unknown
x2015_09_10_16_51_15_522_1106474.smt_in.smt2	sat	none	sat	none	unknown
x2015_09_10_16_51_36_098_1121751.smt_in.smt2	unknown	give-up kind=Incomplete detail=e-matching instantiation did not refute within the round budget	unknown	give-up kind=Incomplete detail=e-matching instantiation did not refute within the round budget	unsat
x2015_09_10_16_51_54_222_1135299.smt_in.smt2	unsat	none	unsat	none	unsat
x2015_09_10_16_52_13_234_1149813.smt_in.smt2	unsat	none	unsat	none	unsat
x2015_09_10_16_52_32_330_1164148.smt_in.smt2	unknown	give-up kind=Incomplete detail=e-matching instantiation did not refute within the round budget	unknown	give-up kind=Incomplete detail=e-matching instantiation did not refute within the round budget	unknown
x2015_09_10_16_52_51_825_1178012.smt_in.smt2	unsat	none	unsat	none	unknown
x2015_09_10_16_53_10_832_1193178.smt_in.smt2	unsat	none	unsat	none	unsat
x2015_09_10_16_53_29_960_1207699.smt_in.smt2	unknown	give-up kind=Error detail=unsupported by backend: `is`/`select` over a non-variable datatype term (constructors should fold first) (ADR-0022)	unknown	give-up kind=Incomplete detail=mbqi declined an unsupported fragment: native datatype solving supports scalar (Bool/BitVec/Int/Real) and datatype fields; array/UF datatype fields are not yet supported (ADR-0022)	unknown
x2015_09_10_16_53_53_190_1220748.smt_in.smt2	unknown	give-up kind=Error detail=unsupported by backend: `is`/`select` over a non-variable datatype term (constructors should fold first) (ADR-0022)	unknown	give-up kind=Incomplete detail=mbqi declined an unsupported fragment: native datatype solving supports scalar (Bool/BitVec/Int/Real) and datatype fields; array/UF datatype fields are not yet supported (ADR-0022)	unknown
x2015_09_10_16_54_18_999_1235798.smt_in.smt2	unknown	give-up kind=Incomplete detail=e-matching instantiation did not refute within the round budget	unknown	give-up kind=Incomplete detail=e-matching instantiation did not refute within the round budget	unknown
