file	axeyum	z3	cvc5	status	agree
K210-007__for_loop__s.adb_6_33_loop_invariant_preserv___00.smt2	unsat	unsat	unsat	unsat	ok
K223-023__search__search.ads_5_55_index_check___00.smt2	unsat	unsat	unsat	unsat	ok
K330-014__loop_entry__for_loops.adb_16_33_loop_invariant_preserv___00.smt2	unsat	unsat	unsat	unsat	ok
K330-014__loop_entry__while_loops.adb_63_40_dead_code___00.smt2	unsat	unsat	unsat	unsat	ok
K627-010__stable_marriage__stable_marriage.adb_79_28_index_check___00.smt2	unsat	unsat	unsat	unsat	ok
K628-017__single_files__s.adb_27_34_index_check___00.smt2	unsat	unsat	unsat	unsat	ok
K908-018__eq__pack.ads_11_19_postcondition___00.smt2	unsat	unsat	unsat	unsat	ok
KB04-004__quantified__data.adb_20_60_index_check___00.smt2	unsat	unsat	unsat	unsat	ok
KB25-003__slices__pack.adb_46_41_range_check___00.smt2	unsat	unsat	unsat	unsat	ok
L305-015__actions__actions.adb_18_59_overflow_check___00.smt2	unsat	unsat	unsat	unsat	ok
L904-010__concat__concat.adb_5_26_length_check___00.smt2	unsat	unsat	unsat	unsat	ok
LB28-004__loop_variant__p.adb_46_12_index_check___00.smt2	unsat	unsat	unsat	unsat	ok
LB28-004__loop_variant__p.adb_97_36_overflow_check___00.smt2	unsat	unsat	unsat	unsat	ok
M322-040__loopinv__max.adb_23_25_range_check___00.smt2	unsat	unsat	unsat	unsat	ok
M426-006__flow_bug_nested_subprogram_pragmas__t3q5.adb_23_17_range_check___00.smt2	unsat	unsat	unsat	unsat	ok
M613-053__wp__sorters_not_global.ads_20_19_index_check___00.smt2	unsat	unsat	unsat	unsat	ok
M614-039__simple__incr_loop.ads_9_42_index_check___00.smt2	unsat	unsat	unsat	unsat	ok
M806-034__concat__concat.adb_11_29_concat.adb_35_7_length_check___00.smt2	unsat	unsat	unsat	unsat	ok
M806-034__concat__concat_left.adb_17_20_concat_left.adb_36_7_range_check___00.smt2	unsat	unsat	unsat	unsat	ok
M806-034__concat__concat_right.adb_35_7_precondition___00.smt2	unsat	unsat	unsat	unsat	ok
M830-004__checks__do_checks.adb_266_22_length_check___00.smt2	unsat	unsat	unsat	unsat	ok
M924-029__discr_dyn__discr_dyn.adb_5_7_discr_dyn.adb_15_12_range_check___00.smt2	unsat	unsat	unsat	unsat	ok
MA28-038__flow_on_generic__init.adb_15_23_init.adb_20_4_range_check___00.smt2	unsat	unsat	unsat	unsat	ok
MB20-049__old_in_contract_cases__example.ads_8_40_contract_case___00.smt2	unsat	unsat	unsat	unsat	ok
N120-055__perm__sort.adb_47_50_overflow_check___00.smt2	unsat	unsat	unsat	unsat	ok
N217-028__update_checks__ar.adb_43_15_index_check___00.smt2	unsat	unsat	unsat	unsat	ok
N228-005__update_unconstr_array__update_checks_1.ads_30_37_range_check___00.smt2	unsat	unsat	unsat	unsat	ok
N602-053__update__sorters.adb_19_33_range_check___00.smt2	unsat	unsat	unsat	unsat	ok
N611-014__static_discr__static_discr.adb_122_25_assert___00.smt2	unsat	unsat	unsat	unsat	ok
N613-027__transitive__sorters.adb_34_15_index_check___00.smt2	unsat	unsat	unsat	unsat	ok
N624-020__perm_occ__sort.adb_24_7_range_check___00.smt2	unsat	unsat	unsat	unsat	ok
N624-020__perm_rem__perm.adb_166_15_precondition2___00.smt2	unsat	unsat	unsat	unsat	ok
N624-020__perm_rem__perm.adb_17_6_precondition2___00.smt2	unsat	unsat	unsat	unsat	ok
N624-020__perm_rem__perm.adb_220_56_precondition___00.smt2	unsat	unsat	unsat	unsat	ok
N624-020__perm_rem__perm.adb_227_25_precondition4___00.smt2	unsat	unsat	unsat	unsat	ok
N624-020__perm_rem__perm.adb_245_25_precondition___00.smt2	unsat	unsat	unsat	unsat	ok
N624-020__perm_rem__perm.adb_24_21_precondition4___00.smt2	unsat	unsat	unsat	unsat	ok
N624-020__perm_rem__perm.adb_257_28_precondition4___00.smt2	unsat	unsat	unsat	unsat	ok
N624-020__perm_rem__perm.adb_274_46_precondition4___00.smt2	unsat	unsat	unsat	unsat	ok
N624-020__perm_rem__perm.adb_278_25_precondition___00.smt2	unsat	unsat	unsat	unsat	ok
N624-020__perm_rem__perm.adb_31_15_precondition2___00.smt2	unsat	unsat	unsat	unsat	ok
N624-020__perm_rem__perm.adb_329_26_precondition2___00.smt2	unsat	unsat	unsat	unsat	ok
N624-020__perm_rem__perm.adb_347_17_precondition4___00.smt2	unsat	unsat	unsat	unsat	ok
N624-020__perm_rem__perm.adb_54_14_precondition4___00.smt2	unsat	unsat	unsat	unsat	ok
N624-020__perm_rem__perm.adb_95_54_precondition___00.smt2	unsat	unsat	unsat	unsat	ok
N624-020__perm_rem__sort.adb_28_57_range_check___00.smt2	unsat	unsat	unsat	unsat	ok
N624-020__perm_rem__sort.adb_65_19_precondition3___00.smt2	unsat	unsat	unsat	unsat	ok
N624-020__perm_rem__sort.adb_84_33_precondition3___00.smt2	unsat	unsat	unsat	unsat	ok
N625-021__function_with_globals__test_globals.adb_8_35_range_check___00.smt2	unsat	unsat	unsat	unsat	ok
N715-017__default_init_cond__default_init.ads_5_9_default_initial_condition___00.smt2	unsat	unsat	unsat	unsat	ok
N917-051__longest_common_prefix__longest_common_prefix.adb_17_17_overflow_check___00.smt2	unsat	unsat	unsat	unsat	ok
NA29-017__prove_all__sorting.adb_41_10_loop_invariant_init4___00.smt2	unsat	unsat	unsat	unsat	ok
NB24-034__flow_spurious_ghost_warning__sorters.adb_62_7_range_check___00.smt2	unsat	unsat	unsat	unsat	ok
NC08-003__flow_extra_vertex_for_volatile_reads__foo.adb_35_12_index_check___00.smt2	unsat	unsat	unsat	unsat	ok
O108-025__attribute_size__size_attr.adb_118_19_assert___00.smt2	unsat	unsat	unsat	unsat	ok
O224-038__inlining__main.adb_4_27_range_check___00.smt2	unsat	unsat	unsat	unsat	ok
O512-022__two_way_sort__p1.adb_6_23_index_check___00.smt2	unsat	unsat	unsat	unsat	ok
O724-003__iterable__with_iterable.adb_4_27_discriminant_check___00.smt2	unsat	unsat	unsat	unsat	ok
O827-017__dispatching_procedures__dispatch.ads_20_4_range_check___00.smt2	unsat	unsat	unsat	unsat	ok
OB02-023__limited_type_equality__client.adb_21_19_assert___00.smt2	unsat	unsat	unsat	unsat	ok
OC08-050__functional_sets__allocator.adb_64_53_index_check___00.smt2	unsat	unsat	unsat	unsat	ok
P427-032__inline_for_proof__inline_for_proof.adb_9_20_index_check___00.smt2	unsat	unsat	unsat	unsat	ok
