file	declared	reference_verdict	class	last_route	dominant_stage	wall_ms	detail
/nas3/data/axeyum/corpus/smtlib-2024/non-incremental/non-incremental/QF_UFLIA/20230314-Jaroslav-Bendik-Certora/3106_1c933134166dbad31f79_41_QF_UFLIA.smt2	unknown	sat	route-decline(unsupported:ingest:wide-integer-literal)	smtlib-ingest		109	{"file": "/nas3/data/axeyum/corpus/smtlib-2024/non-incremental/non-incremental/QF_UFLIA/20230314-Jaroslav-Bendik-Certora/3106_1c933134166dbad31f79_41_QF_UFLIA.smt2", "status": "ingest-unsupported", "oracle": false, "front_door": "solve_smtlib", "verdict": "not-attempted", "route": "smtlib-ingest", "
/nas3/data/axeyum/corpus/smtlib-2024/non-incremental/non-incremental/QF_UFLIA/20230314-Jaroslav-Bendik-Certora/44289_e5a2e5c780236919ee6a_18_QF_UFLIA.smt2	unknown	sat	route-decline(unsupported:ingest:wide-integer-literal)	smtlib-ingest		108	{"file": "/nas3/data/axeyum/corpus/smtlib-2024/non-incremental/non-incremental/QF_UFLIA/20230314-Jaroslav-Bendik-Certora/44289_e5a2e5c780236919ee6a_18_QF_UFLIA.smt2", "status": "ingest-unsupported", "oracle": false, "front_door": "solve_smtlib", "verdict": "not-attempted", "route": "smtlib-ingest", 
/nas3/data/axeyum/corpus/smtlib-2024/non-incremental/non-incremental/QF_UFLIA/20230314-Jaroslav-Bendik-Certora/63058_64ab9a7ef7b6c3492507_22_QF_UFLIA.smt2	unknown	sat	route-decline(unsupported:ingest:wide-integer-literal)	smtlib-ingest		108	{"file": "/nas3/data/axeyum/corpus/smtlib-2024/non-incremental/non-incremental/QF_UFLIA/20230314-Jaroslav-Bendik-Certora/63058_64ab9a7ef7b6c3492507_22_QF_UFLIA.smt2", "status": "ingest-unsupported", "oracle": false, "front_door": "solve_smtlib", "verdict": "not-attempted", "route": "smtlib-ingest", 
/nas3/data/axeyum/corpus/smtlib-2024/non-incremental/non-incremental/QF_UFLIA/20230314-Jaroslav-Bendik-Certora/63058_aa742630eef64f949de269382c1f9035_25_UFLIA.smt2	unknown	unsat	route-decline(unsupported:ingest:wide-integer-literal)	smtlib-ingest		109	{"file": "/nas3/data/axeyum/corpus/smtlib-2024/non-incremental/non-incremental/QF_UFLIA/20230314-Jaroslav-Bendik-Certora/63058_aa742630eef64f949de269382c1f9035_25_UFLIA.smt2", "status": "ingest-unsupported", "oracle": false, "front_door": "solve_smtlib", "verdict": "not-attempted", "route": "smtlib-
/nas3/data/axeyum/corpus/smtlib-2024/non-incremental/non-incremental/QF_UFLIA/20230314-Jaroslav-Bendik-Certora/65782_cd31513fdcd15701933b_7_QF_UFLIA.smt2	unknown	sat	route-decline(unsupported:ingest:wide-integer-literal)	smtlib-ingest		110	{"file": "/nas3/data/axeyum/corpus/smtlib-2024/non-incremental/non-incremental/QF_UFLIA/20230314-Jaroslav-Bendik-Certora/65782_cd31513fdcd15701933b_7_QF_UFLIA.smt2", "status": "ingest-unsupported", "oracle": false, "front_door": "solve_smtlib", "verdict": "not-attempted", "route": "smtlib-ingest", "
/nas3/data/axeyum/corpus/smtlib-2024/non-incremental/non-incremental/QF_UFLIA/20230314-Jaroslav-Bendik-Certora/72771_f9d228efc97cf1458e38_64_QF_UFLIA.smt2	unknown	sat	route-decline(unsupported:ingest:wide-integer-literal)	smtlib-ingest		109	{"file": "/nas3/data/axeyum/corpus/smtlib-2024/non-incremental/non-incremental/QF_UFLIA/20230314-Jaroslav-Bendik-Certora/72771_f9d228efc97cf1458e38_64_QF_UFLIA.smt2", "status": "ingest-unsupported", "oracle": false, "front_door": "solve_smtlib", "verdict": "not-attempted", "route": "smtlib-ingest", 
/nas3/data/axeyum/corpus/smtlib-2024/non-incremental/non-incremental/QF_UFLIA/mathsat/EufLaArithmetic/hard/hard12.smt2	unsat	unsat	admission-decline(lazy function-consistency CEGAR inconclusive (applications=202, function_groups=)	uf-arith-lazy-overbound	uf-arith-lazy-overbound	24228	{"file": "/nas3/data/axeyum/corpus/smtlib-2024/non-incremental/non-incremental/QF_UFLIA/mathsat/EufLaArithmetic/hard/hard12.smt2", "status": "decided", "oracle": false, "front_door": "solve_smtlib", "verdict": "flat-unknown", "trace": {"schema_version": 1, "attempts": [{"route": "probe", "outcome": 
/nas3/data/axeyum/corpus/smtlib-2024/non-incremental/non-incremental/QF_UFLIA/mathsat/EufLaArithmetic/hard/hard15.smt2	unsat	unsat	search-timeout	uf-arith-lazy-overbound	uf-arith-lazy-overbound	24329	{"file": "/nas3/data/axeyum/corpus/smtlib-2024/non-incremental/non-incremental/QF_UFLIA/mathsat/EufLaArithmetic/hard/hard15.smt2", "status": "decided", "oracle": false, "front_door": "solve_smtlib", "verdict": "flat-unknown", "trace": {"schema_version": 1, "attempts": [{"route": "probe", "outcome": 
/nas3/data/axeyum/corpus/smtlib-2024/non-incremental/non-incremental/QF_UFLIA/mathsat/EufLaArithmetic/hard/hard18.smt2	unsat	unsat	search-timeout	uf-arith-lazy-overbound	uf-arith-lazy-overbound	24322	{"file": "/nas3/data/axeyum/corpus/smtlib-2024/non-incremental/non-incremental/QF_UFLIA/mathsat/EufLaArithmetic/hard/hard18.smt2", "status": "decided", "oracle": false, "front_door": "solve_smtlib", "verdict": "flat-unknown", "trace": {"schema_version": 1, "attempts": [{"route": "probe", "outcome": 
/nas3/data/axeyum/corpus/smtlib-2024/non-incremental/non-incremental/QF_UFLIA/mathsat/EufLaArithmetic/medium/medium10.smt2	unsat	unsat	search-timeout	uf-arith-lazy-overbound	uf-arith-lazy-overbound	24319	{"file": "/nas3/data/axeyum/corpus/smtlib-2024/non-incremental/non-incremental/QF_UFLIA/mathsat/EufLaArithmetic/medium/medium10.smt2", "status": "decided", "oracle": false, "front_door": "solve_smtlib", "verdict": "flat-unknown", "trace": {"schema_version": 1, "attempts": [{"route": "probe", "outcom
/nas3/data/axeyum/corpus/smtlib-2024/non-incremental/non-incremental/QF_UFLIA/mathsat/EufLaArithmetic/medium/medium13.smt2	unsat	unsat	search-timeout	uf-arith-lazy-overbound	uf-arith-lazy-overbound	24329	{"file": "/nas3/data/axeyum/corpus/smtlib-2024/non-incremental/non-incremental/QF_UFLIA/mathsat/EufLaArithmetic/medium/medium13.smt2", "status": "decided", "oracle": false, "front_door": "solve_smtlib", "verdict": "flat-unknown", "trace": {"schema_version": 1, "attempts": [{"route": "probe", "outcom
/nas3/data/axeyum/corpus/smtlib-2024/non-incremental/non-incremental/QF_UFLIA/mathsat/EufLaArithmetic/medium/medium16.smt2	unsat	unsat	search-timeout	uf-arith-lazy-overbound	uf-arith-lazy-overbound	24328	{"file": "/nas3/data/axeyum/corpus/smtlib-2024/non-incremental/non-incremental/QF_UFLIA/mathsat/EufLaArithmetic/medium/medium16.smt2", "status": "decided", "oracle": false, "front_door": "solve_smtlib", "verdict": "flat-unknown", "trace": {"schema_version": 1, "attempts": [{"route": "probe", "outcom
/nas3/data/axeyum/corpus/smtlib-2024/non-incremental/non-incremental/QF_UFLIA/mathsat/EufLaArithmetic/medium/medium19.smt2	unsat	unsat	search-timeout	uf-arith-lazy-overbound	uf-arith-lazy-overbound	24327	{"file": "/nas3/data/axeyum/corpus/smtlib-2024/non-incremental/non-incremental/QF_UFLIA/mathsat/EufLaArithmetic/medium/medium19.smt2", "status": "decided", "oracle": false, "front_door": "solve_smtlib", "verdict": "flat-unknown", "trace": {"schema_version": 1, "attempts": [{"route": "probe", "outcom
/nas3/data/axeyum/corpus/smtlib-2024/non-incremental/non-incremental/QF_UFLIA/mathsat/EufLaArithmetic/medium/medium9.smt2	unsat	unsat	search-timeout	uf-arith-lazy-overbound	uf-arith-lazy-overbound	24328	{"file": "/nas3/data/axeyum/corpus/smtlib-2024/non-incremental/non-incremental/QF_UFLIA/mathsat/EufLaArithmetic/medium/medium9.smt2", "status": "decided", "oracle": false, "front_door": "solve_smtlib", "verdict": "flat-unknown", "trace": {"schema_version": 1, "attempts": [{"route": "probe", "outcome
/nas3/data/axeyum/corpus/smtlib-2024/non-incremental/non-incremental/QF_UFLIA/mathsat/Hash/hash_sat_04_11.smt2	sat	sat	search-timeout	uf-arith-lazy-overbound	uf-arith-lazy-overbound	24327	{"file": "/nas3/data/axeyum/corpus/smtlib-2024/non-incremental/non-incremental/QF_UFLIA/mathsat/Hash/hash_sat_04_11.smt2", "status": "decided", "oracle": false, "front_door": "solve_smtlib", "verdict": "flat-unknown", "trace": {"schema_version": 1, "attempts": [{"route": "probe", "outcome": "probe",
/nas3/data/axeyum/corpus/smtlib-2024/non-incremental/non-incremental/QF_UFLIA/mathsat/Hash/hash_sat_04_14.smt2	sat	sat	search-timeout	uf-arith-lazy-overbound	uf-arith-lazy-overbound	24329	{"file": "/nas3/data/axeyum/corpus/smtlib-2024/non-incremental/non-incremental/QF_UFLIA/mathsat/Hash/hash_sat_04_14.smt2", "status": "decided", "oracle": false, "front_door": "solve_smtlib", "verdict": "flat-unknown", "trace": {"schema_version": 1, "attempts": [{"route": "probe", "outcome": "probe",
/nas3/data/axeyum/corpus/smtlib-2024/non-incremental/non-incremental/QF_UFLIA/mathsat/Hash/hash_sat_04_17.smt2	sat	sat	search-timeout	uf-arith-lazy-overbound	uf-arith-lazy-overbound	24323	{"file": "/nas3/data/axeyum/corpus/smtlib-2024/non-incremental/non-incremental/QF_UFLIA/mathsat/Hash/hash_sat_04_17.smt2", "status": "decided", "oracle": false, "front_door": "solve_smtlib", "verdict": "flat-unknown", "trace": {"schema_version": 1, "attempts": [{"route": "probe", "outcome": "probe",
/nas3/data/axeyum/corpus/smtlib-2024/non-incremental/non-incremental/QF_UFLIA/mathsat/Hash/hash_sat_05_05.smt2	sat	sat	search-timeout	uf-arith-lazy-overbound	uf-arith-lazy-overbound	24318	{"file": "/nas3/data/axeyum/corpus/smtlib-2024/non-incremental/non-incremental/QF_UFLIA/mathsat/Hash/hash_sat_05_05.smt2", "status": "decided", "oracle": false, "front_door": "solve_smtlib", "verdict": "flat-unknown", "trace": {"schema_version": 1, "attempts": [{"route": "probe", "outcome": "probe",
/nas3/data/axeyum/corpus/smtlib-2024/non-incremental/non-incremental/QF_UFLIA/mathsat/Hash/hash_sat_05_08.smt2	sat	sat	search-timeout	uf-arith-lazy-overbound	uf-arith-lazy-overbound	24329	{"file": "/nas3/data/axeyum/corpus/smtlib-2024/non-incremental/non-incremental/QF_UFLIA/mathsat/Hash/hash_sat_05_08.smt2", "status": "decided", "oracle": false, "front_door": "solve_smtlib", "verdict": "flat-unknown", "trace": {"schema_version": 1, "attempts": [{"route": "probe", "outcome": "probe",
/nas3/data/axeyum/corpus/smtlib-2024/non-incremental/non-incremental/QF_UFLIA/mathsat/Hash/hash_sat_05_11.smt2	sat	sat	search-timeout	uf-arith-lazy-overbound	uf-arith-lazy-overbound	24320	{"file": "/nas3/data/axeyum/corpus/smtlib-2024/non-incremental/non-incremental/QF_UFLIA/mathsat/Hash/hash_sat_05_11.smt2", "status": "decided", "oracle": false, "front_door": "solve_smtlib", "verdict": "flat-unknown", "trace": {"schema_version": 1, "attempts": [{"route": "probe", "outcome": "probe",
/nas3/data/axeyum/corpus/smtlib-2024/non-incremental/non-incremental/QF_UFLIA/mathsat/Hash/hash_sat_05_17.smt2	sat	sat	admission-decline(lazy function-consistency CEGAR inconclusive (applications=91, function_groups=1)	uf-arith-lazy-overbound	uf-arith-lazy-overbound	16815	{"file": "/nas3/data/axeyum/corpus/smtlib-2024/non-incremental/non-incremental/QF_UFLIA/mathsat/Hash/hash_sat_05_17.smt2", "status": "decided", "oracle": false, "front_door": "solve_smtlib", "verdict": "flat-unknown", "trace": {"schema_version": 1, "attempts": [{"route": "probe", "outcome": "probe",
/nas3/data/axeyum/corpus/smtlib-2024/non-incremental/non-incremental/QF_UFLIA/mathsat/Hash/hash_sat_05_20.smt2	sat	sat	admission-decline(lazy function-consistency CEGAR inconclusive (applications=106, function_groups=)	uf-arith-lazy-overbound	uf-arith-lazy-overbound	17017	{"file": "/nas3/data/axeyum/corpus/smtlib-2024/non-incremental/non-incremental/QF_UFLIA/mathsat/Hash/hash_sat_05_20.smt2", "status": "decided", "oracle": false, "front_door": "solve_smtlib", "verdict": "flat-unknown", "trace": {"schema_version": 1, "attempts": [{"route": "probe", "outcome": "probe",
/nas3/data/axeyum/corpus/smtlib-2024/non-incremental/non-incremental/QF_UFLIA/mathsat/Hash/hash_sat_06_05.smt2	sat	sat	search-timeout	uf-arith-lazy-overbound	uf-arith-lazy-overbound	24323	{"file": "/nas3/data/axeyum/corpus/smtlib-2024/non-incremental/non-incremental/QF_UFLIA/mathsat/Hash/hash_sat_06_05.smt2", "status": "decided", "oracle": false, "front_door": "solve_smtlib", "verdict": "flat-unknown", "trace": {"schema_version": 1, "attempts": [{"route": "probe", "outcome": "probe",
/nas3/data/axeyum/corpus/smtlib-2024/non-incremental/non-incremental/QF_UFLIA/mathsat/Hash/hash_sat_06_08.smt2	sat	sat	search-timeout	uf-arith-lazy-overbound	uf-arith-lazy-overbound	24322	{"file": "/nas3/data/axeyum/corpus/smtlib-2024/non-incremental/non-incremental/QF_UFLIA/mathsat/Hash/hash_sat_06_08.smt2", "status": "decided", "oracle": false, "front_door": "solve_smtlib", "verdict": "flat-unknown", "trace": {"schema_version": 1, "attempts": [{"route": "probe", "outcome": "probe",
/nas3/data/axeyum/corpus/smtlib-2024/non-incremental/non-incremental/QF_UFLIA/mathsat/Hash/hash_sat_06_11.smt2	sat	sat	search-timeout	uf-arith-lazy-overbound	uf-arith-lazy-overbound	24318	{"file": "/nas3/data/axeyum/corpus/smtlib-2024/non-incremental/non-incremental/QF_UFLIA/mathsat/Hash/hash_sat_06_11.smt2", "status": "decided", "oracle": false, "front_door": "solve_smtlib", "verdict": "flat-unknown", "trace": {"schema_version": 1, "attempts": [{"route": "probe", "outcome": "probe",
/nas3/data/axeyum/corpus/smtlib-2024/non-incremental/non-incremental/QF_UFLIA/mathsat/Hash/hash_sat_06_14.smt2	sat	sat	search-timeout	uf-arith-lazy-overbound	uf-arith-lazy-overbound	24325	{"file": "/nas3/data/axeyum/corpus/smtlib-2024/non-incremental/non-incremental/QF_UFLIA/mathsat/Hash/hash_sat_06_14.smt2", "status": "decided", "oracle": false, "front_door": "solve_smtlib", "verdict": "flat-unknown", "trace": {"schema_version": 1, "attempts": [{"route": "probe", "outcome": "probe",
/nas3/data/axeyum/corpus/smtlib-2024/non-incremental/non-incremental/QF_UFLIA/mathsat/Hash/hash_sat_06_17.smt2	sat	sat	search-timeout	uf-arith-lazy-overbound	uf-arith-lazy-overbound	24327	{"file": "/nas3/data/axeyum/corpus/smtlib-2024/non-incremental/non-incremental/QF_UFLIA/mathsat/Hash/hash_sat_06_17.smt2", "status": "decided", "oracle": false, "front_door": "solve_smtlib", "verdict": "flat-unknown", "trace": {"schema_version": 1, "attempts": [{"route": "probe", "outcome": "probe",
/nas3/data/axeyum/corpus/smtlib-2024/non-incremental/non-incremental/QF_UFLIA/mathsat/Hash/hash_sat_06_20.smt2	sat	sat	admission-decline(lazy function-consistency CEGAR inconclusive (applications=126, function_groups=)	uf-arith-lazy-overbound	uf-arith-lazy-overbound-pre-lia	109	{"file": "/nas3/data/axeyum/corpus/smtlib-2024/non-incremental/non-incremental/QF_UFLIA/mathsat/Hash/hash_sat_06_20.smt2", "status": "decided", "oracle": false, "front_door": "solve_smtlib", "verdict": "flat-unknown", "trace": {"schema_version": 1, "attempts": [{"route": "probe", "outcome": "probe",
/nas3/data/axeyum/corpus/smtlib-2024/non-incremental/non-incremental/QF_UFLIA/mathsat/Hash/hash_sat_07_05.smt2	sat	sat	search-timeout	uf-arith-lazy-overbound	uf-arith-lazy-overbound	24318	{"file": "/nas3/data/axeyum/corpus/smtlib-2024/non-incremental/non-incremental/QF_UFLIA/mathsat/Hash/hash_sat_07_05.smt2", "status": "decided", "oracle": false, "front_door": "solve_smtlib", "verdict": "flat-unknown", "trace": {"schema_version": 1, "attempts": [{"route": "probe", "outcome": "probe",
/nas3/data/axeyum/corpus/smtlib-2024/non-incremental/non-incremental/QF_UFLIA/mathsat/Hash/hash_sat_07_08.smt2	sat	sat	search-timeout	uf-arith-lazy-overbound	uf-arith-lazy-overbound	24329	{"file": "/nas3/data/axeyum/corpus/smtlib-2024/non-incremental/non-incremental/QF_UFLIA/mathsat/Hash/hash_sat_07_08.smt2", "status": "decided", "oracle": false, "front_door": "solve_smtlib", "verdict": "flat-unknown", "trace": {"schema_version": 1, "attempts": [{"route": "probe", "outcome": "probe",
/nas3/data/axeyum/corpus/smtlib-2024/non-incremental/non-incremental/QF_UFLIA/mathsat/Hash/hash_sat_07_11.smt2	sat	sat	search-timeout	uf-arith-lazy-overbound	uf-arith-lazy-overbound	24326	{"file": "/nas3/data/axeyum/corpus/smtlib-2024/non-incremental/non-incremental/QF_UFLIA/mathsat/Hash/hash_sat_07_11.smt2", "status": "decided", "oracle": false, "front_door": "solve_smtlib", "verdict": "flat-unknown", "trace": {"schema_version": 1, "attempts": [{"route": "probe", "outcome": "probe",
/nas3/data/axeyum/corpus/smtlib-2024/non-incremental/non-incremental/QF_UFLIA/mathsat/Hash/hash_sat_07_14.smt2	sat	sat	search-timeout	uf-arith-lazy-overbound	uf-arith-lazy-overbound	24329	{"file": "/nas3/data/axeyum/corpus/smtlib-2024/non-incremental/non-incremental/QF_UFLIA/mathsat/Hash/hash_sat_07_14.smt2", "status": "decided", "oracle": false, "front_door": "solve_smtlib", "verdict": "flat-unknown", "trace": {"schema_version": 1, "attempts": [{"route": "probe", "outcome": "probe",
/nas3/data/axeyum/corpus/smtlib-2024/non-incremental/non-incremental/QF_UFLIA/mathsat/Hash/hash_sat_07_17.smt2	sat	sat	admission-decline(lazy function-consistency CEGAR inconclusive (applications=125, function_groups=)	uf-arith-lazy-overbound	uf-arith-lazy-overbound-pre-lia	108	{"file": "/nas3/data/axeyum/corpus/smtlib-2024/non-incremental/non-incremental/QF_UFLIA/mathsat/Hash/hash_sat_07_17.smt2", "status": "decided", "oracle": false, "front_door": "solve_smtlib", "verdict": "flat-unknown", "trace": {"schema_version": 1, "attempts": [{"route": "probe", "outcome": "probe",
/nas3/data/axeyum/corpus/smtlib-2024/non-incremental/non-incremental/QF_UFLIA/mathsat/Hash/hash_sat_07_20.smt2	sat	sat	admission-decline(lazy function-consistency CEGAR inconclusive (applications=146, function_groups=)	uf-arith-lazy-overbound	uf-arith-lazy-overbound-pre-lia	109	{"file": "/nas3/data/axeyum/corpus/smtlib-2024/non-incremental/non-incremental/QF_UFLIA/mathsat/Hash/hash_sat_07_20.smt2", "status": "decided", "oracle": false, "front_door": "solve_smtlib", "verdict": "flat-unknown", "trace": {"schema_version": 1, "attempts": [{"route": "probe", "outcome": "probe",
/nas3/data/axeyum/corpus/smtlib-2024/non-incremental/non-incremental/QF_UFLIA/mathsat/Hash/hash_sat_08_05.smt2	sat	sat	search-timeout	uf-arith-lazy-overbound	uf-arith-lazy-overbound	24327	{"file": "/nas3/data/axeyum/corpus/smtlib-2024/non-incremental/non-incremental/QF_UFLIA/mathsat/Hash/hash_sat_08_05.smt2", "status": "decided", "oracle": false, "front_door": "solve_smtlib", "verdict": "flat-unknown", "trace": {"schema_version": 1, "attempts": [{"route": "probe", "outcome": "probe",
/nas3/data/axeyum/corpus/smtlib-2024/non-incremental/non-incremental/QF_UFLIA/mathsat/Hash/hash_sat_08_08.smt2	sat	sat	search-timeout	uf-arith-lazy-overbound	uf-arith-lazy-overbound	24327	{"file": "/nas3/data/axeyum/corpus/smtlib-2024/non-incremental/non-incremental/QF_UFLIA/mathsat/Hash/hash_sat_08_08.smt2", "status": "decided", "oracle": false, "front_door": "solve_smtlib", "verdict": "flat-unknown", "trace": {"schema_version": 1, "attempts": [{"route": "probe", "outcome": "probe",
/nas3/data/axeyum/corpus/smtlib-2024/non-incremental/non-incremental/QF_UFLIA/mathsat/Hash/hash_sat_08_11.smt2	sat	sat	admission-decline(lazy function-consistency CEGAR inconclusive (applications=94, function_groups=1)	uf-arith-lazy-overbound	uf-arith-lazy-overbound-pre-lia	110	{"file": "/nas3/data/axeyum/corpus/smtlib-2024/non-incremental/non-incremental/QF_UFLIA/mathsat/Hash/hash_sat_08_11.smt2", "status": "decided", "oracle": false, "front_door": "solve_smtlib", "verdict": "flat-unknown", "trace": {"schema_version": 1, "attempts": [{"route": "probe", "outcome": "probe",
/nas3/data/axeyum/corpus/smtlib-2024/non-incremental/non-incremental/QF_UFLIA/mathsat/Hash/hash_sat_08_14.smt2	sat	sat	admission-decline(lazy function-consistency CEGAR inconclusive (applications=118, function_groups=)	uf-arith-lazy-overbound	uf-arith-lazy-overbound-pre-lia	111	{"file": "/nas3/data/axeyum/corpus/smtlib-2024/non-incremental/non-incremental/QF_UFLIA/mathsat/Hash/hash_sat_08_14.smt2", "status": "decided", "oracle": false, "front_door": "solve_smtlib", "verdict": "flat-unknown", "trace": {"schema_version": 1, "attempts": [{"route": "probe", "outcome": "probe",
/nas3/data/axeyum/corpus/smtlib-2024/non-incremental/non-incremental/QF_UFLIA/mathsat/Hash/hash_sat_08_17.smt2	sat	sat	admission-decline(lazy function-consistency CEGAR inconclusive (applications=142, function_groups=)	uf-arith-lazy-overbound	uf-arith-lazy-overbound-pre-lia	112	{"file": "/nas3/data/axeyum/corpus/smtlib-2024/non-incremental/non-incremental/QF_UFLIA/mathsat/Hash/hash_sat_08_17.smt2", "status": "decided", "oracle": false, "front_door": "solve_smtlib", "verdict": "flat-unknown", "trace": {"schema_version": 1, "attempts": [{"route": "probe", "outcome": "probe",
/nas3/data/axeyum/corpus/smtlib-2024/non-incremental/non-incremental/QF_UFLIA/mathsat/Hash/hash_sat_08_20.smt2	sat	sat	admission-decline(lazy function-consistency CEGAR inconclusive (applications=166, function_groups=)	uf-arith-lazy-overbound	uf-arith-lazy-overbound-pre-lia	112	{"file": "/nas3/data/axeyum/corpus/smtlib-2024/non-incremental/non-incremental/QF_UFLIA/mathsat/Hash/hash_sat_08_20.smt2", "status": "decided", "oracle": false, "front_door": "solve_smtlib", "verdict": "flat-unknown", "trace": {"schema_version": 1, "attempts": [{"route": "probe", "outcome": "probe",
/nas3/data/axeyum/corpus/smtlib-2024/non-incremental/non-incremental/QF_UFLIA/mathsat/Hash/hash_sat_09_05.smt2	sat	sat	search-timeout	uf-arith-lazy-overbound	uf-arith-lazy-overbound	24334	{"file": "/nas3/data/axeyum/corpus/smtlib-2024/non-incremental/non-incremental/QF_UFLIA/mathsat/Hash/hash_sat_09_05.smt2", "status": "decided", "oracle": false, "front_door": "solve_smtlib", "verdict": "flat-unknown", "trace": {"schema_version": 1, "attempts": [{"route": "probe", "outcome": "probe",
/nas3/data/axeyum/corpus/smtlib-2024/non-incremental/non-incremental/QF_UFLIA/mathsat/Hash/hash_sat_09_08.smt2	sat	sat	search-timeout	uf-arith-lazy-overbound	uf-arith-lazy-overbound	24335	{"file": "/nas3/data/axeyum/corpus/smtlib-2024/non-incremental/non-incremental/QF_UFLIA/mathsat/Hash/hash_sat_09_08.smt2", "status": "decided", "oracle": false, "front_door": "solve_smtlib", "verdict": "flat-unknown", "trace": {"schema_version": 1, "attempts": [{"route": "probe", "outcome": "probe",
/nas3/data/axeyum/corpus/smtlib-2024/non-incremental/non-incremental/QF_UFLIA/mathsat/Hash/hash_sat_09_11.smt2	sat	sat	admission-decline(lazy function-consistency CEGAR inconclusive (applications=105, function_groups=)	uf-arith-lazy-overbound	uf-arith-lazy-overbound-pre-lia	111	{"file": "/nas3/data/axeyum/corpus/smtlib-2024/non-incremental/non-incremental/QF_UFLIA/mathsat/Hash/hash_sat_09_11.smt2", "status": "decided", "oracle": false, "front_door": "solve_smtlib", "verdict": "flat-unknown", "trace": {"schema_version": 1, "attempts": [{"route": "probe", "outcome": "probe",
/nas3/data/axeyum/corpus/smtlib-2024/non-incremental/non-incremental/QF_UFLIA/mathsat/Hash/hash_sat_09_14.smt2	sat	sat	admission-decline(lazy function-consistency CEGAR inconclusive (applications=132, function_groups=)	uf-arith-lazy-overbound	uf-arith-lazy-overbound-pre-lia	111	{"file": "/nas3/data/axeyum/corpus/smtlib-2024/non-incremental/non-incremental/QF_UFLIA/mathsat/Hash/hash_sat_09_14.smt2", "status": "decided", "oracle": false, "front_door": "solve_smtlib", "verdict": "flat-unknown", "trace": {"schema_version": 1, "attempts": [{"route": "probe", "outcome": "probe",
/nas3/data/axeyum/corpus/smtlib-2024/non-incremental/non-incremental/QF_UFLIA/mathsat/Hash/hash_sat_09_17.smt2	sat	sat	admission-decline(lazy function-consistency CEGAR inconclusive (applications=159, function_groups=)	uf-arith-lazy-overbound	uf-arith-lazy-overbound-pre-lia	109	{"file": "/nas3/data/axeyum/corpus/smtlib-2024/non-incremental/non-incremental/QF_UFLIA/mathsat/Hash/hash_sat_09_17.smt2", "status": "decided", "oracle": false, "front_door": "solve_smtlib", "verdict": "flat-unknown", "trace": {"schema_version": 1, "attempts": [{"route": "probe", "outcome": "probe",
/nas3/data/axeyum/corpus/smtlib-2024/non-incremental/non-incremental/QF_UFLIA/mathsat/Hash/hash_sat_09_20.smt2	sat	sat	admission-decline(lazy function-consistency CEGAR inconclusive (applications=186, function_groups=)	uf-arith-lazy-overbound	uf-arith-lazy-overbound-pre-lia	107	{"file": "/nas3/data/axeyum/corpus/smtlib-2024/non-incremental/non-incremental/QF_UFLIA/mathsat/Hash/hash_sat_09_20.smt2", "status": "decided", "oracle": false, "front_door": "solve_smtlib", "verdict": "flat-unknown", "trace": {"schema_version": 1, "attempts": [{"route": "probe", "outcome": "probe",
/nas3/data/axeyum/corpus/smtlib-2024/non-incremental/non-incremental/QF_UFLIA/mathsat/Hash/hash_sat_10_05.smt2	sat	sat	search-timeout	uf-arith-lazy-overbound	uf-arith-lazy-overbound	24331	{"file": "/nas3/data/axeyum/corpus/smtlib-2024/non-incremental/non-incremental/QF_UFLIA/mathsat/Hash/hash_sat_10_05.smt2", "status": "decided", "oracle": false, "front_door": "solve_smtlib", "verdict": "flat-unknown", "trace": {"schema_version": 1, "attempts": [{"route": "probe", "outcome": "probe",
/nas3/data/axeyum/corpus/smtlib-2024/non-incremental/non-incremental/QF_UFLIA/mathsat/Hash/hash_sat_10_08.smt2	sat	sat	admission-decline(lazy function-consistency CEGAR inconclusive (applications=86, function_groups=8)	uf-arith-lazy-overbound	uf-arith-lazy-overbound-pre-lia	107	{"file": "/nas3/data/axeyum/corpus/smtlib-2024/non-incremental/non-incremental/QF_UFLIA/mathsat/Hash/hash_sat_10_08.smt2", "status": "decided", "oracle": false, "front_door": "solve_smtlib", "verdict": "flat-unknown", "trace": {"schema_version": 1, "attempts": [{"route": "probe", "outcome": "probe",
/nas3/data/axeyum/corpus/smtlib-2024/non-incremental/non-incremental/QF_UFLIA/mathsat/Hash/hash_sat_10_11.smt2	sat	sat	admission-decline(lazy function-consistency CEGAR inconclusive (applications=116, function_groups=)	uf-arith-lazy-overbound	uf-arith-lazy-overbound-pre-lia	108	{"file": "/nas3/data/axeyum/corpus/smtlib-2024/non-incremental/non-incremental/QF_UFLIA/mathsat/Hash/hash_sat_10_11.smt2", "status": "decided", "oracle": false, "front_door": "solve_smtlib", "verdict": "flat-unknown", "trace": {"schema_version": 1, "attempts": [{"route": "probe", "outcome": "probe",
/nas3/data/axeyum/corpus/smtlib-2024/non-incremental/non-incremental/QF_UFLIA/mathsat/Hash/hash_sat_10_14.smt2	sat	sat	admission-decline(lazy function-consistency CEGAR inconclusive (applications=146, function_groups=)	uf-arith-lazy-overbound	uf-arith-lazy-overbound-pre-lia	107	{"file": "/nas3/data/axeyum/corpus/smtlib-2024/non-incremental/non-incremental/QF_UFLIA/mathsat/Hash/hash_sat_10_14.smt2", "status": "decided", "oracle": false, "front_door": "solve_smtlib", "verdict": "flat-unknown", "trace": {"schema_version": 1, "attempts": [{"route": "probe", "outcome": "probe",
/nas3/data/axeyum/corpus/smtlib-2024/non-incremental/non-incremental/QF_UFLIA/mathsat/Hash/hash_sat_10_17.smt2	sat	sat	admission-decline(lazy function-consistency CEGAR inconclusive (applications=176, function_groups=)	uf-arith-lazy-overbound	uf-arith-lazy-overbound-pre-lia	108	{"file": "/nas3/data/axeyum/corpus/smtlib-2024/non-incremental/non-incremental/QF_UFLIA/mathsat/Hash/hash_sat_10_17.smt2", "status": "decided", "oracle": false, "front_door": "solve_smtlib", "verdict": "flat-unknown", "trace": {"schema_version": 1, "attempts": [{"route": "probe", "outcome": "probe",
/nas3/data/axeyum/corpus/smtlib-2024/non-incremental/non-incremental/QF_UFLIA/mathsat/Hash/hash_sat_10_20.smt2	sat	sat	admission-decline(lazy function-consistency CEGAR inconclusive (applications=206, function_groups=)	uf-arith-lazy-overbound	uf-arith-lazy-overbound-pre-lia	108	{"file": "/nas3/data/axeyum/corpus/smtlib-2024/non-incremental/non-incremental/QF_UFLIA/mathsat/Hash/hash_sat_10_20.smt2", "status": "decided", "oracle": false, "front_door": "solve_smtlib", "verdict": "flat-unknown", "trace": {"schema_version": 1, "attempts": [{"route": "probe", "outcome": "probe",
/nas3/data/axeyum/corpus/smtlib-2024/non-incremental/non-incremental/QF_UFLIA/mathsat/Hash/hash_uns_04_14.smt2	unsat	unsat	search-timeout	uf-arith-lazy-overbound	uf-arith-lazy-overbound	24321	{"file": "/nas3/data/axeyum/corpus/smtlib-2024/non-incremental/non-incremental/QF_UFLIA/mathsat/Hash/hash_uns_04_14.smt2", "status": "decided", "oracle": false, "front_door": "solve_smtlib", "verdict": "flat-unknown", "trace": {"schema_version": 1, "attempts": [{"route": "probe", "outcome": "probe",
/nas3/data/axeyum/corpus/smtlib-2024/non-incremental/non-incremental/QF_UFLIA/mathsat/Hash/hash_uns_05_08.smt2	unsat	unsat	search-timeout	uf-arith-lazy-overbound	uf-arith-lazy-overbound	24322	{"file": "/nas3/data/axeyum/corpus/smtlib-2024/non-incremental/non-incremental/QF_UFLIA/mathsat/Hash/hash_uns_05_08.smt2", "status": "decided", "oracle": false, "front_door": "solve_smtlib", "verdict": "flat-unknown", "trace": {"schema_version": 1, "attempts": [{"route": "probe", "outcome": "probe",
/nas3/data/axeyum/corpus/smtlib-2024/non-incremental/non-incremental/QF_UFLIA/mathsat/Hash/hash_uns_05_11.smt2	unsat	unsat	search-timeout	uf-arith-lazy-overbound	uf-arith-lazy-overbound	24322	{"file": "/nas3/data/axeyum/corpus/smtlib-2024/non-incremental/non-incremental/QF_UFLIA/mathsat/Hash/hash_uns_05_11.smt2", "status": "decided", "oracle": false, "front_door": "solve_smtlib", "verdict": "flat-unknown", "trace": {"schema_version": 1, "attempts": [{"route": "probe", "outcome": "probe",
/nas3/data/axeyum/corpus/smtlib-2024/non-incremental/non-incremental/QF_UFLIA/wisas/xs_19_29.smt2	sat	sat	search-timeout	uf-arith-lazy-overbound	uf-arith-lazy-overbound	24323	{"file": "/nas3/data/axeyum/corpus/smtlib-2024/non-incremental/non-incremental/QF_UFLIA/wisas/xs_19_29.smt2", "status": "decided", "oracle": false, "front_door": "solve_smtlib", "verdict": "flat-unknown", "trace": {"schema_version": 1, "attempts": [{"route": "probe", "outcome": "probe", "detail": "f
/nas3/data/axeyum/corpus/smtlib-2024/non-incremental/non-incremental/QF_UFLIA/wisas/xs_24_34.smt2	sat	sat	admission-decline(lazy function-consistency CEGAR inconclusive (applications=81, function_groups=3)	uf-arith-lazy-overbound	uf-arith-lazy-overbound	12418	{"file": "/nas3/data/axeyum/corpus/smtlib-2024/non-incremental/non-incremental/QF_UFLIA/wisas/xs_24_34.smt2", "status": "decided", "oracle": false, "front_door": "solve_smtlib", "verdict": "flat-unknown", "trace": {"schema_version": 1, "attempts": [{"route": "probe", "outcome": "probe", "detail": "f
/nas3/data/axeyum/corpus/smtlib-2024/non-incremental/non-incremental/QF_UFLIA/wisas/xs_25_35.smt2	sat	sat	admission-decline(lazy function-consistency CEGAR inconclusive (applications=84, function_groups=3)	uf-arith-lazy-overbound	uf-arith-lazy-overbound	6913	{"file": "/nas3/data/axeyum/corpus/smtlib-2024/non-incremental/non-incremental/QF_UFLIA/wisas/xs_25_35.smt2", "status": "decided", "oracle": false, "front_door": "solve_smtlib", "verdict": "flat-unknown", "trace": {"schema_version": 1, "attempts": [{"route": "probe", "outcome": "probe", "detail": "f
