index	colours	verdict	solve_s	steps	adds	check	check_s
1	1,1,1,1,2	unsat	0.005	1	1	passed	0.006
2	1,1,1,1,3	unsat	0.006	1	1	passed	0.006
0	1,1,1,1,1	unsat	0.006	1	1	passed	0.007
3	1,1,1,1,4	unsat	0.004	1	1	passed	0.008
4	1,1,1,2,1	unsat	0.004	1	1	passed	0.008
5	1,1,1,2,2	unsat	0.004	1	1	passed	0.007
6	1,1,1,2,3	unsat	0.004	1	1	passed	0.006
8	1,1,1,3,1	unsat	0.003	1	1	passed	0.005
7	1,1,1,2,4	unsat	0.011	1	1	passed	0.006
9	1,1,1,3,2	unsat	0.002	1	1	passed	0.005
10	1,1,1,3,3	unsat	0.002	1	1	passed	0.006
11	1,1,1,3,4	unsat	0.002	1	1	passed	0.006
12	1,1,1,4,1	unsat	0.003	1	1	passed	0.006
13	1,1,1,4,2	unsat	0.003	1	1	passed	0.005
14	1,1,1,4,3	unsat	0.002	1	1	passed	0.006
15	1,1,1,4,4	unsat	0.002	1	1	passed	0.005
17	1,1,2,1,2	unsat	70.341	2836333	1435562	deferred	0.000
19	1,1,2,1,4	unsat	0.003	1	1	passed	0.008
20	1,1,2,2,1	unsat	31.779	1519522	773066	deferred	0.000
21	1,1,2,2,2	unsat	25.715	1279486	647978	deferred	0.000
18	1,1,2,1,3	unsat	136.112	4931204	2485356	deferred	0.000
23	1,1,2,2,4	unsat	0.003	1	1	passed	0.008
22	1,1,2,2,3	unsat	19.440	1046609	533003	deferred	0.000
16	1,1,2,1,1	unsat	162.146	5384527	2719105	deferred	0.000
25	1,1,2,3,2	unsat	47.328	2211900	1119293	deferred	0.000
26	1,1,2,3,3	unsat	126.691	4729123	2388996	deferred	0.000
28	1,1,2,4,1	unsat	0.003	1	1	passed	0.008
29	1,1,2,4,2	unsat	0.003	1	1	passed	0.008
30	1,1,2,4,3	unsat	0.003	1	1	passed	0.008
31	1,1,2,4,4	unsat	0.003	1	1	passed	0.008
32	1,1,3,1,1	unsat	0.003	1	1	passed	0.008
33	1,1,3,1,2	unsat	0.003	1	1	passed	0.008
34	1,1,3,1,3	unsat	0.003	1	1	passed	0.008
35	1,1,3,1,4	unsat	0.003	1	1	passed	0.008
36	1,1,3,2,1	unsat	0.003	1	1	passed	0.008
37	1,1,3,2,2	unsat	0.003	1	1	passed	0.008
38	1,1,3,2,3	unsat	0.003	1	1	passed	0.008
39	1,1,3,2,4	unsat	0.003	1	1	passed	0.008
40	1,1,3,3,1	unsat	0.003	1	1	passed	0.008
41	1,1,3,3,2	unsat	0.003	1	1	passed	0.008
42	1,1,3,3,3	unsat	0.003	1	1	passed	0.008
43	1,1,3,3,4	unsat	0.003	1	1	passed	0.008
44	1,1,3,4,1	unsat	0.003	1	1	passed	0.008
45	1,1,3,4,2	unsat	0.003	1	1	passed	0.008
46	1,1,3,4,3	unsat	0.003	1	1	passed	0.008
47	1,1,3,4,4	unsat	0.003	1	1	passed	0.008
48	1,1,4,1,1	unsat	0.003	1	1	passed	0.008
49	1,1,4,1,2	unsat	0.003	1	1	passed	0.008
50	1,1,4,1,3	unsat	0.003	1	1	passed	0.008
51	1,1,4,1,4	unsat	0.003	1	1	passed	0.008
52	1,1,4,2,1	unsat	0.003	1	1	passed	0.008
53	1,1,4,2,2	unsat	0.003	1	1	passed	0.008
54	1,1,4,2,3	unsat	0.003	1	1	passed	0.008
55	1,1,4,2,4	unsat	0.003	1	1	passed	0.008
56	1,1,4,3,1	unsat	0.003	1	1	passed	0.008
57	1,1,4,3,2	unsat	0.003	1	1	passed	0.008
58	1,1,4,3,3	unsat	0.003	1	1	passed	0.008
59	1,1,4,3,4	unsat	0.003	1	1	passed	0.008
60	1,1,4,4,1	unsat	0.003	1	1	passed	0.008
61	1,1,4,4,2	unsat	0.003	1	1	passed	0.008
62	1,1,4,4,3	unsat	0.003	1	1	passed	0.008
63	1,1,4,4,4	unsat	0.003	1	1	passed	0.008
64	1,2,1,1,1	unsat	0.003	1	1	passed	0.005
65	1,2,1,1,2	unsat	0.003	1	1	passed	0.005
66	1,2,1,1,3	unsat	0.003	1	1	passed	0.005
67	1,2,1,1,4	unsat	0.003	1	1	passed	0.005
68	1,2,1,2,1	unsat	0.003	1	1	passed	0.005
69	1,2,1,2,2	unsat	0.003	1	1	passed	0.006
70	1,2,1,2,3	unsat	0.003	1	1	passed	0.005
71	1,2,1,2,4	unsat	0.003	1	1	passed	0.005
72	1,2,1,3,1	unsat	0.003	1	1	passed	0.006
73	1,2,1,3,2	unsat	0.003	1	1	passed	0.006
74	1,2,1,3,3	unsat	0.003	1	1	passed	0.006
75	1,2,1,3,4	unsat	0.003	1	1	passed	0.005
76	1,2,1,4,1	unsat	0.003	1	1	passed	0.005
77	1,2,1,4,2	unsat	0.003	1	1	passed	0.005
78	1,2,1,4,3	unsat	0.003	1	1	passed	0.005
79	1,2,1,4,4	unsat	0.003	1	1	passed	0.006
27	1,1,2,3,4	unsat	107.631	4152846	2095698	deferred	0.000
81	1,2,2,1,2	unsat	0.003	1	1	passed	0.005
24	1,1,2,3,1	unsat	177.081	6132621	3086426	deferred	0.000
83	1,2,2,1,4	unsat	0.003	1	1	passed	0.009
80	1,2,2,1,1	unsat	47.230	2166790	1092626	deferred	0.000
85	1,2,2,2,2	unsat	0.003	1	1	passed	0.006
84	1,2,2,2,1	unsat	26.875	1365118	692377	deferred	0.000
87	1,2,2,2,4	unsat	0.003	1	1	passed	0.008
86	1,2,2,2,3	unsat	15.427	814405	418046	deferred	0.000
89	1,2,2,3,2	unsat	0.003	1	1	passed	0.005
82	1,2,2,1,3	unsat	53.204	2428010	1223845	deferred	0.000
88	1,2,2,3,1	unsat	43.648	2004280	1017501	deferred	0.000
92	1,2,2,4,1	unsat	0.003	1	1	passed	0.008
93	1,2,2,4,2	unsat	0.003	1	1	passed	0.005
94	1,2,2,4,3	unsat	0.003	1	1	passed	0.008
95	1,2,2,4,4	unsat	0.003	1	1	passed	0.008
91	1,2,2,3,4	unsat	29.903	1489390	758400	deferred	0.000
90	1,2,2,3,3	unsat	50.279	2314976	1166974	deferred	0.000
98	1,2,3,1,3	unsat	56.439	2502177	1261928	deferred	0.000
96	1,2,3,1,1	unsat	199.039	6559985	3301417	deferred	0.000
97	1,2,3,1,2	unsat	202.071	6614235	3323160	deferred	0.000
99	1,2,3,1,4	unsat	131.251	4606216	2319016	deferred	0.000
102	1,2,3,2,3	unsat	38.816	1831088	927560	deferred	0.000
101	1,2,3,2,2	unsat	128.569	4892534	2473342	deferred	0.000
100	1,2,3,2,1	unsat	146.115	5388738	2720853	deferred	0.000
103	1,2,3,2,4	unsat	127.236	4730930	2391017	deferred	0.000
104	1,2,3,3,1	unsat	42.932	2041945	1038372	deferred	0.000
105	1,2,3,3,2	unsat	30.476	1519790	773284	deferred	0.000
107	1,2,3,3,4	unsat	15.717	925647	472823	deferred	0.000
106	1,2,3,3,3	unsat	37.253	1859153	941045	deferred	0.000
110	1,2,3,4,3	unsat	31.512	1579317	803046	deferred	0.000
109	1,2,3,4,2	unsat	115.318	4300085	2167974	deferred	0.000
112	1,2,4,1,1	unsat	0.003	1	1	passed	0.008
113	1,2,4,1,2	unsat	0.003	1	1	passed	0.008
114	1,2,4,1,3	unsat	0.003	1	1	passed	0.008
115	1,2,4,1,4	unsat	0.003	1	1	passed	0.008
116	1,2,4,2,1	unsat	0.003	1	1	passed	0.008
117	1,2,4,2,2	unsat	0.003	1	1	passed	0.008
118	1,2,4,2,3	unsat	0.003	1	1	passed	0.008
119	1,2,4,2,4	unsat	0.003	1	1	passed	0.008
120	1,2,4,3,1	unsat	0.003	1	1	passed	0.008
121	1,2,4,3,2	unsat	0.003	1	1	passed	0.008
122	1,2,4,3,3	unsat	0.003	1	1	passed	0.008
123	1,2,4,3,4	unsat	0.003	1	1	passed	0.008
124	1,2,4,4,1	unsat	0.003	1	1	passed	0.008
125	1,2,4,4,2	unsat	0.003	1	1	passed	0.008
126	1,2,4,4,3	unsat	0.003	1	1	passed	0.008
127	1,2,4,4,4	unsat	0.003	1	1	passed	0.008
128	1,3,1,1,1	unsat	0.003	1	1	passed	0.005
129	1,3,1,1,2	unsat	0.003	1	1	passed	0.006
130	1,3,1,1,3	unsat	0.003	1	1	passed	0.005
131	1,3,1,1,4	unsat	0.003	1	1	passed	0.005
132	1,3,1,2,1	unsat	0.003	1	1	passed	0.005
133	1,3,1,2,2	unsat	0.003	1	1	passed	0.006
134	1,3,1,2,3	unsat	0.003	1	1	passed	0.006
135	1,3,1,2,4	unsat	0.003	1	1	passed	0.005
136	1,3,1,3,1	unsat	0.003	1	1	passed	0.005
137	1,3,1,3,2	unsat	0.003	1	1	passed	0.006
138	1,3,1,3,3	unsat	0.003	1	1	passed	0.006
139	1,3,1,3,4	unsat	0.003	1	1	passed	0.006
140	1,3,1,4,1	unsat	0.003	1	1	passed	0.005
141	1,3,1,4,2	unsat	0.004	1	1	passed	0.008
142	1,3,1,4,3	unsat	0.003	1	1	passed	0.006
143	1,3,1,4,4	unsat	0.003	1	1	passed	0.005
144	1,3,2,1,1	unsat	0.003	1	1	passed	0.008
145	1,3,2,1,2	unsat	0.003	1	1	passed	0.008
146	1,3,2,1,3	unsat	0.003	1	1	passed	0.008
147	1,3,2,1,4	unsat	0.003	1	1	passed	0.008
148	1,3,2,2,1	unsat	0.003	1	1	passed	0.008
149	1,3,2,2,2	unsat	0.003	1	1	passed	0.008
150	1,3,2,2,3	unsat	0.003	1	1	passed	0.008
151	1,3,2,2,4	unsat	0.004	1	1	passed	0.008
152	1,3,2,3,1	unsat	0.003	1	1	passed	0.010
153	1,3,2,3,2	unsat	0.003	1	1	passed	0.008
154	1,3,2,3,3	unsat	0.003	1	1	passed	0.014
155	1,3,2,3,4	unsat	0.005	1	1	passed	0.009
156	1,3,2,4,1	unsat	0.003	1	1	passed	0.010
157	1,3,2,4,2	unsat	0.003	1	1	passed	0.008
158	1,3,2,4,3	unsat	0.005	1	1	passed	0.011
159	1,3,2,4,4	unsat	0.003	1	1	passed	0.008
160	1,3,3,1,1	unsat	0.003	1	1	passed	0.008
161	1,3,3,1,2	unsat	0.003	1	1	passed	0.008
162	1,3,3,1,3	unsat	0.003	1	1	passed	0.005
163	1,3,3,1,4	unsat	0.003	1	1	passed	0.009
164	1,3,3,2,1	unsat	0.003	1	1	passed	0.008
165	1,3,3,2,2	unsat	0.003	1	1	passed	0.009
166	1,3,3,2,3	unsat	0.003	1	1	passed	0.006
167	1,3,3,2,4	unsat	0.003	1	1	passed	0.009
168	1,3,3,3,1	unsat	0.003	1	1	passed	0.008
169	1,3,3,3,2	unsat	0.003	1	1	passed	0.009
170	1,3,3,3,3	unsat	0.003	1	1	passed	0.005
171	1,3,3,3,4	unsat	0.003	1	1	passed	0.008
172	1,3,3,4,1	unsat	0.003	1	1	passed	0.008
173	1,3,3,4,2	unsat	0.003	1	1	passed	0.009
174	1,3,3,4,3	unsat	0.003	1	1	passed	0.005
175	1,3,3,4,4	unsat	0.003	1	1	passed	0.008
176	1,3,4,1,1	unsat	0.003	1	1	passed	0.008
177	1,3,4,1,2	unsat	0.003	1	1	passed	0.009
178	1,3,4,1,3	unsat	0.003	1	1	passed	0.009
179	1,3,4,1,4	unsat	0.003	1	1	passed	0.008
180	1,3,4,2,1	unsat	0.003	1	1	passed	0.009
181	1,3,4,2,2	unsat	0.003	1	1	passed	0.008
182	1,3,4,2,3	unsat	0.003	1	1	passed	0.008
183	1,3,4,2,4	unsat	0.003	1	1	passed	0.008
184	1,3,4,3,1	unsat	0.003	1	1	passed	0.008
185	1,3,4,3,2	unsat	0.003	1	1	passed	0.008
186	1,3,4,3,3	unsat	0.003	1	1	passed	0.008
187	1,3,4,3,4	unsat	0.003	1	1	passed	0.008
188	1,3,4,4,1	unsat	0.003	1	1	passed	0.008
189	1,3,4,4,2	unsat	0.003	1	1	passed	0.008
190	1,3,4,4,3	unsat	0.003	1	1	passed	0.008
191	1,3,4,4,4	unsat	0.003	1	1	passed	0.008
192	1,4,1,1,1	unsat	0.003	1	1	passed	0.005
193	1,4,1,1,2	unsat	0.003	1	1	passed	0.005
194	1,4,1,1,3	unsat	0.003	1	1	passed	0.005
195	1,4,1,1,4	unsat	0.003	1	1	passed	0.005
196	1,4,1,2,1	unsat	0.003	1	1	passed	0.005
197	1,4,1,2,2	unsat	0.002	1	1	passed	0.005
198	1,4,1,2,3	unsat	0.003	1	1	passed	0.005
199	1,4,1,2,4	unsat	0.003	1	1	passed	0.005
200	1,4,1,3,1	unsat	0.003	1	1	passed	0.005
201	1,4,1,3,2	unsat	0.003	1	1	passed	0.005
202	1,4,1,3,3	unsat	0.003	1	1	passed	0.006
203	1,4,1,3,4	unsat	0.003	1	1	passed	0.006
204	1,4,1,4,1	unsat	0.003	1	1	passed	0.005
205	1,4,1,4,2	unsat	0.003	1	1	passed	0.006
206	1,4,1,4,3	unsat	0.003	1	1	passed	0.005
207	1,4,1,4,4	unsat	0.003	1	1	passed	0.006
208	1,4,2,1,1	unsat	0.003	1	1	passed	0.006
209	1,4,2,1,2	unsat	0.003	1	1	passed	0.006
210	1,4,2,1,3	unsat	0.003	1	1	passed	0.005
211	1,4,2,1,4	unsat	0.003	1	1	passed	0.005
212	1,4,2,2,1	unsat	0.003	1	1	passed	0.005
213	1,4,2,2,2	unsat	0.003	1	1	passed	0.006
214	1,4,2,2,3	unsat	0.003	1	1	passed	0.005
215	1,4,2,2,4	unsat	0.003	1	1	passed	0.005
216	1,4,2,3,1	unsat	0.003	1	1	passed	0.005
217	1,4,2,3,2	unsat	0.003	1	1	passed	0.005
218	1,4,2,3,3	unsat	0.003	1	1	passed	0.005
219	1,4,2,3,4	unsat	0.003	1	1	passed	0.006
220	1,4,2,4,1	unsat	0.003	1	1	passed	0.006
221	1,4,2,4,2	unsat	0.003	1	1	passed	0.005
222	1,4,2,4,3	unsat	0.003	1	1	passed	0.005
223	1,4,2,4,4	unsat	0.003	1	1	passed	0.005
224	1,4,3,1,1	unsat	0.003	1	1	passed	0.005
225	1,4,3,1,2	unsat	0.003	1	1	passed	0.005
226	1,4,3,1,3	unsat	0.003	1	1	passed	0.005
227	1,4,3,1,4	unsat	0.003	1	1	passed	0.006
228	1,4,3,2,1	unsat	0.003	1	1	passed	0.006
229	1,4,3,2,2	unsat	0.003	1	1	passed	0.005
230	1,4,3,2,3	unsat	0.003	1	1	passed	0.005
231	1,4,3,2,4	unsat	0.003	1	1	passed	0.005
232	1,4,3,3,1	unsat	0.003	1	1	passed	0.006
233	1,4,3,3,2	unsat	0.003	1	1	passed	0.005
234	1,4,3,3,3	unsat	0.003	1	1	passed	0.005
235	1,4,3,3,4	unsat	0.002	1	1	passed	0.005
236	1,4,3,4,1	unsat	0.003	1	1	passed	0.005
237	1,4,3,4,2	unsat	0.003	1	1	passed	0.005
238	1,4,3,4,3	unsat	0.003	1	1	passed	0.005
239	1,4,3,4,4	unsat	0.003	1	1	passed	0.006
240	1,4,4,1,1	unsat	0.003	1	1	passed	0.006
241	1,4,4,1,2	unsat	0.003	1	1	passed	0.005
242	1,4,4,1,3	unsat	0.003	1	1	passed	0.005
243	1,4,4,1,4	unsat	0.003	1	1	passed	0.006
244	1,4,4,2,1	unsat	0.003	1	1	passed	0.006
245	1,4,4,2,2	unsat	0.003	1	1	passed	0.005
246	1,4,4,2,3	unsat	0.003	1	1	passed	0.006
247	1,4,4,2,4	unsat	0.006	1	1	passed	0.006
248	1,4,4,3,1	unsat	0.003	1	1	passed	0.005
249	1,4,4,3,2	unsat	0.003	1	1	passed	0.006
250	1,4,4,3,3	unsat	0.003	1	1	passed	0.005
251	1,4,4,3,4	unsat	0.003	1	1	passed	0.005
252	1,4,4,4,1	unsat	0.003	1	1	passed	0.005
253	1,4,4,4,2	unsat	0.003	1	1	passed	0.005
254	1,4,4,4,3	unsat	0.003	1	1	passed	0.005
255	1,4,4,4,4	unsat	0.003	1	1	passed	0.005
256	2,1,1,1,1	unsat	0.003	1	1	passed	0.006
257	2,1,1,1,2	unsat	0.003	1	1	passed	0.006
258	2,1,1,1,3	unsat	0.003	1	1	passed	0.006
259	2,1,1,1,4	unsat	0.003	1	1	passed	0.006
260	2,1,1,2,1	unsat	0.003	1	1	passed	0.006
261	2,1,1,2,2	unsat	0.003	1	1	passed	0.005
262	2,1,1,2,3	unsat	0.003	1	1	passed	0.005
263	2,1,1,2,4	unsat	0.003	1	1	passed	0.005
264	2,1,1,3,1	unsat	0.003	1	1	passed	0.006
265	2,1,1,3,2	unsat	0.003	1	1	passed	0.006
266	2,1,1,3,3	unsat	0.003	1	1	passed	0.006
267	2,1,1,3,4	unsat	0.003	1	1	passed	0.005
268	2,1,1,4,1	unsat	0.003	1	1	passed	0.005
269	2,1,1,4,2	unsat	0.003	1	1	passed	0.006
270	2,1,1,4,3	unsat	0.003	1	1	passed	0.006
271	2,1,1,4,4	unsat	0.003	1	1	passed	0.006
108	1,2,3,4,1	unsat	136.607	5141833	2585977	deferred	0.000
111	1,2,3,4,4	unsat	111.974	4248345	2141126	deferred	0.000
273	2,1,2,1,2	unsat	44.714	1992265	1005283	deferred	0.000
275	2,1,2,1,4	unsat	0.002	1	1	passed	0.008
276	2,1,2,2,1	unsat	0.002	1	1	passed	0.005
277	2,1,2,2,2	unsat	0.003	1	1	passed	0.006
278	2,1,2,2,3	unsat	0.002	1	1	passed	0.005
279	2,1,2,2,4	unsat	0.002	1	1	passed	0.005
272	2,1,2,1,1	unsat	54.041	2392879	1207239	deferred	0.000
280	2,1,2,3,1	unsat	45.504	2042835	1038713	deferred	0.000
274	2,1,2,1,3	unsat	56.665	2510654	1270328	deferred	0.000
283	2,1,2,3,4	unsat	38.533	1927419	974858	deferred	0.000
284	2,1,2,4,1	unsat	0.003	1	1	passed	0.008
285	2,1,2,4,2	unsat	0.003	1	1	passed	0.008
286	2,1,2,4,3	unsat	0.003	1	1	passed	0.008
287	2,1,2,4,4	unsat	0.003	1	1	passed	0.008
281	2,1,2,3,2	unsat	88.333	3523641	1776166	deferred	0.000
282	2,1,2,3,3	unsat	54.676	2510103	1267800	deferred	0.000
290	2,1,3,1,3	unsat	73.643	3120355	1574231	deferred	0.000
288	2,1,3,1,1	unsat	154.395	5537622	2784290	deferred	0.000
289	2,1,3,1,2	unsat	166.669	5774522	2908315	deferred	0.000
291	2,1,3,1,4	unsat	108.733	4012808	2027731	deferred	0.000
294	2,1,3,2,3	unsat	50.529	2317676	1170209	deferred	0.000
292	2,1,3,2,1	unsat	133.314	4834547	2441715	deferred	0.000
296	2,1,3,3,1	unsat	25.323	1258139	640211	deferred	0.000
297	2,1,3,3,2	unsat	40.033	1890930	954254	deferred	0.000
295	2,1,3,2,4	unsat	120.148	4390770	2209435	deferred	0.000
293	2,1,3,2,2	unsat	201.900	6751525	3396411	deferred	0.000
298	2,1,3,3,3	unsat	23.613	1227107	623535	deferred	0.000
299	2,1,3,3,4	unsat	15.235	859087	440192	deferred	0.000
302	2,1,3,4,3	unsat	31.368	1601592	810523	deferred	0.000
301	2,1,3,4,2	unsat	82.831	3178428	1608417	deferred	0.000
304	2,1,4,1,1	unsat	0.003	1	1	passed	0.008
305	2,1,4,1,2	unsat	0.003	1	1	passed	0.008
306	2,1,4,1,3	unsat	0.003	1	1	passed	0.008
307	2,1,4,1,4	unsat	0.003	1	1	passed	0.008
308	2,1,4,2,1	unsat	0.003	1	1	passed	0.008
309	2,1,4,2,2	unsat	0.003	1	1	passed	0.008
310	2,1,4,2,3	unsat	0.003	1	1	passed	0.008
311	2,1,4,2,4	unsat	0.003	1	1	passed	0.008
312	2,1,4,3,1	unsat	0.003	1	1	passed	0.008
313	2,1,4,3,2	unsat	0.003	1	1	passed	0.008
314	2,1,4,3,3	unsat	0.003	1	1	passed	0.008
315	2,1,4,3,4	unsat	0.003	1	1	passed	0.008
316	2,1,4,4,1	unsat	0.003	1	1	passed	0.008
317	2,1,4,4,2	unsat	0.003	1	1	passed	0.008
318	2,1,4,4,3	unsat	0.003	1	1	passed	0.008
319	2,1,4,4,4	unsat	0.003	1	1	passed	0.008
320	2,2,1,1,1	unsat	0.003	1	1	passed	0.005
321	2,2,1,1,2	unsat	0.003	1	1	passed	0.006
322	2,2,1,1,3	unsat	0.003	1	1	passed	0.006
323	2,2,1,1,4	unsat	0.003	1	1	passed	0.006
324	2,2,1,2,1	unsat	0.003	1	1	passed	0.006
325	2,2,1,2,2	unsat	0.003	1	1	passed	0.006
326	2,2,1,2,3	unsat	0.003	1	1	passed	0.006
327	2,2,1,2,4	unsat	0.003	1	1	passed	0.006
328	2,2,1,3,1	unsat	0.003	1	1	passed	0.005
329	2,2,1,3,2	unsat	0.003	1	1	passed	0.005
330	2,2,1,3,3	unsat	0.003	1	1	passed	0.005
331	2,2,1,3,4	unsat	0.003	1	1	passed	0.006
332	2,2,1,4,1	unsat	0.003	1	1	passed	0.006
333	2,2,1,4,2	unsat	0.003	1	1	passed	0.005
334	2,2,1,4,3	unsat	0.003	1	1	passed	0.006
335	2,2,1,4,4	unsat	0.003	1	1	passed	0.005
303	2,1,3,4,4	unsat	86.887	3448280	1744565	deferred	0.000
337	2,2,2,1,2	unsat	0.003	1	1	passed	0.005
336	2,2,2,1,1	unsat	42.094	1840579	936619	deferred	0.000
339	2,2,2,1,4	unsat	0.003	1	1	passed	0.008
340	2,2,2,2,1	unsat	0.002	1	1	passed	0.005
341	2,2,2,2,2	unsat	0.002	1	1	passed	0.006
342	2,2,2,2,3	unsat	0.003	1	1	passed	0.006
343	2,2,2,2,4	unsat	0.003	1	1	passed	0.005
300	2,1,3,4,1	unsat	152.446	5543930	2790119	deferred	0.000
345	2,2,2,3,2	unsat	0.003	1	1	passed	0.005
344	2,2,2,3,1	unsat	39.572	1864116	945823	deferred	0.000
338	2,2,2,1,3	unsat	59.273	2592772	1311920	deferred	0.000
348	2,2,2,4,1	unsat	0.003	1	1	passed	0.008
349	2,2,2,4,2	unsat	0.002	1	1	passed	0.006
350	2,2,2,4,3	unsat	0.003	1	1	passed	0.008
351	2,2,2,4,4	unsat	0.003	1	1	passed	0.009
346	2,2,2,3,3	unsat	59.627	2663724	1344228	deferred	0.000
347	2,2,2,3,4	unsat	59.757	2674619	1354723	deferred	0.000
354	2,2,3,1,3	unsat	40.950	1865427	945643	deferred	0.000
352	2,2,3,1,1	unsat	137.333	5048834	2550060	deferred	0.000
353	2,2,3,1,2	unsat	161.502	5489527	2764773	deferred	0.000
355	2,2,3,1,4	unsat	121.219	4565862	2305684	deferred	0.000
358	2,2,3,2,3	unsat	55.246	2440826	1238263	deferred	0.000
356	2,2,3,2,1	unsat	132.039	4938280	2493034	deferred	0.000
360	2,2,3,3,1	unsat	21.786	1168808	591218	deferred	0.000
361	2,2,3,3,2	unsat	28.310	1387875	701315	deferred	0.000
362	2,2,3,3,3	unsat	28.227	1372087	698725	deferred	0.000
357	2,2,3,2,2	unsat	170.968	5893746	2964964	deferred	0.000
363	2,2,3,3,4	unsat	19.167	1074200	548319	deferred	0.000
359	2,2,3,2,4	unsat	112.820	4312412	2180125	deferred	0.000
366	2,2,3,4,3	unsat	52.151	2392337	1207469	deferred	0.000
364	2,2,3,4,1	unsat	99.427	3864315	1953135	deferred	0.000
368	2,2,4,1,1	unsat	0.003	1	1	passed	0.008
369	2,2,4,1,2	unsat	0.003	1	1	passed	0.008
370	2,2,4,1,3	unsat	0.003	1	1	passed	0.008
371	2,2,4,1,4	unsat	0.003	1	1	passed	0.008
372	2,2,4,2,1	unsat	0.003	1	1	passed	0.008
373	2,2,4,2,2	unsat	0.003	1	1	passed	0.008
374	2,2,4,2,3	unsat	0.003	1	1	passed	0.008
375	2,2,4,2,4	unsat	0.003	1	1	passed	0.008
376	2,2,4,3,1	unsat	0.003	1	1	passed	0.008
377	2,2,4,3,2	unsat	0.003	1	1	passed	0.008
378	2,2,4,3,3	unsat	0.003	1	1	passed	0.008
379	2,2,4,3,4	unsat	0.003	1	1	passed	0.008
380	2,2,4,4,1	unsat	0.003	1	1	passed	0.008
381	2,2,4,4,2	unsat	0.003	1	1	passed	0.008
382	2,2,4,4,3	unsat	0.003	1	1	passed	0.008
383	2,2,4,4,4	unsat	0.003	1	1	passed	0.008
384	2,3,1,1,1	unsat	0.003	1	1	passed	0.005
385	2,3,1,1,2	unsat	0.003	1	1	passed	0.005
386	2,3,1,1,3	unsat	0.003	1	1	passed	0.006
387	2,3,1,1,4	unsat	0.003	1	1	passed	0.005
388	2,3,1,2,1	unsat	0.003	1	1	passed	0.005
389	2,3,1,2,2	unsat	0.003	1	1	passed	0.006
390	2,3,1,2,3	unsat	0.003	1	1	passed	0.006
391	2,3,1,2,4	unsat	0.003	1	1	passed	0.006
392	2,3,1,3,1	unsat	0.003	1	1	passed	0.005
393	2,3,1,3,2	unsat	0.003	1	1	passed	0.005
394	2,3,1,3,3	unsat	0.003	1	1	passed	0.006
395	2,3,1,3,4	unsat	0.003	1	1	passed	0.006
396	2,3,1,4,1	unsat	0.003	1	1	passed	0.008
397	2,3,1,4,2	unsat	0.003	1	1	passed	0.006
398	2,3,1,4,3	unsat	0.003	1	1	passed	0.006
399	2,3,1,4,4	unsat	0.003	1	1	passed	0.005
365	2,2,3,4,2	unsat	130.475	4825493	2433452	deferred	0.000
367	2,2,3,4,4	unsat	70.456	2796059	1414749	deferred	0.000
400	2,3,2,1,1	unsat	58.427	2521832	1278912	deferred	0.000
402	2,3,2,1,3	unsat	60.941	2669825	1350125	deferred	0.000
404	2,3,2,2,1	unsat	0.002	1	1	passed	0.005
405	2,3,2,2,2	unsat	0.002	1	1	passed	0.005
406	2,3,2,2,3	unsat	0.003	1	1	passed	0.005
407	2,3,2,2,4	unsat	0.003	1	1	passed	0.005
403	2,3,2,1,4	unsat	42.768	1967446	998252	deferred	0.000
401	2,3,2,1,2	unsat	93.512	3619208	1824989	deferred	0.000
408	2,3,2,3,1	unsat	49.471	2291326	1162192	deferred	0.000
409	2,3,2,3,2	unsat	74.007	3089038	1562156	deferred	0.000
410	2,3,2,3,3	unsat	48.463	2175389	1101123	deferred	0.000
411	2,3,2,3,4	unsat	36.652	1805222	918795	deferred	0.000
412	2,3,2,4,1	unsat	31.079	1575374	799360	deferred	0.000
413	2,3,2,4,2	unsat	48.922	2291974	1163543	deferred	0.000
414	2,3,2,4,3	unsat	46.432	2249033	1139127	deferred	0.000
415	2,3,2,4,4	unsat	41.509	2028205	1026191	deferred	0.000
418	2,3,3,1,3	unsat	0.003	1	1	passed	0.005
416	2,3,3,1,1	unsat	54.235	2471377	1248519	deferred	0.000
419	2,3,3,1,4	unsat	37.166	1802015	915590	deferred	0.000
417	2,3,3,1,2	unsat	54.398	2440144	1237520	deferred	0.000
422	2,3,3,2,3	unsat	0.003	1	1	passed	0.006
423	2,3,3,2,4	unsat	46.038	2206530	1115672	deferred	0.000
421	2,3,3,2,2	unsat	53.254	2396665	1212294	deferred	0.000
420	2,3,3,2,1	unsat	65.876	2877246	1456374	deferred	0.000
426	2,3,3,3,3	unsat	0.003	1	1	passed	0.006
424	2,3,3,3,1	unsat	24.855	1286559	654577	deferred	0.000
427	2,3,3,3,4	unsat	11.225	660693	337466	deferred	0.000
425	2,3,3,3,2	unsat	30.524	1489533	758126	deferred	0.000
430	2,3,3,4,3	unsat	0.003	1	1	passed	0.005
428	2,3,3,4,1	unsat	27.060	1428553	726539	deferred	0.000
431	2,3,3,4,4	unsat	29.705	1539351	779018	deferred	0.000
429	2,3,3,4,2	unsat	51.207	2353351	1188604	deferred	0.000
432	2,3,4,1,1	unsat	133.534	4974429	2501450	deferred	0.000
434	2,3,4,1,3	unsat	137.664	5104837	2578215	deferred	0.000
435	2,3,4,1,4	unsat	35.782	1729296	875023	deferred	0.000
433	2,3,4,1,2	unsat	161.882	5709858	2870376	deferred	0.000
436	2,3,4,2,1	unsat	100.727	3765920	1901424	deferred	0.000
438	2,3,4,2,3	unsat	118.478	4248575	2138737	deferred	0.000
439	2,3,4,2,4	unsat	39.750	1896462	961572	deferred	0.000
437	2,3,4,2,2	unsat	177.395	6013287	3026243	deferred	0.000
440	2,3,4,3,1	unsat	122.178	4005025	2019595	deferred	0.000
441	2,3,4,3,2	unsat	127.214	4011551	2027530	deferred	0.000
444	2,3,4,4,1	unsat	13.953	852194	432877	deferred	0.000
443	2,3,4,3,4	unsat	28.995	1457266	741739	deferred	0.000
446	2,3,4,4,3	unsat	23.610	1281464	651005	deferred	0.000
445	2,3,4,4,2	unsat	29.474	1509779	764585	deferred	0.000
448	2,4,1,1,1	unsat	0.005	1	1	passed	0.006
449	2,4,1,1,2	unsat	0.003	1	1	passed	0.005
450	2,4,1,1,3	unsat	0.003	1	1	passed	0.005
451	2,4,1,1,4	unsat	0.002	1	1	passed	0.007
452	2,4,1,2,1	unsat	0.002	1	1	passed	0.005
453	2,4,1,2,2	unsat	0.003	1	1	passed	0.005
454	2,4,1,2,3	unsat	0.002	1	1	passed	0.005
455	2,4,1,2,4	unsat	0.002	1	1	passed	0.005
456	2,4,1,3,1	unsat	0.002	1	1	passed	0.005
457	2,4,1,3,2	unsat	0.002	1	1	passed	0.005
458	2,4,1,3,3	unsat	0.003	1	1	passed	0.005
459	2,4,1,3,4	unsat	0.002	1	1	passed	0.006
460	2,4,1,4,1	unsat	0.003	1	1	passed	0.006
461	2,4,1,4,2	unsat	0.003	1	1	passed	0.005
462	2,4,1,4,3	unsat	0.002	1	1	passed	0.005
463	2,4,1,4,4	unsat	0.003	1	1	passed	0.005
464	2,4,2,1,1	unsat	0.003	1	1	passed	0.005
465	2,4,2,1,2	unsat	0.002	1	1	passed	0.005
466	2,4,2,1,3	unsat	0.003	1	1	passed	0.005
467	2,4,2,1,4	unsat	0.003	1	1	passed	0.005
468	2,4,2,2,1	unsat	0.002	1	1	passed	0.005
469	2,4,2,2,2	unsat	0.002	1	1	passed	0.005
470	2,4,2,2,3	unsat	0.003	1	1	passed	0.005
471	2,4,2,2,4	unsat	0.003	1	1	passed	0.005
472	2,4,2,3,1	unsat	0.002	1	1	passed	0.006
473	2,4,2,3,2	unsat	0.002	1	1	passed	0.005
474	2,4,2,3,3	unsat	0.002	1	1	passed	0.005
475	2,4,2,3,4	unsat	0.002	1	1	passed	0.005
476	2,4,2,4,1	unsat	0.002	1	1	passed	0.005
477	2,4,2,4,2	unsat	0.002	1	1	passed	0.005
478	2,4,2,4,3	unsat	0.003	1	1	passed	0.005
479	2,4,2,4,4	unsat	0.003	1	1	passed	0.005
480	2,4,3,1,1	unsat	0.002	1	1	passed	0.005
481	2,4,3,1,2	unsat	0.002	1	1	passed	0.005
482	2,4,3,1,3	unsat	0.003	1	1	passed	0.005
483	2,4,3,1,4	unsat	0.002	1	1	passed	0.005
484	2,4,3,2,1	unsat	0.002	1	1	passed	0.005
485	2,4,3,2,2	unsat	0.002	1	1	passed	0.005
486	2,4,3,2,3	unsat	0.002	1	1	passed	0.005
487	2,4,3,2,4	unsat	0.002	1	1	passed	0.005
488	2,4,3,3,1	unsat	0.002	1	1	passed	0.005
489	2,4,3,3,2	unsat	0.003	1	1	passed	0.006
490	2,4,3,3,3	unsat	0.002	1	1	passed	0.005
491	2,4,3,3,4	unsat	0.003	1	1	passed	0.006
492	2,4,3,4,1	unsat	0.002	1	1	passed	0.005
493	2,4,3,4,2	unsat	0.002	1	1	passed	0.005
494	2,4,3,4,3	unsat	0.002	1	1	passed	0.005
495	2,4,3,4,4	unsat	0.003	1	1	passed	0.005
496	2,4,4,1,1	unsat	0.003	1	1	passed	0.005
497	2,4,4,1,2	unsat	0.002	1	1	passed	0.005
498	2,4,4,1,3	unsat	0.003	1	1	passed	0.006
499	2,4,4,1,4	unsat	0.002	1	1	passed	0.005
500	2,4,4,2,1	unsat	0.002	1	1	passed	0.005
501	2,4,4,2,2	unsat	0.003	1	1	passed	0.006
502	2,4,4,2,3	unsat	0.002	1	1	passed	0.005
503	2,4,4,2,4	unsat	0.003	1	1	passed	0.005
504	2,4,4,3,1	unsat	0.002	1	1	passed	0.005
505	2,4,4,3,2	unsat	0.002	1	1	passed	0.005
506	2,4,4,3,3	unsat	0.003	1	1	passed	0.005
507	2,4,4,3,4	unsat	0.002	1	1	passed	0.005
508	2,4,4,4,1	unsat	0.002	1	1	passed	0.005
509	2,4,4,4,2	unsat	0.003	1	1	passed	0.005
510	2,4,4,4,3	unsat	0.002	1	1	passed	0.005
511	2,4,4,4,4	unsat	0.002	1	1	passed	0.005
512	3,1,1,1,1	unsat	0.003	1	1	passed	0.005
513	3,1,1,1,2	unsat	0.002	1	1	passed	0.005
514	3,1,1,1,3	unsat	0.002	1	1	passed	0.005
515	3,1,1,1,4	unsat	0.002	1	1	passed	0.005
516	3,1,1,2,1	unsat	0.002	1	1	passed	0.005
517	3,1,1,2,2	unsat	0.003	1	1	passed	0.005
518	3,1,1,2,3	unsat	0.002	1	1	passed	0.005
519	3,1,1,2,4	unsat	0.002	1	1	passed	0.005
520	3,1,1,3,1	unsat	0.003	1	1	passed	0.008
521	3,1,1,3,2	unsat	0.003	1	1	passed	0.006
522	3,1,1,3,3	unsat	0.003	1	1	passed	0.005
523	3,1,1,3,4	unsat	0.003	1	1	passed	0.006
524	3,1,1,4,1	unsat	0.002	1	1	passed	0.005
525	3,1,1,4,2	unsat	0.002	1	1	passed	0.005
526	3,1,1,4,3	unsat	0.002	1	1	passed	0.005
527	3,1,1,4,4	unsat	0.003	1	1	passed	0.005
528	3,1,2,1,1	unsat	0.003	1	1	passed	0.008
529	3,1,2,1,2	unsat	0.003	1	1	passed	0.005
530	3,1,2,1,3	unsat	0.002	1	1	passed	0.005
531	3,1,2,1,4	unsat	0.002	1	1	passed	0.005
532	3,1,2,2,1	unsat	0.002	1	1	passed	0.005
533	3,1,2,2,2	unsat	0.003	1	1	passed	0.005
534	3,1,2,2,3	unsat	0.002	1	1	passed	0.005
535	3,1,2,2,4	unsat	0.003	1	1	passed	0.005
536	3,1,2,3,1	unsat	0.003	1	1	passed	0.005
537	3,1,2,3,2	unsat	0.003	1	1	passed	0.005
538	3,1,2,3,3	unsat	0.003	1	1	passed	0.005
539	3,1,2,3,4	unsat	0.002	1	1	passed	0.005
540	3,1,2,4,1	unsat	0.003	1	1	passed	0.005
541	3,1,2,4,2	unsat	0.002	1	1	passed	0.006
542	3,1,2,4,3	unsat	0.002	1	1	passed	0.005
543	3,1,2,4,4	unsat	0.003	1	1	passed	0.006
544	3,1,3,1,1	unsat	0.002	1	1	passed	0.005
545	3,1,3,1,2	unsat	0.003	1	1	passed	0.005
546	3,1,3,1,3	unsat	0.002	1	1	passed	0.005
547	3,1,3,1,4	unsat	0.003	1	1	passed	0.005
548	3,1,3,2,1	unsat	0.002	1	1	passed	0.005
549	3,1,3,2,2	unsat	0.003	1	1	passed	0.005
550	3,1,3,2,3	unsat	0.002	1	1	passed	0.005
551	3,1,3,2,4	unsat	0.003	1	1	passed	0.005
552	3,1,3,3,1	unsat	0.003	1	1	passed	0.005
553	3,1,3,3,2	unsat	0.002	1	1	passed	0.005
554	3,1,3,3,3	unsat	0.002	1	1	passed	0.005
555	3,1,3,3,4	unsat	0.002	1	1	passed	0.005
556	3,1,3,4,1	unsat	0.002	1	1	passed	0.005
557	3,1,3,4,2	unsat	0.002	1	1	passed	0.005
558	3,1,3,4,3	unsat	0.002	1	1	passed	0.005
559	3,1,3,4,4	unsat	0.002	1	1	passed	0.005
560	3,1,4,1,1	unsat	0.003	1	1	passed	0.005
561	3,1,4,1,2	unsat	0.003	1	1	passed	0.005
562	3,1,4,1,3	unsat	0.003	1	1	passed	0.005
563	3,1,4,1,4	unsat	0.003	1	1	passed	0.005
564	3,1,4,2,1	unsat	0.002	1	1	passed	0.005
565	3,1,4,2,2	unsat	0.002	1	1	passed	0.005
566	3,1,4,2,3	unsat	0.002	1	1	passed	0.005
567	3,1,4,2,4	unsat	0.002	1	1	passed	0.005
568	3,1,4,3,1	unsat	0.002	1	1	passed	0.005
569	3,1,4,3,2	unsat	0.002	1	1	passed	0.005
570	3,1,4,3,3	unsat	0.002	1	1	passed	0.005
571	3,1,4,3,4	unsat	0.002	1	1	passed	0.005
572	3,1,4,4,1	unsat	0.002	1	1	passed	0.005
573	3,1,4,4,2	unsat	0.003	1	1	passed	0.005
574	3,1,4,4,3	unsat	0.004	1	1	passed	0.005
575	3,1,4,4,4	unsat	0.003	1	1	passed	0.006
576	3,2,1,1,1	unsat	0.003	1	1	passed	0.005
577	3,2,1,1,2	unsat	0.003	1	1	passed	0.005
578	3,2,1,1,3	unsat	0.003	1	1	passed	0.006
579	3,2,1,1,4	unsat	0.003	1	1	passed	0.005
580	3,2,1,2,1	unsat	0.003	1	1	passed	0.006
581	3,2,1,2,2	unsat	0.003	1	1	passed	0.006
582	3,2,1,2,3	unsat	0.003	1	1	passed	0.005
583	3,2,1,2,4	unsat	0.003	1	1	passed	0.005
584	3,2,1,3,1	unsat	0.003	1	1	passed	0.005
585	3,2,1,3,2	unsat	0.003	1	1	passed	0.005
586	3,2,1,3,3	unsat	0.003	1	1	passed	0.005
587	3,2,1,3,4	unsat	0.003	1	1	passed	0.005
588	3,2,1,4,1	unsat	0.003	1	1	passed	0.005
589	3,2,1,4,2	unsat	0.002	1	1	passed	0.005
590	3,2,1,4,3	unsat	0.003	1	1	passed	0.006
591	3,2,1,4,4	unsat	0.003	1	1	passed	0.005
592	3,2,2,1,1	unsat	0.003	1	1	passed	0.005
593	3,2,2,1,2	unsat	0.003	1	1	passed	0.005
594	3,2,2,1,3	unsat	0.003	1	1	passed	0.005
595	3,2,2,1,4	unsat	0.002	1	1	passed	0.005
596	3,2,2,2,1	unsat	0.002	1	1	passed	0.005
597	3,2,2,2,2	unsat	0.002	1	1	passed	0.005
598	3,2,2,2,3	unsat	0.003	1	1	passed	0.008
599	3,2,2,2,4	unsat	0.004	1	1	passed	0.010
600	3,2,2,3,1	unsat	0.004	1	1	passed	0.007
601	3,2,2,3,2	unsat	0.003	1	1	passed	0.005
602	3,2,2,3,3	unsat	0.003	1	1	passed	0.005
603	3,2,2,3,4	unsat	0.003	1	1	passed	0.005
604	3,2,2,4,1	unsat	0.003	1	1	passed	0.006
605	3,2,2,4,2	unsat	0.003	1	1	passed	0.006
606	3,2,2,4,3	unsat	0.003	1	1	passed	0.006
607	3,2,2,4,4	unsat	0.003	1	1	passed	0.005
608	3,2,3,1,1	unsat	0.003	1	1	passed	0.006
609	3,2,3,1,2	unsat	0.003	1	1	passed	0.006
610	3,2,3,1,3	unsat	0.003	1	1	passed	0.006
611	3,2,3,1,4	unsat	0.003	1	1	passed	0.007
612	3,2,3,2,1	unsat	0.003	1	1	passed	0.005
613	3,2,3,2,2	unsat	0.002	1	1	passed	0.005
614	3,2,3,2,3	unsat	0.003	1	1	passed	0.008
615	3,2,3,2,4	unsat	0.003	1	1	passed	0.008
616	3,2,3,3,1	unsat	0.003	1	1	passed	0.006
617	3,2,3,3,2	unsat	0.003	1	1	passed	0.006
618	3,2,3,3,3	unsat	0.003	1	1	passed	0.006
619	3,2,3,3,4	unsat	0.003	1	1	passed	0.005
620	3,2,3,4,1	unsat	0.003	1	1	passed	0.006
621	3,2,3,4,2	unsat	0.003	1	1	passed	0.005
622	3,2,3,4,3	unsat	0.003	1	1	passed	0.005
623	3,2,3,4,4	unsat	0.003	1	1	passed	0.005
624	3,2,4,1,1	unsat	0.003	1	1	passed	0.005
625	3,2,4,1,2	unsat	0.003	1	1	passed	0.006
626	3,2,4,1,3	unsat	0.003	1	1	passed	0.006
627	3,2,4,1,4	unsat	0.003	1	1	passed	0.005
628	3,2,4,2,1	unsat	0.002	1	1	passed	0.005
629	3,2,4,2,2	unsat	0.002	1	1	passed	0.005
630	3,2,4,2,3	unsat	0.003	1	1	passed	0.005
631	3,2,4,2,4	unsat	0.002	1	1	passed	0.005
632	3,2,4,3,1	unsat	0.002	1	1	passed	0.005
633	3,2,4,3,2	unsat	0.002	1	1	passed	0.005
634	3,2,4,3,3	unsat	0.002	1	1	passed	0.005
635	3,2,4,3,4	unsat	0.002	1	1	passed	0.005
636	3,2,4,4,1	unsat	0.003	1	1	passed	0.005
637	3,2,4,4,2	unsat	0.002	1	1	passed	0.005
638	3,2,4,4,3	unsat	0.002	1	1	passed	0.005
639	3,2,4,4,4	unsat	0.003	1	1	passed	0.005
640	3,3,1,1,1	unsat	0.003	1	1	passed	0.005
641	3,3,1,1,2	unsat	0.002	1	1	passed	0.005
642	3,3,1,1,3	unsat	0.003	1	1	passed	0.005
643	3,3,1,1,4	unsat	0.002	1	1	passed	0.006
644	3,3,1,2,1	unsat	0.003	1	1	passed	0.005
645	3,3,1,2,2	unsat	0.003	1	1	passed	0.005
646	3,3,1,2,3	unsat	0.002	1	1	passed	0.005
647	3,3,1,2,4	unsat	0.002	1	1	passed	0.005
648	3,3,1,3,1	unsat	0.002	1	1	passed	0.005
649	3,3,1,3,2	unsat	0.003	1	1	passed	0.005
650	3,3,1,3,3	unsat	0.002	1	1	passed	0.005
651	3,3,1,3,4	unsat	0.002	1	1	passed	0.005
652	3,3,1,4,1	unsat	0.003	1	1	passed	0.005
653	3,3,1,4,2	unsat	0.002	1	1	passed	0.005
654	3,3,1,4,3	unsat	0.002	1	1	passed	0.005
655	3,3,1,4,4	unsat	0.002	1	1	passed	0.005
656	3,3,2,1,1	unsat	0.003	1	1	passed	0.005
657	3,3,2,1,2	unsat	0.002	1	1	passed	0.005
658	3,3,2,1,3	unsat	0.003	1	1	passed	0.005
659	3,3,2,1,4	unsat	0.003	1	1	passed	0.005
660	3,3,2,2,1	unsat	0.002	1	1	passed	0.005
661	3,3,2,2,2	unsat	0.003	1	1	passed	0.005
662	3,3,2,2,3	unsat	0.002	1	1	passed	0.005
663	3,3,2,2,4	unsat	0.002	1	1	passed	0.005
664	3,3,2,3,1	unsat	0.002	1	1	passed	0.005
665	3,3,2,3,2	unsat	0.003	1	1	passed	0.005
666	3,3,2,3,3	unsat	0.002	1	1	passed	0.005
667	3,3,2,3,4	unsat	0.003	1	1	passed	0.005
668	3,3,2,4,1	unsat	0.003	1	1	passed	0.005
669	3,3,2,4,2	unsat	0.003	1	1	passed	0.005
670	3,3,2,4,3	unsat	0.002	1	1	passed	0.005
671	3,3,2,4,4	unsat	0.003	1	1	passed	0.005
672	3,3,3,1,1	unsat	0.003	1	1	passed	0.005
673	3,3,3,1,2	unsat	0.003	1	1	passed	0.005
674	3,3,3,1,3	unsat	0.002	1	1	passed	0.005
675	3,3,3,1,4	unsat	0.002	1	1	passed	0.006
676	3,3,3,2,1	unsat	0.002	1	1	passed	0.005
677	3,3,3,2,2	unsat	0.003	1	1	passed	0.006
678	3,3,3,2,3	unsat	0.002	1	1	passed	0.005
679	3,3,3,2,4	unsat	0.002	1	1	passed	0.005
680	3,3,3,3,1	unsat	0.003	1	1	passed	0.005
681	3,3,3,3,2	unsat	0.003	1	1	passed	0.005
682	3,3,3,3,3	unsat	0.002	1	1	passed	0.005
683	3,3,3,3,4	unsat	0.003	1	1	passed	0.005
684	3,3,3,4,1	unsat	0.003	1	1	passed	0.006
685	3,3,3,4,2	unsat	0.002	1	1	passed	0.005
686	3,3,3,4,3	unsat	0.002	1	1	passed	0.005
687	3,3,3,4,4	unsat	0.002	1	1	passed	0.005
688	3,3,4,1,1	unsat	0.002	1	1	passed	0.005
689	3,3,4,1,2	unsat	0.002	1	1	passed	0.005
690	3,3,4,1,3	unsat	0.002	1	1	passed	0.005
691	3,3,4,1,4	unsat	0.002	1	1	passed	0.005
692	3,3,4,2,1	unsat	0.002	1	1	passed	0.005
693	3,3,4,2,2	unsat	0.002	1	1	passed	0.005
694	3,3,4,2,3	unsat	0.002	1	1	passed	0.005
695	3,3,4,2,4	unsat	0.002	1	1	passed	0.005
696	3,3,4,3,1	unsat	0.003	1	1	passed	0.005
697	3,3,4,3,2	unsat	0.002	1	1	passed	0.005
698	3,3,4,3,3	unsat	0.002	1	1	passed	0.005
699	3,3,4,3,4	unsat	0.002	1	1	passed	0.005
700	3,3,4,4,1	unsat	0.002	1	1	passed	0.005
701	3,3,4,4,2	unsat	0.003	1	1	passed	0.005
702	3,3,4,4,3	unsat	0.002	1	1	passed	0.005
703	3,3,4,4,4	unsat	0.003	1	1	passed	0.005
704	3,4,1,1,1	unsat	0.003	1	1	passed	0.005
705	3,4,1,1,2	unsat	0.003	1	1	passed	0.005
706	3,4,1,1,3	unsat	0.003	1	1	passed	0.005
707	3,4,1,1,4	unsat	0.003	1	1	passed	0.005
708	3,4,1,2,1	unsat	0.007	1	1	passed	0.007
709	3,4,1,2,2	unsat	0.003	1	1	passed	0.009
710	3,4,1,2,3	unsat	0.003	1	1	passed	0.005
711	3,4,1,2,4	unsat	0.003	1	1	passed	0.005
712	3,4,1,3,1	unsat	0.003	1	1	passed	0.005
713	3,4,1,3,2	unsat	0.003	1	1	passed	0.005
714	3,4,1,3,3	unsat	0.002	1	1	passed	0.005
715	3,4,1,3,4	unsat	0.002	1	1	passed	0.005
716	3,4,1,4,1	unsat	0.003	1	1	passed	0.005
717	3,4,1,4,2	unsat	0.002	1	1	passed	0.005
718	3,4,1,4,3	unsat	0.002	1	1	passed	0.005
719	3,4,1,4,4	unsat	0.002	1	1	passed	0.005
720	3,4,2,1,1	unsat	0.003	1	1	passed	0.005
721	3,4,2,1,2	unsat	0.002	1	1	passed	0.005
722	3,4,2,1,3	unsat	0.002	1	1	passed	0.005
723	3,4,2,1,4	unsat	0.002	1	1	passed	0.005
724	3,4,2,2,1	unsat	0.002	1	1	passed	0.005
725	3,4,2,2,2	unsat	0.002	1	1	passed	0.005
726	3,4,2,2,3	unsat	0.003	1	1	passed	0.005
727	3,4,2,2,4	unsat	0.003	1	1	passed	0.005
728	3,4,2,3,1	unsat	0.003	1	1	passed	0.005
729	3,4,2,3,2	unsat	0.003	1	1	passed	0.005
730	3,4,2,3,3	unsat	0.003	1	1	passed	0.005
731	3,4,2,3,4	unsat	0.003	1	1	passed	0.005
732	3,4,2,4,1	unsat	0.002	1	1	passed	0.005
733	3,4,2,4,2	unsat	0.002	1	1	passed	0.005
734	3,4,2,4,3	unsat	0.002	1	1	passed	0.005
735	3,4,2,4,4	unsat	0.002	1	1	passed	0.005
736	3,4,3,1,1	unsat	0.002	1	1	passed	0.005
737	3,4,3,1,2	unsat	0.003	1	1	passed	0.006
738	3,4,3,1,3	unsat	0.002	1	1	passed	0.005
739	3,4,3,1,4	unsat	0.002	1	1	passed	0.005
740	3,4,3,2,1	unsat	0.002	1	1	passed	0.005
741	3,4,3,2,2	unsat	0.003	1	1	passed	0.005
742	3,4,3,2,3	unsat	0.002	1	1	passed	0.005
743	3,4,3,2,4	unsat	0.002	1	1	passed	0.005
744	3,4,3,3,1	unsat	0.002	1	1	passed	0.005
745	3,4,3,3,2	unsat	0.002	1	1	passed	0.005
746	3,4,3,3,3	unsat	0.002	1	1	passed	0.005
747	3,4,3,3,4	unsat	0.002	1	1	passed	0.005
748	3,4,3,4,1	unsat	0.003	1	1	passed	0.005
749	3,4,3,4,2	unsat	0.002	1	1	passed	0.005
750	3,4,3,4,3	unsat	0.002	1	1	passed	0.005
751	3,4,3,4,4	unsat	0.003	1	1	passed	0.005
752	3,4,4,1,1	unsat	0.003	1	1	passed	0.005
753	3,4,4,1,2	unsat	0.002	1	1	passed	0.005
754	3,4,4,1,3	unsat	0.003	1	1	passed	0.005
755	3,4,4,1,4	unsat	0.003	1	1	passed	0.005
756	3,4,4,2,1	unsat	0.003	1	1	passed	0.005
757	3,4,4,2,2	unsat	0.002	1	1	passed	0.005
758	3,4,4,2,3	unsat	0.003	1	1	passed	0.005
759	3,4,4,2,4	unsat	0.003	1	1	passed	0.005
760	3,4,4,3,1	unsat	0.003	1	1	passed	0.005
761	3,4,4,3,2	unsat	0.003	1	1	passed	0.005
762	3,4,4,3,3	unsat	0.002	1	1	passed	0.005
763	3,4,4,3,4	unsat	0.002	1	1	passed	0.006
764	3,4,4,4,1	unsat	0.003	1	1	passed	0.005
765	3,4,4,4,2	unsat	0.002	1	1	passed	0.005
766	3,4,4,4,3	unsat	0.002	1	1	passed	0.005
767	3,4,4,4,4	unsat	0.003	1	1	passed	0.005
768	4,1,1,1,1	unsat	0.002	1	1	passed	0.005
769	4,1,1,1,2	unsat	0.003	1	1	passed	0.005
770	4,1,1,1,3	unsat	0.003	1	1	passed	0.005
771	4,1,1,1,4	unsat	0.002	1	1	passed	0.006
772	4,1,1,2,1	unsat	0.002	1	1	passed	0.005
773	4,1,1,2,2	unsat	0.003	1	1	passed	0.005
774	4,1,1,2,3	unsat	0.002	1	1	passed	0.005
775	4,1,1,2,4	unsat	0.002	1	1	passed	0.005
776	4,1,1,3,1	unsat	0.002	1	1	passed	0.005
777	4,1,1,3,2	unsat	0.003	1	1	passed	0.005
778	4,1,1,3,3	unsat	0.002	1	1	passed	0.005
779	4,1,1,3,4	unsat	0.003	1	1	passed	0.006
780	4,1,1,4,1	unsat	0.003	1	1	passed	0.005
781	4,1,1,4,2	unsat	0.003	1	1	passed	0.005
782	4,1,1,4,3	unsat	0.003	1	1	passed	0.006
783	4,1,1,4,4	unsat	0.003	1	1	passed	0.006
784	4,1,2,1,1	unsat	0.003	1	1	passed	0.005
785	4,1,2,1,2	unsat	0.003	1	1	passed	0.005
786	4,1,2,1,3	unsat	0.003	1	1	passed	0.008
787	4,1,2,1,4	unsat	0.003	1	1	passed	0.005
788	4,1,2,2,1	unsat	0.003	1	1	passed	0.007
789	4,1,2,2,2	unsat	0.005	1	1	passed	0.006
790	4,1,2,2,3	unsat	0.003	1	1	passed	0.005
791	4,1,2,2,4	unsat	0.003	1	1	passed	0.005
792	4,1,2,3,1	unsat	0.003	1	1	passed	0.005
793	4,1,2,3,2	unsat	0.002	1	1	passed	0.005
794	4,1,2,3,3	unsat	0.002	1	1	passed	0.005
795	4,1,2,3,4	unsat	0.002	1	1	passed	0.005
796	4,1,2,4,1	unsat	0.003	1	1	passed	0.006
797	4,1,2,4,2	unsat	0.002	1	1	passed	0.006
798	4,1,2,4,3	unsat	0.002	1	1	passed	0.005
799	4,1,2,4,4	unsat	0.003	1	1	passed	0.005
800	4,1,3,1,1	unsat	0.003	1	1	passed	0.005
801	4,1,3,1,2	unsat	0.002	1	1	passed	0.005
802	4,1,3,1,3	unsat	0.003	1	1	passed	0.005
803	4,1,3,1,4	unsat	0.003	1	1	passed	0.005
804	4,1,3,2,1	unsat	0.003	1	1	passed	0.005
805	4,1,3,2,2	unsat	0.003	1	1	passed	0.005
806	4,1,3,2,3	unsat	0.002	1	1	passed	0.005
807	4,1,3,2,4	unsat	0.003	1	1	passed	0.005
808	4,1,3,3,1	unsat	0.003	1	1	passed	0.005
809	4,1,3,3,2	unsat	0.003	1	1	passed	0.005
810	4,1,3,3,3	unsat	0.002	1	1	passed	0.005
811	4,1,3,3,4	unsat	0.002	1	1	passed	0.005
812	4,1,3,4,1	unsat	0.003	1	1	passed	0.005
813	4,1,3,4,2	unsat	0.003	1	1	passed	0.005
814	4,1,3,4,3	unsat	0.003	1	1	passed	0.005
815	4,1,3,4,4	unsat	0.002	1	1	passed	0.005
816	4,1,4,1,1	unsat	0.002	1	1	passed	0.005
817	4,1,4,1,2	unsat	0.002	1	1	passed	0.005
818	4,1,4,1,3	unsat	0.003	1	1	passed	0.005
819	4,1,4,1,4	unsat	0.003	1	1	passed	0.005
820	4,1,4,2,1	unsat	0.002	1	1	passed	0.005
821	4,1,4,2,2	unsat	0.002	1	1	passed	0.005
822	4,1,4,2,3	unsat	0.003	1	1	passed	0.006
823	4,1,4,2,4	unsat	0.002	1	1	passed	0.006
824	4,1,4,3,1	unsat	0.002	1	1	passed	0.005
825	4,1,4,3,2	unsat	0.002	1	1	passed	0.005
826	4,1,4,3,3	unsat	0.003	1	1	passed	0.006
827	4,1,4,3,4	unsat	0.003	1	1	passed	0.006
828	4,1,4,4,1	unsat	0.002	1	1	passed	0.006
829	4,1,4,4,2	unsat	0.003	1	1	passed	0.005
830	4,1,4,4,3	unsat	0.003	1	1	passed	0.006
831	4,1,4,4,4	unsat	0.003	1	1	passed	0.005
832	4,2,1,1,1	unsat	0.002	1	1	passed	0.006
833	4,2,1,1,2	unsat	0.003	1	1	passed	0.006
834	4,2,1,1,3	unsat	0.003	1	1	passed	0.006
835	4,2,1,1,4	unsat	0.003	1	1	passed	0.006
836	4,2,1,2,1	unsat	0.003	1	1	passed	0.006
837	4,2,1,2,2	unsat	0.003	1	1	passed	0.005
838	4,2,1,2,3	unsat	0.003	1	1	passed	0.005
839	4,2,1,2,4	unsat	0.003	1	1	passed	0.005
840	4,2,1,3,1	unsat	0.002	1	1	passed	0.006
841	4,2,1,3,2	unsat	0.002	1	1	passed	0.005
842	4,2,1,3,3	unsat	0.003	1	1	passed	0.005
843	4,2,1,3,4	unsat	0.002	1	1	passed	0.005
844	4,2,1,4,1	unsat	0.002	1	1	passed	0.006
845	4,2,1,4,2	unsat	0.002	1	1	passed	0.005
846	4,2,1,4,3	unsat	0.002	1	1	passed	0.005
847	4,2,1,4,4	unsat	0.003	1	1	passed	0.006
848	4,2,2,1,1	unsat	0.003	1	1	passed	0.006
849	4,2,2,1,2	unsat	0.002	1	1	passed	0.006
850	4,2,2,1,3	unsat	0.003	1	1	passed	0.005
851	4,2,2,1,4	unsat	0.002	1	1	passed	0.006
852	4,2,2,2,1	unsat	0.002	1	1	passed	0.006
853	4,2,2,2,2	unsat	0.002	1	1	passed	0.006
854	4,2,2,2,3	unsat	0.002	1	1	passed	0.005
855	4,2,2,2,4	unsat	0.002	1	1	passed	0.005
856	4,2,2,3,1	unsat	0.002	1	1	passed	0.006
857	4,2,2,3,2	unsat	0.002	1	1	passed	0.006
858	4,2,2,3,3	unsat	0.003	1	1	passed	0.005
859	4,2,2,3,4	unsat	0.002	1	1	passed	0.005
860	4,2,2,4,1	unsat	0.002	1	1	passed	0.006
861	4,2,2,4,2	unsat	0.002	1	1	passed	0.006
862	4,2,2,4,3	unsat	0.003	1	1	passed	0.005
863	4,2,2,4,4	unsat	0.002	1	1	passed	0.005
864	4,2,3,1,1	unsat	0.003	1	1	passed	0.005
865	4,2,3,1,2	unsat	0.002	1	1	passed	0.006
866	4,2,3,1,3	unsat	0.003	1	1	passed	0.005
867	4,2,3,1,4	unsat	0.002	1	1	passed	0.005
868	4,2,3,2,1	unsat	0.003	1	1	passed	0.005
869	4,2,3,2,2	unsat	0.003	1	1	passed	0.005
870	4,2,3,2,3	unsat	0.003	1	1	passed	0.006
871	4,2,3,2,4	unsat	0.002	1	1	passed	0.006
872	4,2,3,3,1	unsat	0.003	1	1	passed	0.005
873	4,2,3,3,2	unsat	0.002	1	1	passed	0.006
874	4,2,3,3,3	unsat	0.003	1	1	passed	0.005
875	4,2,3,3,4	unsat	0.003	1	1	passed	0.006
876	4,2,3,4,1	unsat	0.002	1	1	passed	0.006
877	4,2,3,4,2	unsat	0.002	1	1	passed	0.005
878	4,2,3,4,3	unsat	0.002	1	1	passed	0.005
879	4,2,3,4,4	unsat	0.002	1	1	passed	0.006
880	4,2,4,1,1	unsat	0.003	1	1	passed	0.006
881	4,2,4,1,2	unsat	0.003	1	1	passed	0.005
882	4,2,4,1,3	unsat	0.003	1	1	passed	0.005
883	4,2,4,1,4	unsat	0.003	1	1	passed	0.006
884	4,2,4,2,1	unsat	0.002	1	1	passed	0.005
885	4,2,4,2,2	unsat	0.002	1	1	passed	0.005
886	4,2,4,2,3	unsat	0.003	1	1	passed	0.005
887	4,2,4,2,4	unsat	0.002	1	1	passed	0.006
888	4,2,4,3,1	unsat	0.002	1	1	passed	0.005
889	4,2,4,3,2	unsat	0.003	1	1	passed	0.005
890	4,2,4,3,3	unsat	0.003	1	1	passed	0.005
891	4,2,4,3,4	unsat	0.003	1	1	passed	0.006
892	4,2,4,4,1	unsat	0.003	1	1	passed	0.005
893	4,2,4,4,2	unsat	0.003	1	1	passed	0.005
894	4,2,4,4,3	unsat	0.002	1	1	passed	0.006
895	4,2,4,4,4	unsat	0.003	1	1	passed	0.006
896	4,3,1,1,1	unsat	0.003	1	1	passed	0.005
897	4,3,1,1,2	unsat	0.002	1	1	passed	0.005
898	4,3,1,1,3	unsat	0.002	1	1	passed	0.006
899	4,3,1,1,4	unsat	0.002	1	1	passed	0.005
900	4,3,1,2,1	unsat	0.003	1	1	passed	0.005
901	4,3,1,2,2	unsat	0.003	1	1	passed	0.006
902	4,3,1,2,3	unsat	0.003	1	1	passed	0.006
903	4,3,1,2,4	unsat	0.002	1	1	passed	0.005
904	4,3,1,3,1	unsat	0.002	1	1	passed	0.005
905	4,3,1,3,2	unsat	0.003	1	1	passed	0.005
906	4,3,1,3,3	unsat	0.003	1	1	passed	0.005
907	4,3,1,3,4	unsat	0.002	1	1	passed	0.005
908	4,3,1,4,1	unsat	0.003	1	1	passed	0.005
909	4,3,1,4,2	unsat	0.003	1	1	passed	0.005
910	4,3,1,4,3	unsat	0.002	1	1	passed	0.006
911	4,3,1,4,4	unsat	0.003	1	1	passed	0.005
912	4,3,2,1,1	unsat	0.003	1	1	passed	0.005
913	4,3,2,1,2	unsat	0.002	1	1	passed	0.006
914	4,3,2,1,3	unsat	0.003	1	1	passed	0.006
915	4,3,2,1,4	unsat	0.003	1	1	passed	0.005
916	4,3,2,2,1	unsat	0.003	1	1	passed	0.005
917	4,3,2,2,2	unsat	0.002	1	1	passed	0.006
918	4,3,2,2,3	unsat	0.002	1	1	passed	0.005
919	4,3,2,2,4	unsat	0.002	1	1	passed	0.005
920	4,3,2,3,1	unsat	0.003	1	1	passed	0.005
921	4,3,2,3,2	unsat	0.002	1	1	passed	0.006
922	4,3,2,3,3	unsat	0.003	1	1	passed	0.005
923	4,3,2,3,4	unsat	0.002	1	1	passed	0.005
924	4,3,2,4,1	unsat	0.003	1	1	passed	0.005
925	4,3,2,4,2	unsat	0.002	1	1	passed	0.005
926	4,3,2,4,3	unsat	0.002	1	1	passed	0.005
927	4,3,2,4,4	unsat	0.002	1	1	passed	0.005
928	4,3,3,1,1	unsat	0.002	1	1	passed	0.006
929	4,3,3,1,2	unsat	0.003	1	1	passed	0.006
930	4,3,3,1,3	unsat	0.002	1	1	passed	0.005
931	4,3,3,1,4	unsat	0.003	1	1	passed	0.010
932	4,3,3,2,1	unsat	0.002	1	1	passed	0.005
933	4,3,3,2,2	unsat	0.003	1	1	passed	0.005
934	4,3,3,2,3	unsat	0.003	1	1	passed	0.005
935	4,3,3,2,4	unsat	0.003	1	1	passed	0.005
936	4,3,3,3,1	unsat	0.003	1	1	passed	0.005
937	4,3,3,3,2	unsat	0.003	1	1	passed	0.005
938	4,3,3,3,3	unsat	0.003	1	1	passed	0.005
939	4,3,3,3,4	unsat	0.002	1	1	passed	0.005
940	4,3,3,4,1	unsat	0.003	1	1	passed	0.006
941	4,3,3,4,2	unsat	0.003	1	1	passed	0.005
942	4,3,3,4,3	unsat	0.005	1	1	passed	0.005
943	4,3,3,4,4	unsat	0.003	1	1	passed	0.008
944	4,3,4,1,1	unsat	0.003	1	1	passed	0.006
945	4,3,4,1,2	unsat	0.004	1	1	passed	0.008
946	4,3,4,1,3	unsat	0.003	1	1	passed	0.005
947	4,3,4,1,4	unsat	0.005	1	1	passed	0.007
948	4,3,4,2,1	unsat	0.003	1	1	passed	0.005
949	4,3,4,2,2	unsat	0.003	1	1	passed	0.005
950	4,3,4,2,3	unsat	0.003	1	1	passed	0.005
951	4,3,4,2,4	unsat	0.003	1	1	passed	0.005
952	4,3,4,3,1	unsat	0.002	1	1	passed	0.006
953	4,3,4,3,2	unsat	0.003	1	1	passed	0.005
954	4,3,4,3,3	unsat	0.002	1	1	passed	0.005
955	4,3,4,3,4	unsat	0.002	1	1	passed	0.006
956	4,3,4,4,1	unsat	0.002	1	1	passed	0.005
957	4,3,4,4,2	unsat	0.003	1	1	passed	0.005
958	4,3,4,4,3	unsat	0.002	1	1	passed	0.005
959	4,3,4,4,4	unsat	0.002	1	1	passed	0.005
960	4,4,1,1,1	unsat	0.003	1	1	passed	0.006
961	4,4,1,1,2	unsat	0.003	1	1	passed	0.005
962	4,4,1,1,3	unsat	0.002	1	1	passed	0.005
963	4,4,1,1,4	unsat	0.003	1	1	passed	0.005
964	4,4,1,2,1	unsat	0.003	1	1	passed	0.005
965	4,4,1,2,2	unsat	0.003	1	1	passed	0.005
966	4,4,1,2,3	unsat	0.002	1	1	passed	0.005
967	4,4,1,2,4	unsat	0.003	1	1	passed	0.005
968	4,4,1,3,1	unsat	0.003	1	1	passed	0.005
969	4,4,1,3,2	unsat	0.003	1	1	passed	0.005
970	4,4,1,3,3	unsat	0.003	1	1	passed	0.005
971	4,4,1,3,4	unsat	0.003	1	1	passed	0.005
972	4,4,1,4,1	unsat	0.003	1	1	passed	0.005
973	4,4,1,4,2	unsat	0.003	1	1	passed	0.005
974	4,4,1,4,3	unsat	0.003	1	1	passed	0.005
975	4,4,1,4,4	unsat	0.002	1	1	passed	0.005
976	4,4,2,1,1	unsat	0.003	1	1	passed	0.005
977	4,4,2,1,2	unsat	0.002	1	1	passed	0.005
978	4,4,2,1,3	unsat	0.002	1	1	passed	0.005
979	4,4,2,1,4	unsat	0.003	1	1	passed	0.005
980	4,4,2,2,1	unsat	0.003	1	1	passed	0.008
981	4,4,2,2,2	unsat	0.002	1	1	passed	0.005
982	4,4,2,2,3	unsat	0.002	1	1	passed	0.005
983	4,4,2,2,4	unsat	0.003	1	1	passed	0.005
984	4,4,2,3,1	unsat	0.003	1	1	passed	0.005
985	4,4,2,3,2	unsat	0.003	1	1	passed	0.005
986	4,4,2,3,3	unsat	0.003	1	1	passed	0.005
987	4,4,2,3,4	unsat	0.002	1	1	passed	0.005
988	4,4,2,4,1	unsat	0.002	1	1	passed	0.005
989	4,4,2,4,2	unsat	0.003	1	1	passed	0.005
990	4,4,2,4,3	unsat	0.003	1	1	passed	0.006
991	4,4,2,4,4	unsat	0.002	1	1	passed	0.005
992	4,4,3,1,1	unsat	0.003	1	1	passed	0.005
993	4,4,3,1,2	unsat	0.003	1	1	passed	0.005
994	4,4,3,1,3	unsat	0.003	1	1	passed	0.005
995	4,4,3,1,4	unsat	0.002	1	1	passed	0.005
996	4,4,3,2,1	unsat	0.003	1	1	passed	0.005
997	4,4,3,2,2	unsat	0.003	1	1	passed	0.005
998	4,4,3,2,3	unsat	0.003	1	1	passed	0.005
999	4,4,3,2,4	unsat	0.002	1	1	passed	0.005
1000	4,4,3,3,1	unsat	0.002	1	1	passed	0.005
1001	4,4,3,3,2	unsat	0.003	1	1	passed	0.006
1002	4,4,3,3,3	unsat	0.002	1	1	passed	0.006
1003	4,4,3,3,4	unsat	0.002	1	1	passed	0.005
1004	4,4,3,4,1	unsat	0.002	1	1	passed	0.005
1005	4,4,3,4,2	unsat	0.003	1	1	passed	0.005
1006	4,4,3,4,3	unsat	0.003	1	1	passed	0.005
1007	4,4,3,4,4	unsat	0.002	1	1	passed	0.005
1008	4,4,4,1,1	unsat	0.002	1	1	passed	0.005
1009	4,4,4,1,2	unsat	0.002	1	1	passed	0.005
1010	4,4,4,1,3	unsat	0.002	1	1	passed	0.005
1011	4,4,4,1,4	unsat	0.003	1	1	passed	0.005
1012	4,4,4,2,1	unsat	0.003	1	1	passed	0.005
1013	4,4,4,2,2	unsat	0.003	1	1	passed	0.005
1014	4,4,4,2,3	unsat	0.003	1	1	passed	0.005
1015	4,4,4,2,4	unsat	0.002	1	1	passed	0.005
1016	4,4,4,3,1	unsat	0.002	1	1	passed	0.005
1017	4,4,4,3,2	unsat	0.003	1	1	passed	0.005
1018	4,4,4,3,3	unsat	0.003	1	1	passed	0.005
1019	4,4,4,3,4	unsat	0.003	1	1	passed	0.006
1020	4,4,4,4,1	unsat	0.002	1	1	passed	0.005
1021	4,4,4,4,2	unsat	0.002	1	1	passed	0.005
1022	4,4,4,4,3	unsat	0.003	1	1	passed	0.006
1023	4,4,4,4,4	unsat	0.002	1	1	passed	0.007
447	2,3,4,4,4	unsat	14.808	853389	434235	deferred	0.000
442	2,3,4,3,3	unsat	142.436	4879979	2460088	deferred	0.000
