file	axeyum	reference	declared
/nas3/data/axeyum/corpus/smtlib-2024/non-incremental/non-incremental/QF_RDL/SMT-Temporal-Planning-Benchmarks/cooking01.smt2	sat	sat	sat
/nas3/data/axeyum/corpus/smtlib-2024/non-incremental/non-incremental/QF_RDL/SMT-Temporal-Planning-Benchmarks/cooking02.smt2	sat	sat	sat
/nas3/data/axeyum/corpus/smtlib-2024/non-incremental/non-incremental/QF_RDL/SMT-Temporal-Planning-Benchmarks/cooking03.smt2	sat	sat	sat
/nas3/data/axeyum/corpus/smtlib-2024/non-incremental/non-incremental/QF_RDL/SMT-Temporal-Planning-Benchmarks/cooking04.smt2	sat	sat	sat
/nas3/data/axeyum/corpus/smtlib-2024/non-incremental/non-incremental/QF_RDL/SMT-Temporal-Planning-Benchmarks/cooking05.smt2	sat	sat	sat
/nas3/data/axeyum/corpus/smtlib-2024/non-incremental/non-incremental/QF_RDL/SMT-Temporal-Planning-Benchmarks/cooking06.smt2	sat	sat	sat
/nas3/data/axeyum/corpus/smtlib-2024/non-incremental/non-incremental/QF_RDL/SMT-Temporal-Planning-Benchmarks/cooking07.smt2	sat	sat	sat
/nas3/data/axeyum/corpus/smtlib-2024/non-incremental/non-incremental/QF_RDL/SMT-Temporal-Planning-Benchmarks/cooking08.smt2	sat	sat	sat
/nas3/data/axeyum/corpus/smtlib-2024/non-incremental/non-incremental/QF_RDL/SMT-Temporal-Planning-Benchmarks/cooking09.smt2	sat	sat	sat
/nas3/data/axeyum/corpus/smtlib-2024/non-incremental/non-incremental/QF_RDL/SMT-Temporal-Planning-Benchmarks/cooking10.smt2	sat	sat	sat
/nas3/data/axeyum/corpus/smtlib-2024/non-incremental/non-incremental/QF_RDL/SMT-Temporal-Planning-Benchmarks/cooking11.smt2	sat	sat	sat
/nas3/data/axeyum/corpus/smtlib-2024/non-incremental/non-incremental/QF_RDL/SMT-Temporal-Planning-Benchmarks/cooking12.smt2	sat	sat	sat
/nas3/data/axeyum/corpus/smtlib-2024/non-incremental/non-incremental/QF_RDL/SMT-Temporal-Planning-Benchmarks/cooking13.smt2	sat	sat	sat
/nas3/data/axeyum/corpus/smtlib-2024/non-incremental/non-incremental/QF_RDL/SMT-Temporal-Planning-Benchmarks/cooking14.smt2	sat	sat	sat
/nas3/data/axeyum/corpus/smtlib-2024/non-incremental/non-incremental/QF_RDL/SMT-Temporal-Planning-Benchmarks/cooking15.smt2	sat	sat	sat
/nas3/data/axeyum/corpus/smtlib-2024/non-incremental/non-incremental/QF_RDL/SMT-Temporal-Planning-Benchmarks/cooking16.smt2	sat	sat	sat
/nas3/data/axeyum/corpus/smtlib-2024/non-incremental/non-incremental/QF_RDL/SMT-Temporal-Planning-Benchmarks/cooking17.smt2	sat	sat	sat
/nas3/data/axeyum/corpus/smtlib-2024/non-incremental/non-incremental/QF_RDL/SMT-Temporal-Planning-Benchmarks/cooking18.smt2	sat	sat	sat
/nas3/data/axeyum/corpus/smtlib-2024/non-incremental/non-incremental/QF_RDL/SMT-Temporal-Planning-Benchmarks/cooking19.smt2	sat	sat	sat
/nas3/data/axeyum/corpus/smtlib-2024/non-incremental/non-incremental/QF_RDL/SMT-Temporal-Planning-Benchmarks/cooking20.smt2	sat	sat	sat
/nas3/data/axeyum/corpus/smtlib-2024/non-incremental/non-incremental/QF_RDL/SMT-Temporal-Planning-Benchmarks/cooking21.smt2	sat	sat	sat
/nas3/data/axeyum/corpus/smtlib-2024/non-incremental/non-incremental/QF_RDL/SMT-Temporal-Planning-Benchmarks/cooking22.smt2	sat	sat	sat
/nas3/data/axeyum/corpus/smtlib-2024/non-incremental/non-incremental/QF_RDL/SMT-Temporal-Planning-Benchmarks/tempo-depth-2.smt2	sat	sat	sat
/nas3/data/axeyum/corpus/smtlib-2024/non-incremental/non-incremental/QF_RDL/SMT-Temporal-Planning-Benchmarks/tempo-depth-3.smt2	sat	sat	sat
/nas3/data/axeyum/corpus/smtlib-2024/non-incremental/non-incremental/QF_RDL/SMT-Temporal-Planning-Benchmarks/tempo-depth-4.smt2	sat	sat	sat
/nas3/data/axeyum/corpus/smtlib-2024/non-incremental/non-incremental/QF_RDL/SMT-Temporal-Planning-Benchmarks/tempo-depth-5.smt2	unsolved	sat	sat
/nas3/data/axeyum/corpus/smtlib-2024/non-incremental/non-incremental/QF_RDL/SMT-Temporal-Planning-Benchmarks/tempo-depth-6.smt2	unsolved	sat	sat
/nas3/data/axeyum/corpus/smtlib-2024/non-incremental/non-incremental/QF_RDL/SMT-Temporal-Planning-Benchmarks/tempo-depth-7.smt2	unsolved	sat	sat
/nas3/data/axeyum/corpus/smtlib-2024/non-incremental/non-incremental/QF_RDL/SMT-Temporal-Planning-Benchmarks/tempo-matrix1x1.pddl.smt2	sat	sat	sat
/nas3/data/axeyum/corpus/smtlib-2024/non-incremental/non-incremental/QF_RDL/SMT-Temporal-Planning-Benchmarks/tempo-matrix2x2.pddl.smt2	unsolved	sat	sat
/nas3/data/axeyum/corpus/smtlib-2024/non-incremental/non-incremental/QF_RDL/SMT-Temporal-Planning-Benchmarks/tempo-width-1.smt2	sat	sat	sat
/nas3/data/axeyum/corpus/smtlib-2024/non-incremental/non-incremental/QF_RDL/SMT-Temporal-Planning-Benchmarks/tempo-width-2.smt2	sat	sat	sat
/nas3/data/axeyum/corpus/smtlib-2024/non-incremental/non-incremental/QF_RDL/SMT-Temporal-Planning-Benchmarks/tempo-width-3.smt2	sat	sat	sat
/nas3/data/axeyum/corpus/smtlib-2024/non-incremental/non-incremental/QF_RDL/SMT-Temporal-Planning-Benchmarks/tempo-width-4.smt2	unsolved	sat	sat
/nas3/data/axeyum/corpus/smtlib-2024/non-incremental/non-incremental/QF_RDL/SMT-Temporal-Planning-Benchmarks/tempo-width-5.smt2	unsolved	sat	sat
/nas3/data/axeyum/corpus/smtlib-2024/non-incremental/non-incremental/QF_RDL/SMT-Temporal-Planning-Benchmarks/tempo-width-6.smt2	unsolved	sat	sat
/nas3/data/axeyum/corpus/smtlib-2024/non-incremental/non-incremental/QF_RDL/SMT-Temporal-Planning-Benchmarks/tms-2-3-light-03.smt2	sat	sat	sat
/nas3/data/axeyum/corpus/smtlib-2024/non-incremental/non-incremental/QF_RDL/SMT-Temporal-Planning-Benchmarks/tms-2-3-light-04.smt2	sat	sat	sat
/nas3/data/axeyum/corpus/smtlib-2024/non-incremental/non-incremental/QF_RDL/SMT-Temporal-Planning-Benchmarks/tms-2-3-light-05.smt2	sat	sat	sat
/nas3/data/axeyum/corpus/smtlib-2024/non-incremental/non-incremental/QF_RDL/SMT-Temporal-Planning-Benchmarks/tms-2-3-light-06.smt2	sat	sat	sat
/nas3/data/axeyum/corpus/smtlib-2024/non-incremental/non-incremental/QF_RDL/SMT-Temporal-Planning-Benchmarks/tms-2-3-light-07.smt2	sat	sat	sat
/nas3/data/axeyum/corpus/smtlib-2024/non-incremental/non-incremental/QF_RDL/SMT-Temporal-Planning-Benchmarks/tms-2-3-light-08.smt2	sat	sat	sat
/nas3/data/axeyum/corpus/smtlib-2024/non-incremental/non-incremental/QF_RDL/SMT-Temporal-Planning-Benchmarks/tms-2-3-light-09.smt2	sat	sat	sat
/nas3/data/axeyum/corpus/smtlib-2024/non-incremental/non-incremental/QF_RDL/SMT-Temporal-Planning-Benchmarks/tms-2-3-light-10.smt2	sat	sat	sat
/nas3/data/axeyum/corpus/smtlib-2024/non-incremental/non-incremental/QF_RDL/SMT-Temporal-Planning-Benchmarks/tms-2-3-light-20.smt2	sat	sat	sat
/nas3/data/axeyum/corpus/smtlib-2024/non-incremental/non-incremental/QF_RDL/SMT-Temporal-Planning-Benchmarks/tms-2-3-light-30.smt2	sat	sat	sat
/nas3/data/axeyum/corpus/smtlib-2024/non-incremental/non-incremental/QF_RDL/SMT-Temporal-Planning-Benchmarks/tms-2-3-light-40.smt2	unsolved	sat	sat
/nas3/data/axeyum/corpus/smtlib-2024/non-incremental/non-incremental/QF_RDL/SMT-Temporal-Planning-Benchmarks/tms-2-3-light-60.smt2	unsolved	sat	sat
/nas3/data/axeyum/corpus/smtlib-2024/non-incremental/non-incremental/QF_RDL/SMT-Temporal-Planning-Benchmarks/tms-2-3-light-70.smt2	unsolved	sat	sat
/nas3/data/axeyum/corpus/smtlib-2024/non-incremental/non-incremental/QF_RDL/SMT-Temporal-Planning-Benchmarks/tms-2-3-light-80.smt2	unsolved	sat	sat
/nas3/data/axeyum/corpus/smtlib-2024/non-incremental/non-incremental/QF_RDL/SMT-Temporal-Planning-Benchmarks/tms-2-3-light-90.smt2	unsolved	sat	sat
/nas3/data/axeyum/corpus/smtlib-2024/non-incremental/non-incremental/QF_RDL/check/bignum_rdl1.smt2	unsolved	sat	sat
/nas3/data/axeyum/corpus/smtlib-2024/non-incremental/non-incremental/QF_RDL/check/bignum_rdl2.smt2	unsolved	unsat	unsat
/nas3/data/axeyum/corpus/smtlib-2024/non-incremental/non-incremental/QF_RDL/sal/fischer3-mutex-1.smt2	unsat	unsat	unsat
/nas3/data/axeyum/corpus/smtlib-2024/non-incremental/non-incremental/QF_RDL/sal/fischer3-mutex-10.smt2	unsat	unsat	unsat
/nas3/data/axeyum/corpus/smtlib-2024/non-incremental/non-incremental/QF_RDL/sal/fischer3-mutex-11.smt2	unsat	unsat	unsat
/nas3/data/axeyum/corpus/smtlib-2024/non-incremental/non-incremental/QF_RDL/sal/fischer3-mutex-12.smt2	unsolved	unsat	unsat
/nas3/data/axeyum/corpus/smtlib-2024/non-incremental/non-incremental/QF_RDL/sal/fischer3-mutex-13.smt2	unsolved	unsat	unsat
/nas3/data/axeyum/corpus/smtlib-2024/non-incremental/non-incremental/QF_RDL/sal/fischer3-mutex-14.smt2	unsolved	unsat	unsat
/nas3/data/axeyum/corpus/smtlib-2024/non-incremental/non-incremental/QF_RDL/sal/fischer3-mutex-15.smt2	unsolved	unsat	unsat
/nas3/data/axeyum/corpus/smtlib-2024/non-incremental/non-incremental/QF_RDL/sal/fischer3-mutex-16.smt2	unsolved	unsat	unsat
/nas3/data/axeyum/corpus/smtlib-2024/non-incremental/non-incremental/QF_RDL/sal/fischer3-mutex-17.smt2	unsolved	unsat	unsat
/nas3/data/axeyum/corpus/smtlib-2024/non-incremental/non-incremental/QF_RDL/sal/fischer3-mutex-18.smt2	unsolved	unsat	unsat
/nas3/data/axeyum/corpus/smtlib-2024/non-incremental/non-incremental/QF_RDL/sal/fischer3-mutex-19.smt2	unsolved	unsat	unsat
/nas3/data/axeyum/corpus/smtlib-2024/non-incremental/non-incremental/QF_RDL/sal/fischer3-mutex-2.smt2	unsat	unsat	unsat
/nas3/data/axeyum/corpus/smtlib-2024/non-incremental/non-incremental/QF_RDL/sal/fischer3-mutex-20.smt2	unsolved	unsat	unsat
/nas3/data/axeyum/corpus/smtlib-2024/non-incremental/non-incremental/QF_RDL/sal/fischer3-mutex-3.smt2	unsat	unsat	unsat
/nas3/data/axeyum/corpus/smtlib-2024/non-incremental/non-incremental/QF_RDL/sal/fischer3-mutex-4.smt2	unsat	unsat	unsat
/nas3/data/axeyum/corpus/smtlib-2024/non-incremental/non-incremental/QF_RDL/sal/fischer3-mutex-5.smt2	unsat	unsat	unsat
/nas3/data/axeyum/corpus/smtlib-2024/non-incremental/non-incremental/QF_RDL/sal/fischer3-mutex-6.smt2	unsat	unsat	unsat
/nas3/data/axeyum/corpus/smtlib-2024/non-incremental/non-incremental/QF_RDL/sal/fischer3-mutex-7.smt2	unsat	unsat	unsat
/nas3/data/axeyum/corpus/smtlib-2024/non-incremental/non-incremental/QF_RDL/sal/fischer3-mutex-8.smt2	unsat	unsat	unsat
/nas3/data/axeyum/corpus/smtlib-2024/non-incremental/non-incremental/QF_RDL/sal/fischer3-mutex-9.smt2	unsat	unsat	unsat
/nas3/data/axeyum/corpus/smtlib-2024/non-incremental/non-incremental/QF_RDL/sal/fischer6-mutex-1.smt2	unsat	unsat	unsat
/nas3/data/axeyum/corpus/smtlib-2024/non-incremental/non-incremental/QF_RDL/sal/fischer6-mutex-10.smt2	unsolved	unsat	unsat
/nas3/data/axeyum/corpus/smtlib-2024/non-incremental/non-incremental/QF_RDL/sal/fischer6-mutex-11.smt2	unsolved	unsat	unsat
/nas3/data/axeyum/corpus/smtlib-2024/non-incremental/non-incremental/QF_RDL/sal/fischer6-mutex-12.smt2	unsolved	unsat	unsat
/nas3/data/axeyum/corpus/smtlib-2024/non-incremental/non-incremental/QF_RDL/sal/fischer6-mutex-13.smt2	unsolved	unsat	unsat
/nas3/data/axeyum/corpus/smtlib-2024/non-incremental/non-incremental/QF_RDL/sal/fischer6-mutex-14.smt2	unsolved	unsat	unsat
/nas3/data/axeyum/corpus/smtlib-2024/non-incremental/non-incremental/QF_RDL/sal/fischer6-mutex-15.smt2	unsolved	unsat	unsat
/nas3/data/axeyum/corpus/smtlib-2024/non-incremental/non-incremental/QF_RDL/sal/fischer6-mutex-16.smt2	unsolved	unsat	unsat
/nas3/data/axeyum/corpus/smtlib-2024/non-incremental/non-incremental/QF_RDL/sal/fischer6-mutex-17.smt2	unsolved	unsat	unsat
/nas3/data/axeyum/corpus/smtlib-2024/non-incremental/non-incremental/QF_RDL/sal/fischer6-mutex-18.smt2	unsolved	unsolved	unsat
/nas3/data/axeyum/corpus/smtlib-2024/non-incremental/non-incremental/QF_RDL/sal/fischer6-mutex-19.smt2	unsolved	unsolved	unsat
/nas3/data/axeyum/corpus/smtlib-2024/non-incremental/non-incremental/QF_RDL/sal/fischer6-mutex-2.smt2	unsat	unsat	unsat
/nas3/data/axeyum/corpus/smtlib-2024/non-incremental/non-incremental/QF_RDL/sal/fischer6-mutex-20.smt2	unsolved	unsolved	unsat
/nas3/data/axeyum/corpus/smtlib-2024/non-incremental/non-incremental/QF_RDL/sal/fischer6-mutex-3.smt2	unsat	unsat	unsat
/nas3/data/axeyum/corpus/smtlib-2024/non-incremental/non-incremental/QF_RDL/sal/fischer6-mutex-4.smt2	unsat	unsat	unsat
/nas3/data/axeyum/corpus/smtlib-2024/non-incremental/non-incremental/QF_RDL/sal/fischer6-mutex-5.smt2	unsat	unsat	unsat
/nas3/data/axeyum/corpus/smtlib-2024/non-incremental/non-incremental/QF_RDL/sal/fischer6-mutex-6.smt2	unsat	unsat	unsat
/nas3/data/axeyum/corpus/smtlib-2024/non-incremental/non-incremental/QF_RDL/sal/fischer6-mutex-7.smt2	unsat	unsat	unsat
/nas3/data/axeyum/corpus/smtlib-2024/non-incremental/non-incremental/QF_RDL/sal/fischer6-mutex-8.smt2	unsat	unsat	unsat
/nas3/data/axeyum/corpus/smtlib-2024/non-incremental/non-incremental/QF_RDL/sal/fischer6-mutex-9.smt2	unsolved	unsat	unsat
/nas3/data/axeyum/corpus/smtlib-2024/non-incremental/non-incremental/QF_RDL/sal/fischer9-mutex-1.smt2	unsat	unsat	unsat
/nas3/data/axeyum/corpus/smtlib-2024/non-incremental/non-incremental/QF_RDL/sal/fischer9-mutex-10.smt2	unsolved	unsat	unsat
/nas3/data/axeyum/corpus/smtlib-2024/non-incremental/non-incremental/QF_RDL/sal/fischer9-mutex-11.smt2	unsolved	unsat	unsat
/nas3/data/axeyum/corpus/smtlib-2024/non-incremental/non-incremental/QF_RDL/sal/fischer9-mutex-12.smt2	unsolved	unsat	unsat
/nas3/data/axeyum/corpus/smtlib-2024/non-incremental/non-incremental/QF_RDL/sal/fischer9-mutex-13.smt2	unsolved	unsat	unsat
/nas3/data/axeyum/corpus/smtlib-2024/non-incremental/non-incremental/QF_RDL/sal/fischer9-mutex-14.smt2	unsolved	unsolved	unsat
/nas3/data/axeyum/corpus/smtlib-2024/non-incremental/non-incremental/QF_RDL/sal/fischer9-mutex-15.smt2	unsolved	unsolved	unsat
/nas3/data/axeyum/corpus/smtlib-2024/non-incremental/non-incremental/QF_RDL/sal/fischer9-mutex-16.smt2	unsolved	unsolved	unsat
/nas3/data/axeyum/corpus/smtlib-2024/non-incremental/non-incremental/QF_RDL/sal/fischer9-mutex-17.smt2	unsolved	unsolved	unsat
/nas3/data/axeyum/corpus/smtlib-2024/non-incremental/non-incremental/QF_RDL/sal/fischer9-mutex-18.smt2	unsolved	unsolved	unsat
/nas3/data/axeyum/corpus/smtlib-2024/non-incremental/non-incremental/QF_RDL/sal/fischer9-mutex-19.smt2	unsolved	unsolved	unsat
/nas3/data/axeyum/corpus/smtlib-2024/non-incremental/non-incremental/QF_RDL/sal/fischer9-mutex-2.smt2	unsat	unsat	unsat
/nas3/data/axeyum/corpus/smtlib-2024/non-incremental/non-incremental/QF_RDL/sal/fischer9-mutex-20.smt2	unsolved	unsolved	unsat
/nas3/data/axeyum/corpus/smtlib-2024/non-incremental/non-incremental/QF_RDL/sal/fischer9-mutex-3.smt2	unsat	unsat	unsat
/nas3/data/axeyum/corpus/smtlib-2024/non-incremental/non-incremental/QF_RDL/sal/fischer9-mutex-4.smt2	unsat	unsat	unsat
/nas3/data/axeyum/corpus/smtlib-2024/non-incremental/non-incremental/QF_RDL/sal/fischer9-mutex-5.smt2	unsat	unsat	unsat
/nas3/data/axeyum/corpus/smtlib-2024/non-incremental/non-incremental/QF_RDL/sal/fischer9-mutex-6.smt2	unsat	unsat	unsat
/nas3/data/axeyum/corpus/smtlib-2024/non-incremental/non-incremental/QF_RDL/sal/fischer9-mutex-7.smt2	unsat	unsat	unsat
/nas3/data/axeyum/corpus/smtlib-2024/non-incremental/non-incremental/QF_RDL/sal/fischer9-mutex-8.smt2	unsolved	unsat	unsat
/nas3/data/axeyum/corpus/smtlib-2024/non-incremental/non-incremental/QF_RDL/sal/fischer9-mutex-9.smt2	unsolved	unsat	unsat
/nas3/data/axeyum/corpus/smtlib-2024/non-incremental/non-incremental/QF_RDL/scheduling/abz5_1000.smt2	unsat	unsat	unsat
/nas3/data/axeyum/corpus/smtlib-2024/non-incremental/non-incremental/QF_RDL/scheduling/abz5_1200.smt2	unsolved	unsat	unsat
/nas3/data/axeyum/corpus/smtlib-2024/non-incremental/non-incremental/QF_RDL/scheduling/abz5_1234.smt2	unsolved	unsolved	sat
/nas3/data/axeyum/corpus/smtlib-2024/non-incremental/non-incremental/QF_RDL/scheduling/abz5_1300.smt2	sat	sat	sat
/nas3/data/axeyum/corpus/smtlib-2024/non-incremental/non-incremental/QF_RDL/scheduling/abz5_1400.smt2	sat	sat	sat
/nas3/data/axeyum/corpus/smtlib-2024/non-incremental/non-incremental/QF_RDL/scheduling/abz6_1000.smt2	sat	sat	sat
/nas3/data/axeyum/corpus/smtlib-2024/non-incremental/non-incremental/QF_RDL/scheduling/abz6_1100.smt2	sat	sat	sat
/nas3/data/axeyum/corpus/smtlib-2024/non-incremental/non-incremental/QF_RDL/scheduling/abz6_800.smt2	unsat	unsat	unsat
/nas3/data/axeyum/corpus/smtlib-2024/non-incremental/non-incremental/QF_RDL/scheduling/abz6_900.smt2	unsat	unsat	unsat
/nas3/data/axeyum/corpus/smtlib-2024/non-incremental/non-incremental/QF_RDL/scheduling/abz6_943.smt2	sat	sat	sat
/nas3/data/axeyum/corpus/smtlib-2024/non-incremental/non-incremental/QF_RDL/scheduling/abz7_500.smt2	unsolved	unsat	unsat
/nas3/data/axeyum/corpus/smtlib-2024/non-incremental/non-incremental/QF_RDL/scheduling/abz7_600.smt2	unsolved	unsolved	unknown
/nas3/data/axeyum/corpus/smtlib-2024/non-incremental/non-incremental/QF_RDL/scheduling/abz7_667.smt2	unsolved	unsolved	unknown
/nas3/data/axeyum/corpus/smtlib-2024/non-incremental/non-incremental/QF_RDL/scheduling/abz7_670.smt2	unsolved	unsolved	unknown
/nas3/data/axeyum/corpus/smtlib-2024/non-incremental/non-incremental/QF_RDL/scheduling/abz7_691.smt2	unsolved	unsolved	sat
/nas3/data/axeyum/corpus/smtlib-2024/non-incremental/non-incremental/QF_RDL/scheduling/abz7_700.smt2	unsolved	unsolved	sat
/nas3/data/axeyum/corpus/smtlib-2024/non-incremental/non-incremental/QF_RDL/scheduling/abz7_800.smt2	unsolved	unsolved	sat
/nas3/data/axeyum/corpus/smtlib-2024/non-incremental/non-incremental/QF_RDL/scheduling/orb01_1000.smt2	unsolved	unsolved	unsat
/nas3/data/axeyum/corpus/smtlib-2024/non-incremental/non-incremental/QF_RDL/scheduling/orb01_1059.smt2	unsolved	unsolved	sat
/nas3/data/axeyum/corpus/smtlib-2024/non-incremental/non-incremental/QF_RDL/scheduling/orb01_1100.smt2	unsolved	unsolved	sat
/nas3/data/axeyum/corpus/smtlib-2024/non-incremental/non-incremental/QF_RDL/scheduling/orb01_1200.smt2	sat	sat	sat
/nas3/data/axeyum/corpus/smtlib-2024/non-incremental/non-incremental/QF_RDL/scheduling/orb01_900.smt2	unsolved	unsat	unsat
/nas3/data/axeyum/corpus/smtlib-2024/non-incremental/non-incremental/QF_RDL/scheduling/orb02_1000.smt2	sat	sat	sat
/nas3/data/axeyum/corpus/smtlib-2024/non-incremental/non-incremental/QF_RDL/scheduling/orb02_700.smt2	unsat	unsat	unsat
/nas3/data/axeyum/corpus/smtlib-2024/non-incremental/non-incremental/QF_RDL/scheduling/orb02_800.smt2	unsat	unsat	unsat
/nas3/data/axeyum/corpus/smtlib-2024/non-incremental/non-incremental/QF_RDL/scheduling/orb02_888.smt2	sat	sat	sat
/nas3/data/axeyum/corpus/smtlib-2024/non-incremental/non-incremental/QF_RDL/scheduling/orb02_900.smt2	sat	sat	sat
/nas3/data/axeyum/corpus/smtlib-2024/non-incremental/non-incremental/QF_RDL/scheduling/orb03_1005.smt2	unsolved	unsolved	sat
/nas3/data/axeyum/corpus/smtlib-2024/non-incremental/non-incremental/QF_RDL/scheduling/orb03_1100.smt2	sat	sat	sat
/nas3/data/axeyum/corpus/smtlib-2024/non-incremental/non-incremental/QF_RDL/scheduling/orb03_1200.smt2	sat	sat	sat
/nas3/data/axeyum/corpus/smtlib-2024/non-incremental/non-incremental/QF_RDL/scheduling/orb03_850.smt2	unsat	unsat	unsat
/nas3/data/axeyum/corpus/smtlib-2024/non-incremental/non-incremental/QF_RDL/scheduling/orb03_950.smt2	unsolved	unsolved	unsat
/nas3/data/axeyum/corpus/smtlib-2024/non-incremental/non-incremental/QF_RDL/scheduling/orb04_1005.smt2	unsolved	unsolved	sat
/nas3/data/axeyum/corpus/smtlib-2024/non-incremental/non-incremental/QF_RDL/scheduling/orb04_1100.smt2	sat	sat	sat
/nas3/data/axeyum/corpus/smtlib-2024/non-incremental/non-incremental/QF_RDL/scheduling/orb04_1200.smt2	sat	sat	sat
/nas3/data/axeyum/corpus/smtlib-2024/non-incremental/non-incremental/QF_RDL/scheduling/orb04_850.smt2	unsat	unsat	unsat
/nas3/data/axeyum/corpus/smtlib-2024/non-incremental/non-incremental/QF_RDL/scheduling/orb04_950.smt2	unsolved	unsat	unsat
/nas3/data/axeyum/corpus/smtlib-2024/non-incremental/non-incremental/QF_RDL/scheduling/orb05_1000.smt2	sat	sat	sat
/nas3/data/axeyum/corpus/smtlib-2024/non-incremental/non-incremental/QF_RDL/scheduling/orb05_700.smt2	unsat	unsat	unsat
/nas3/data/axeyum/corpus/smtlib-2024/non-incremental/non-incremental/QF_RDL/scheduling/orb05_800.smt2	unsat	unsat	unsat
/nas3/data/axeyum/corpus/smtlib-2024/non-incremental/non-incremental/QF_RDL/scheduling/orb05_887.smt2	sat	sat	sat
/nas3/data/axeyum/corpus/smtlib-2024/non-incremental/non-incremental/QF_RDL/scheduling/orb05_900.smt2	sat	sat	sat
/nas3/data/axeyum/corpus/smtlib-2024/non-incremental/non-incremental/QF_RDL/scheduling/orb06_1000.smt2	unsolved	unsolved	unsat
/nas3/data/axeyum/corpus/smtlib-2024/non-incremental/non-incremental/QF_RDL/scheduling/orb06_1010.smt2	unsolved	unsolved	sat
/nas3/data/axeyum/corpus/smtlib-2024/non-incremental/non-incremental/QF_RDL/scheduling/orb06_1100.smt2	unsolved	sat	sat
/nas3/data/axeyum/corpus/smtlib-2024/non-incremental/non-incremental/QF_RDL/scheduling/orb06_1200.smt2	sat	sat	sat
/nas3/data/axeyum/corpus/smtlib-2024/non-incremental/non-incremental/QF_RDL/scheduling/orb06_900.smt2	unsolved	unsat	unsat
/nas3/data/axeyum/corpus/smtlib-2024/non-incremental/non-incremental/QF_RDL/scheduling/orb07_250.smt2	unsat	unsat	unsat
/nas3/data/axeyum/corpus/smtlib-2024/non-incremental/non-incremental/QF_RDL/scheduling/orb07_330.smt2	unsat	unsat	unsat
/nas3/data/axeyum/corpus/smtlib-2024/non-incremental/non-incremental/QF_RDL/scheduling/orb07_397.smt2	unsolved	sat	sat
/nas3/data/axeyum/corpus/smtlib-2024/non-incremental/non-incremental/QF_RDL/scheduling/orb07_430.smt2	sat	sat	sat
/nas3/data/axeyum/corpus/smtlib-2024/non-incremental/non-incremental/QF_RDL/scheduling/orb07_550.smt2	sat	sat	sat
/nas3/data/axeyum/corpus/smtlib-2024/non-incremental/non-incremental/QF_RDL/scheduling/orb08_1000.smt2	sat	sat	sat
/nas3/data/axeyum/corpus/smtlib-2024/non-incremental/non-incremental/QF_RDL/scheduling/orb08_700.smt2	unsat	unsat	unsat
/nas3/data/axeyum/corpus/smtlib-2024/non-incremental/non-incremental/QF_RDL/scheduling/orb08_830.smt2	unsat	unsat	unsat
/nas3/data/axeyum/corpus/smtlib-2024/non-incremental/non-incremental/QF_RDL/scheduling/orb08_888.smt2	unsolved	unsat	unsat
/nas3/data/axeyum/corpus/smtlib-2024/non-incremental/non-incremental/QF_RDL/scheduling/orb08_930.smt2	unsolved	sat	sat
/nas3/data/axeyum/corpus/smtlib-2024/non-incremental/non-incremental/QF_RDL/scheduling/orb09_1000.smt2	sat	sat	sat
/nas3/data/axeyum/corpus/smtlib-2024/non-incremental/non-incremental/QF_RDL/scheduling/orb09_1100.smt2	sat	sat	sat
/nas3/data/axeyum/corpus/smtlib-2024/non-incremental/non-incremental/QF_RDL/scheduling/orb09_800.smt2	unsat	unsat	unsat
/nas3/data/axeyum/corpus/smtlib-2024/non-incremental/non-incremental/QF_RDL/scheduling/orb09_900.smt2	unsat	unsat	unsat
/nas3/data/axeyum/corpus/smtlib-2024/non-incremental/non-incremental/QF_RDL/scheduling/orb09_934.smt2	unsolved	unsolved	sat
/nas3/data/axeyum/corpus/smtlib-2024/non-incremental/non-incremental/QF_RDL/scheduling/orb10_1000.smt2	sat	sat	sat
/nas3/data/axeyum/corpus/smtlib-2024/non-incremental/non-incremental/QF_RDL/scheduling/orb10_1100.smt2	sat	sat	sat
/nas3/data/axeyum/corpus/smtlib-2024/non-incremental/non-incremental/QF_RDL/scheduling/orb10_800.smt2	unsat	unsat	unsat
/nas3/data/axeyum/corpus/smtlib-2024/non-incremental/non-incremental/QF_RDL/scheduling/orb10_900.smt2	unsolved	unsat	unsat
/nas3/data/axeyum/corpus/smtlib-2024/non-incremental/non-incremental/QF_RDL/scheduling/orb10_944.smt2	unsolved	sat	sat
/nas3/data/axeyum/corpus/smtlib-2024/non-incremental/non-incremental/QF_RDL/scheduling/swv11_2900.smt2	unsolved	unsolved	unknown
/nas3/data/axeyum/corpus/smtlib-2024/non-incremental/non-incremental/QF_RDL/scheduling/swv11_2983.smt2	unsolved	unsolved	unknown
/nas3/data/axeyum/corpus/smtlib-2024/non-incremental/non-incremental/QF_RDL/scheduling/swv11_2988.smt2	unsolved	unsolved	unknown
/nas3/data/axeyum/corpus/smtlib-2024/non-incremental/non-incremental/QF_RDL/scheduling/swv11_2992.smt2	unsolved	unsolved	unknown
/nas3/data/axeyum/corpus/smtlib-2024/non-incremental/non-incremental/QF_RDL/scheduling/swv11_3050.smt2	unsolved	unsolved	unknown
/nas3/data/axeyum/corpus/smtlib-2024/non-incremental/non-incremental/QF_RDL/scheduling/swv12_2900.smt2	unsolved	unsolved	unknown
/nas3/data/axeyum/corpus/smtlib-2024/non-incremental/non-incremental/QF_RDL/scheduling/swv12_2972.smt2	unsolved	unsolved	unknown
/nas3/data/axeyum/corpus/smtlib-2024/non-incremental/non-incremental/QF_RDL/scheduling/swv12_2990.smt2	unsolved	unsolved	unknown
/nas3/data/axeyum/corpus/smtlib-2024/non-incremental/non-incremental/QF_RDL/scheduling/swv12_3004.smt2	unsolved	unsolved	unknown
/nas3/data/axeyum/corpus/smtlib-2024/non-incremental/non-incremental/QF_RDL/scheduling/swv12_3050.smt2	unsolved	unsolved	unknown
/nas3/data/axeyum/corpus/smtlib-2024/non-incremental/non-incremental/QF_RDL/scheduling/swv13_3000.smt2	unsolved	unsolved	unknown
/nas3/data/axeyum/corpus/smtlib-2024/non-incremental/non-incremental/QF_RDL/scheduling/swv13_3104.smt2	unsolved	unsolved	unknown
/nas3/data/axeyum/corpus/smtlib-2024/non-incremental/non-incremental/QF_RDL/scheduling/swv13_3150.smt2	unsolved	unsolved	unknown
/nas3/data/axeyum/corpus/smtlib-2024/non-incremental/non-incremental/QF_RDL/scheduling/swv13_3200.smt2	unsolved	unsolved	unknown
/nas3/data/axeyum/corpus/smtlib-2024/non-incremental/non-incremental/QF_RDL/scheduling/swv14_2800.smt2	unsolved	unsolved	unknown
/nas3/data/axeyum/corpus/smtlib-2024/non-incremental/non-incremental/QF_RDL/scheduling/swv14_2885.smt2	unsolved	unsolved	unknown
/nas3/data/axeyum/corpus/smtlib-2024/non-incremental/non-incremental/QF_RDL/scheduling/swv14_2895.smt2	unsolved	unsolved	unknown
/nas3/data/axeyum/corpus/smtlib-2024/non-incremental/non-incremental/QF_RDL/scheduling/swv14_2905.smt2	unsolved	unsolved	unknown
/nas3/data/axeyum/corpus/smtlib-2024/non-incremental/non-incremental/QF_RDL/scheduling/swv14_3000.smt2	unsolved	unsolved	unknown
/nas3/data/axeyum/corpus/smtlib-2024/non-incremental/non-incremental/QF_RDL/scheduling/yn1_750.smt2	unsolved	unsat	unsat
