file	axeyum	ax_s	z3	z3_s	cvc5	cvc5_s
Stroeder_15__2Nested_true-termination.c__p20185_terminationG_0.smt2	sat	2.41	sat	0.21	unknown	26.22
Stroeder_15__ChenFlurMukhopadhyay-SAS2012-Ex2.02_false-termination.c__p21008_terminationG_0.smt2	unknown	24.23	sat	5.71	unknown	26.22
Stroeder_15__ChenFlurMukhopadhyay-SAS2012-Ex2.14_false-termination.c__p21457_edge_closing_0.smt2	sat	5.92	sat	2.41	unknown	26.21
Stroeder_15__ChenFlurMukhopadhyay-SAS2012-Ex3.06_false-termination.c__p22014_terminationG_0.smt2	unknown	24.74	unsat	1.41	unknown	26.21
Stroeder_15__DivWithoutMinus.c__p22517_edge_closing_0.smt2	unknown	24.43	sat	1.51	unknown	26.22
Stroeder_15__GCD.c__p23185_terminationG_0.smt2	unknown	24.44	unknown	24.03	unknown	26.22
Stroeder_15__GulwaniJainKoskinen-PLDI2009-Fig1_true-termination.c__p23483_edge_closing_0.smt2	unknown	24.44	unsat	17.13	unknown	26.21
Stroeder_15__LeikeHeizmann-WST2014-Ex5_false-termination.c__p24052_edge_closing_0.smt2	unknown	20.23	sat	0.61	unknown	26.21
Stroeder_15__MirrorIntervSim.c__p24484_terminationG_0.smt2	unknown	20.23	unknown	24.03	unknown	26.22
Stroeder_15__NonTermination2_false-termination.c__p24932_edge_closing_0.smt2	unknown	19.33	sat	5.91	unknown	26.21
Stroeder_15__Sunset.c__terminationQ_0_0.smt2	unknown	16.63	unsat	0.31	unknown	26.21
Stroeder_15__svcomp_ex2.c__p25866_terminationG_0.smt2	unknown	24.24	unsat	1.21	unsat	3.81
Ton_Chanh_15__Benghazi_nondet_true-termination.c__p26690_terminationG_0.smt2	unknown	16.12	sat	7.82	unknown	26.21
Ton_Chanh_15__Hanoi_3vars_false-termination.c__terminationQ_13_0.smt2	unsat	3.11	unsat	0.41	unsat	0.11
Ton_Chanh_15__Singapore_true-termination.c__p27347_terminationG_0.smt2	unknown	23.13	sat	0.11	sat	0.11
From_AProVE_2014__ConvertRec.jar-obl-9__p28030_safety_0.smt2	unknown	24.14	unknown	24.03	unknown	26.21
From_AProVE_2014__DivMinus.jar-obl-11__p28570_edge_closing_0.smt2	unknown	24.24	unknown	24.03	unknown	26.21
From_AProVE_2014__Et3.jar-obl-9__p28829_terminationG_0.smt2	unknown	22.13	unknown	24.03	unknown	26.21
From_AProVE_2014__FlattenTreeListRec.jar-obl-10__p29567_safety_0.smt2	unknown	24.43	sat	1.11	sat	3.42
From_AProVE_2014__LessLeaves.jar-obl-10__p10018_edge_closing_0.smt2	unknown	24.23	unknown	24.03	unknown	26.22
From_AProVE_2014__MainDelete.jar-obl-10__p10430_safety_0.smt2	unknown	20.93	unsat	7.62	unknown	26.21
From_AProVE_2014__Matrix.jar-obl-16__p10854_edge_closing_0.smt2	unknown	24.24	unknown	24.03	unknown	26.22
From_AProVE_2014__NO_12.jar-obl-8__p11373_terminationG_0.smt2	unknown	20.23	unknown	24.03	unknown	26.22
From_AProVE_2014__RandomHard.jar-obl-10__p11834_safety_0.smt2	unknown	24.34	unknown	24.03	unknown	26.22
From_AProVE_2014__SortCount.jar-obl-10__terminationS_2_0.smt2	unknown	10.92	unsat	7.42	unsat	1.51
From_AProVE_2014__Test13Loops.jar-obl-10__p12737_edge_closing_0.smt2	unknown	24.94	sat	2.61	unknown	26.22
From_AProVE_2014__Test6.jar-obl-13__terminationS_36_0.smt2	unknown	24.34	unsat	13.02	unsat	20.33
From_AProVE_2014__Velroyen08-complInterv3.jar-obl-8__p13362_terminationG_0.smt2	unknown	23.13	unsat	0.91	unknown	26.21
From_AProVE_2014__Velroyen08-factorial.jar-obl-8__p13829_terminationG_0.smt2	unknown	24.14	unsat	0.81	unsat	1.51
From_AProVE_2014__Velroyen08-middle.jar-obl-8__p14206_terminationG_0.smt2	unknown	19.03	unknown	24.03	unknown	26.22
From_AProVE_2014__Velroyen08-upAndDownIneq.jar-obl-8__terminationS_1_0.smt2	unknown	16.32	unsat	2.31	unknown	26.21
From_AProVE_2014__cousot_rec.jar-obl-8__p28312_terminationG_0.smt2	unknown	24.44	unsat	1.91	unsat	15.33
From_AProVE_2014__juHashMapCreate.jar-obl-10__p4414_safety_0.smt2	unknown	11.82	unknown	24.03	unknown	26.22
From_AProVE_2014__juHashMapCreate.jar-obl-10__p4676_safety_0.smt2	unknown	10.92	sat	1.71	unknown	26.22
From_AProVE_2014__juHashMapCreate.jar-obl-10__p4943_safety_0.smt2	unknown	10.92	sat	2.11	sat	1.31
From_AProVE_2014__juHashMapCreate.jar-obl-10__p5184_terminationG_0.smt2	unknown	11.32	unknown	24.03	unknown	26.21
From_AProVE_2014__juHashMapCreateClear.jar-obl-11__p29879_safety_0.smt2	unknown	10.92	unknown	24.03	unknown	26.21
From_AProVE_2014__juHashMapCreateClear.jar-obl-11__p30175_safety_0.smt2	unknown	10.92	unknown	24.03	unknown	26.22
From_AProVE_2014__juHashMapCreateClear.jar-obl-11__p30440_safety_0.smt2	unknown	10.92	unknown	24.03	unknown	26.22
From_AProVE_2014__juHashMapCreateClear.jar-obl-11__p30726_safety_0.smt2	unknown	10.92	sat	0.91	sat	0.81
From_AProVE_2014__juHashMapCreateContainsKey.jar-obl-11__p30967_safety_0.smt2	unknown	10.92	sat	8.32	unknown	26.21
From_AProVE_2014__juHashMapCreateContainsKey.jar-obl-11__p31253_safety_0.smt2	unknown	13.03	sat	0.41	sat	0.91
From_AProVE_2014__juHashMapCreateContainsKey.jar-obl-11__p31541_safety_0.smt2	unknown	11.82	sat	1.01	unknown	26.21
From_AProVE_2014__juHashMapCreateContainsKey.jar-obl-11__p31818_safety_0.smt2	unknown	23.63	sat	2.11	sat	0.31
From_AProVE_2014__juHashMapCreateContainsValue.jar-obl-11__p32069_safety_0.smt2	unknown	11.12	sat	1.81	unknown	26.22
From_AProVE_2014__juHashMapCreateContainsValue.jar-obl-11__p32332_safety_0.smt2	unknown	10.92	sat	2.11	unknown	26.22
From_AProVE_2014__juHashMapCreateContainsValue.jar-obl-11__p32598_safety_0.smt2	unknown	11.12	sat	0.41	sat	20.73
From_AProVE_2014__juHashMapCreateContainsValue.jar-obl-11__p420_safety_0.smt2	unknown	10.92	sat	1.82	unknown	26.21
From_AProVE_2014__juHashMapCreateIsEmpty.jar-obl-10__p1784_safety_0.smt2	unknown	23.54	sat	0.81	sat	0.31
From_AProVE_2014__juHashMapCreateIsEmpty.jar-obl-10__p2235_terminationG_0.smt2	unknown	11.72	sat	0.61	sat	1.51
From_AProVE_2014__juHashMapCreateIsEmpty.jar-obl-10__p2587_safety_0.smt2	unknown	10.92	sat	1.21	unknown	26.21
From_AProVE_2014__juHashMapCreateIsEmpty.jar-obl-10__p2868_edge_closing_0.smt2	unknown	24.64	unknown	24.13	unknown	26.21
From_AProVE_2014__juHashMapCreateIteratorEntryLoop.jar-obl-12__p3150_safety_0.smt2	unknown	23.53	sat	0.91	unknown	26.22
From_AProVE_2014__juHashMapCreatePut.jar-obl-10__p5428_safety_0.smt2	unknown	10.92	sat	0.41	unknown	26.21
From_AProVE_2014__juHashMapCreatePut.jar-obl-10__p5722_safety_0.smt2	unknown	13.23	sat	0.51	unknown	26.21
From_AProVE_2014__juHashMapCreatePut.jar-obl-10__p6041_safety_0.smt2	unknown	24.03	unsat	1.11	unknown	26.22
From_AProVE_2014__juHashMapCreatePut.jar-obl-10__p6315_safety_0.smt2	unknown	10.92	unknown	24.03	unknown	26.21
From_AProVE_2014__juHashMapCreateRemove.jar-obl-11__p6637_safety_0.smt2	unknown	13.02	sat	0.41	unknown	26.22
From_AProVE_2014__juHashMapCreateRemove.jar-obl-11__p6984_safety_0.smt2	unknown	11.72	sat	2.11	sat	0.61
From_AProVE_2014__juHashMapCreateSize.jar-obl-10__p7265_safety_0.smt2	unknown	10.92	sat	2.11	sat	0.51
From_AProVE_2014__juHashMapCreateSize.jar-obl-10__p7535_safety_0.smt2	unknown	11.82	sat	5.42	unknown	26.22
From_AProVE_2014__juLinkedListCreateAddAll.jar-obl-11__p9492_safety_0.smt2	unknown	24.33	sat	8.72	unknown	26.22
From_AProVE_2014__juLinkedListCreateAddAllAt.jar-obl-17__p7725_safety_0.smt2	unknown	24.24	sat	1.81	sat	9.22
From_AProVE_2014__juLinkedListCreateAddAllAt.jar-obl-17__p7871_safety_0.smt2	unknown	24.44	sat	6.62	sat	22.83
From_AProVE_2014__juLinkedListCreateAddAllAt.jar-obl-17__p8065_safety_0.smt2	unknown	24.33	sat	12.82	unknown	26.22
From_AProVE_2014__juLinkedListCreateAddAllAt.jar-obl-17__p8261_safety_0.smt2	unknown	24.23	sat	5.72	sat	5.02
From_AProVE_2014__juLinkedListCreateAddAllAt.jar-obl-17__p8434_safety_0.smt2	unknown	24.24	sat	0.51	sat	1.21
From_AProVE_2014__juLinkedListCreateAddAllAt.jar-obl-17__p8651_safety_0.smt2	unknown	24.44	sat	0.61	sat	0.41
From_AProVE_2014__juLinkedListCreateAddAllAt.jar-obl-17__p8809_safety_0.smt2	unknown	24.43	sat	1.61	sat	5.71
From_AProVE_2014__juLinkedListCreateAddAllAt.jar-obl-17__p8992_safety_0.smt2	unknown	24.23	sat	1.61	sat	2.91
From_AProVE_2014__juLinkedListCreateAddAllAt.jar-obl-17__p9188_safety_0.smt2	unknown	24.74	sat	0.31	unknown	26.21
From_AProVE_2014__juLinkedListCreateContainsAll.jar-obl-11__terminationS_0_0.smt2	unknown	24.94	unknown	24.14	unknown	26.21
From_AProVE_2014__mirrorInterv_rec.jar-obl-8__p10955_edge_closing_0.smt2	unknown	24.24	unknown	24.03	unknown	26.22
From_AProVE_2014__whileNested_rec.jar-obl-9__p14976_terminationG_0.smt2	unknown	24.23	unsat	4.02	unknown	26.21
From_T2__afagp-fail.t2__p15482_terminationG_0.smt2	unknown	12.32	unknown	24.03	unknown	26.21
From_T2__agafp.t2_fixed__terminationS_0_0.smt2	unknown	24.74	unsat	16.13	unknown	26.21
From_T2__apchild-accepted.t2__p16321_terminationG_0.smt2	unknown	8.92	unknown	24.14	unknown	26.22
From_T2__apchild-live.t2_fixed__p16479_terminationG_0.smt2	unknown	24.93	sat	2.81	unknown	26.21
From_T2__apchildlive-succeed.t2_fixed__p16399_edge_closing_0.smt2	unknown	17.03	unknown	24.13	unknown	26.21
From_T2__broydn.c.i.broydn.pl.t2.fixed.t2__term_unfeasibility_3_0.smt2	unknown	24.74	sat	9.62	sat	7.52
From_T2__byron-4.t2__p17594_terminationG_0.smt2	unknown	24.23	unknown	24.03	unknown	26.21
From_T2__consts1nt.t2__p17935_terminationG_0.smt2	unsat	2.81	unsat	0.41	unsat	0.11
From_T2__consts5nt.t2__p18457_edge_closing_0.smt2	unknown	24.44	sat	1.81	unknown	26.22
From_T2__db2.t2_fixed__terminationS_29_0.smt2	unknown	24.64	unsat	1.21	unsat	14.82
From_T2__disj_nightmare.t2__p18944_edge_closing_0.smt2	unknown	25.13	sat	0.71	sat	11.62
From_T2__edn.t2__p20109_safety_0.smt2	unknown	24.94	sat	0.21	unknown	26.21
From_T2__edn.t2__p20676_safety_0.smt2	unknown	24.43	sat	1.01	unknown	26.21
From_T2__efegp.t2__p21963_edge_closing_0.smt2	unknown	24.64	sat	1.41	sat	4.81
From_T2__ex19.t2__p22319_terminationG_0.smt2	unknown	24.14	unsat	1.01	unknown	26.22
From_T2__ex36.t2__p26914_safety_0.smt2	unknown	25.03	sat	0.41	sat	0.41
From_T2__ex36.t2__p28763_safety_0.smt2	unknown	25.03	sat	1.21	sat	0.31
From_T2__ex36.t2__p29986_safety_0.smt2	unknown	20.83	unsat	0.61	unsat	0.21
From_T2__ex36.t2__p31135_safety_0.smt2	unknown	24.54	sat	0.41	sat	0.31
From_T2__ex36.t2__p31933_safety_0.smt2	unknown	25.14	unknown	24.03	unknown	26.22
From_T2__ex36.t2_fixed__p23563_safety_0.smt2	sat	8.92	sat	0.51	sat	0.11
From_T2__firewire.t2__terminationS_13_0.smt2	unknown	11.12	unknown	24.03	unknown	26.22
From_T2__foo.t2__terminationS_32_0.smt2	unknown	21.63	unknown	24.14	unknown	26.21
From_T2__fun1.t2_fixed__p697_terminationG_0.smt2	unknown	24.64	unknown	24.03	unknown	26.22
From_T2__fun1b.t2__terminationS_11_0.smt2	unknown	24.23	unsat	4.62	unsat	16.23
From_T2__fun7.t2__p1152_terminationG_0.smt2	unknown	24.44	unknown	24.13	unknown	26.22
From_T2__fun9.t2__p1346_edge_closing_0.smt2	unknown	24.24	sat	1.21	unknown	26.21
From_T2__fun9.t2__p1480_edge_closing_0.smt2	unknown	24.64	sat	2.51	unknown	26.22
From_T2__hqr.c.i.hqr.pl.t2.fixed.t2_fixed__terminationS_36_0.smt2	unknown	24.34	unsat	1.21	unsat	9.82
From_T2__hqr.c.i.hqr.pl.t2.nor.t2.rlgfixed.t2_fixed__terminationS_45_0.smt2	unknown	24.23	unsat	14.22	unsat	11.32
From_T2__hqr.t2_fixed__terminationS_36_0.smt2	unknown	24.44	unsat	1.91	unknown	26.22
From_T2__janne_complex.t2__p2263_terminationG_0.smt2	unknown	11.72	unknown	24.03	unknown	26.21
From_T2__mc91.t2__p2846_terminationG_0.smt2	unknown	18.63	unknown	24.03	unknown	26.21
From_T2__mc91test.t2__p3142_terminationG_0.smt2	sat	12.42	unknown	24.03	unknown	26.21
From_T2__n-10.t2__p3427_edge_closing_0.smt2	unknown	24.73	sat	2.91	unknown	26.21
From_T2__n-21.t2__p3959_terminationG_0.smt2	unsat	8.42	unsat	0.81	unsat	0.31
From_T2__n-40.t2__p4304_terminationG_0.smt2	unknown	11.02	unknown	24.03	unknown	26.22
From_T2__n-5.t2__p4694_edge_closing_0.smt2	unknown	24.43	sat	3.01	unknown	26.22
From_T2__n-7.t2__p5005_terminationG_0.smt2	unknown	24.33	unknown	24.03	unknown	26.21
From_T2__n-7.t2_fixed__p4922_terminationG_0.smt2	unsat	6.22	unsat	0.61	unsat	0.21
From_T2__nakata.t2__p5351_edge_closing_0.smt2	unknown	13.23	unknown	24.03	unknown	26.21
From_T2__p-43-terminate.t2__term_unfeasibility_1_0.smt2	unknown	24.23	unsat	0.81	unsat	1.01
From_T2__pentagon.t2__p7110_edge_closing_0.smt2	unknown	25.13	unknown	24.03	unknown	26.22
From_T2__polling.t2_fixed__p7335_terminationG_0.smt2	unknown	24.44	sat	5.72	unknown	26.22
From_T2__ppblock.t2__p7749_edge_closing_0.smt2	unknown	12.42	unknown	24.03	unknown	26.22
From_T2__queens.t2__term_unfeasibility_1_0.smt2	unknown	24.84	sat	2.41	sat	5.21
From_T2__rlft3.c.i.rlft3.pl.t2.fixed.t2__p8813_terminationG_0.smt2	unknown	21.93	unsat	10.12	unknown	26.21
From_T2__rlft3.t2__p9106_terminationG_0.smt2	unknown	11.02	unknown	24.14	unknown	26.22
From_T2__s1-striped.t2__p12578_safety_0.smt2	unknown	20.53	unknown	24.03	unknown	26.21
From_T2__s1-striped.t2__p13494_safety_0.smt2	sat	13.02	sat	20.13	unknown	26.21
From_T2__s1-striped.t2__p14253_safety_0.smt2	sat	12.22	sat	7.62	sat	1.61
From_T2__s1-striped.t2_fixed__p10157_safety_0.smt2	sat	17.23	sat	1.31	unknown	26.22
From_T2__s1-striped.t2_fixed__p10785_safety_0.smt2	sat	12.62	sat	7.12	unknown	26.21
From_T2__s1-striped.t2_fixed__p11698_safety_0.smt2	unknown	18.23	unsat	2.11	unsat	0.31
From_T2__s1.t2__p18409_safety_0.smt2	unknown	18.43	unsat	0.51	unsat	0.81
From_T2__s1.t2__p19291_safety_0.smt2	sat	11.52	sat	0.51	sat	1.31
From_T2__s1.t2__p20015_safety_0.smt2	unknown	24.13	sat	0.71	sat	1.31
From_T2__s1.t2_fixed__p15159_terminationG_0.smt2	unknown	24.34	sat	2.71	unknown	26.21
From_T2__s1.t2_fixed__p16687_safety_0.smt2	unknown	20.53	unknown	24.03	unknown	26.21
From_T2__sas2.t2__terminationQ_2_0.smt2	unknown	11.52	sat	1.81	sat	23.93
From_T2__slayer-3-filtered.t2__p21659_terminationG_0.smt2	unknown	11.32	unknown	24.03	unknown	26.22
From_T2__slayer-3-new.t2__p21995_terminationG_0.smt2	unknown	12.52	unknown	24.14	unknown	26.22
From_T2__slayer-3.t2__p22227_terminationG_0.smt2	unknown	11.72	unknown	24.14	unknown	26.22
From_T2__slayer-3.t2_fixed__terminationS_31_0.smt2	unknown	25.04	unsat	11.92	unknown	26.22
From_T2__slayer-4-filtered.t2__p22683_terminationG_0.smt2	unknown	24.23	unknown	24.14	unknown	26.22
From_T2__slayer-n1.t2_fixed__p22997_safety_0.smt2	unsat	8.22	unsat	0.41	unsat	0.21
From_T2__small01.t2__p23469_terminationG_0.smt2	unknown	24.03	unsat	4.91	unknown	26.21
From_T2__small17.t2__p23845_edge_closing_0.smt2	unknown	12.42	unsat	0.31	unknown	26.22
From_T2__streamserver-succeed.t2__p24602_terminationG_0.smt2	unknown	24.74	sat	4.92	unknown	26.21
From_T2__streamserver.bug.t2__terminationS_1_0.smt2	unknown	24.63	unsat	2.51	unsat	7.32
From_T2__svdcmp.c.i.svdcmp.pl.t2.nor.t2.rlgfixed.t2__p24935_safety_0.smt2	unknown	24.94	unknown	24.03	unknown	26.21
From_T2__tqli.c.i.tqli.pl.t2.nor.t2.rlgfixed.t2__p25069_terminationG_0.smt2	unknown	25.13	unknown	24.03	unknown	26.21
From_T2__ud.t2__term_unfeasibility_1_0.smt2	unknown	15.53	sat	2.31	sat	0.81
From_T2__zlib-adler32.c.t2__p25902_terminationG_0.smt2	unknown	24.64	sat	0.31	sat	7.92
From_T2__zlib-adler32.c.t2_fixed__p25888_safety_0.smt2	unknown	19.73	unknown	24.03	unknown	26.21
1051.smt2	unknown	17.93	sat	0.11	sat	4.01
1166.smt2	unknown	16.83	sat	0.21	unknown	26.21
1280.smt2	sat	5.22	sat	0.11	sat	0.31
1395.smt2	sat	6.82	sat	0.31	sat	0.31
1509.smt2	unknown	17.83	sat	0.11	sat	0.31
1623.smt2	unknown	16.33	sat	0.51	unknown	26.22
1738.smt2	unknown	24.23	sat	0.11	sat	0.21
1854.smt2	sat	7.42	sat	0.11	sat	0.31
227.smt2	unknown	24.13	sat	0.11	sat	0.11
341.smt2	unknown	24.24	sat	0.11	sat	0.21
456.smt2	unknown	16.63	sat	0.11	sat	0.41
571.smt2	unknown	24.33	sat	0.41	sat	2.31
687.smt2	unknown	16.83	sat	0.11	sat	0.41
803.smt2	unknown	16.43	sat	0.21	sat	0.91
919.smt2	sat	7.92	sat	0.11	sat	0.21
array_3-1-O0.smt2	unknown	0.31	unsat	0.71	unsat	3.21
geo1-u_valuebound2-O0.smt2	unknown	10.72	unsat	0.31	unsat	0.41
ps2-ll_unwindbound50-O0.smt2	unknown	24.23	unsat	0.31	unsat	0.11
MS_06.smt2	unknown	24.13	unknown	24.02	unknown	26.21
STC_0078.smt2	unknown	24.13	unknown	24.03	unknown	26.21
STC_0205.smt2	sat	10.32	unknown	24.03	unknown	26.21
STC_0332.smt2	sat	4.51	unknown	24.03	unknown	26.22
STC_0459.smt2	sat	4.11	unknown	24.03	unknown	26.22
STC_0586.smt2	sat	4.11	unknown	24.03	unknown	26.22
STC_0713.smt2	sat	4.31	unknown	24.03	unknown	26.21
STC_0840.smt2	sat	5.22	unknown	24.03	unknown	26.22
STC_0967.smt2	unknown	24.13	unknown	24.03	unknown	26.22
sqrtStep6a.smt2	unknown	1.41	unsat	0.11	unknown	26.22
aproveSMT1294590808882795189.smt2	sat	0.11	sat	0.11	sat	0.11
aproveSMT1669457300444119286.smt2	sat	9.32	sat	0.21	sat	0.91
aproveSMT2045146210738691450.smt2	sat	0.11	sat	0.11	sat	0.11
aproveSMT2449356678853584219.smt2	sat	13.22	sat	2.51	unknown	26.21
aproveSMT2912633883485370336.smt2	sat	11.02	sat	0.91	unknown	26.21
aproveSMT3326416242224032552.smt2	sat	0.11	sat	0.11	sat	0.11
aproveSMT3734122552322670033.smt2	sat	0.51	sat	0.11	sat	0.11
aproveSMT4225308127115953119.smt2	sat	0.51	sat	0.11	sat	0.11
aproveSMT4687047739446499948.smt2	unknown	11.72	unsat	0.11	unsat	0.11
aproveSMT5048239408100334127.smt2	unknown	15.23	unsat	0.21	unsat	1.21
aproveSMT5574282980958522472.smt2	unsat	4.12	unsat	0.11	unsat	0.11
aproveSMT6025886977398171379.smt2	sat	0.61	sat	0.11	sat	0.11
aproveSMT6461796824751951221.smt2	unknown	24.13	unsat	0.61	unsat	9.62
aproveSMT6902839063897808376.smt2	sat	10.92	sat	1.41	sat	0.31
aproveSMT7398754856107094872.smt2	sat	9.32	sat	0.21	sat	1.31
aproveSMT7795667227375240089.smt2	unknown	11.32	unsat	0.11	unsat	0.11
aproveSMT8300370999791707493.smt2	sat	13.22	sat	0.81	sat	2.31
aproveSMT8801446599485295192.smt2	sat	2.91	sat	0.21	sat	0.21
aproveSMT994105904163423260.smt2	sat	10.92	sat	0.81	sat	1.01
LarrazOliverasRodriguez-CarbonellRubio-2013FMCAD-Fig1-alloca_unknown-termination.c.i_Iteration6_Lasso+nonterminationTemplate.smt2	unknown	24.23	unsat	0.41	unsat	0.21
problem-002617.cvc.1.smt2	sat	4.21	sat	0.11	sat	0.11
term-MRIndM.smt2	sat	8.12	sat	0.11	sat	0.21
106.smt2	unknown	25.03	unknown	24.03	unknown	26.21
