file	verdict_96s	ms_96s	baseline_verdict	baseline_kind	z3	cvc5	declared
/nas3/data/axeyum/corpus/smtlib-2024/non-incremental/non-incremental/QF_NIA/20170427-VeryMax/CInteger/Stroeder_15__ChenFlurMukhopadhyay-SAS2012-Ex2.02_false-termination.c__p21008_terminationG_0.smt2	unknown-Timeout	96089	unknown	Timeout	sat	timeout	sat
/nas3/data/axeyum/corpus/smtlib-2024/non-incremental/non-incremental/QF_NIA/20170427-VeryMax/CInteger/Stroeder_15__DivWithoutMinus.c__p22517_edge_closing_0.smt2	unknown-Timeout	96188	unknown	Timeout	sat	timeout	sat
/nas3/data/axeyum/corpus/smtlib-2024/non-incremental/non-incremental/QF_NIA/20170427-VeryMax/CInteger/Stroeder_15__Sunset.c__terminationQ_0_0.smt2	unknown-Timeout	96089	unknown	Timeout	unsat	timeout	unsat
/nas3/data/axeyum/corpus/smtlib-2024/non-incremental/non-incremental/QF_NIA/20170427-VeryMax/CInteger/Ton_Chanh_15__Singapore_true-termination.c__p27347_terminationG_0.smt2	unknown-Timeout	96089	unknown	Timeout	sat	sat	sat
/nas3/data/axeyum/corpus/smtlib-2024/non-incremental/non-incremental/QF_NIA/20170427-VeryMax/ITS/From_AProVE_2014__SortCount.jar-obl-10__terminationS_2_0.smt2	unknown-EncodingBudget	25130	unknown	EncodingBudget	unsat	unsat	unsat
/nas3/data/axeyum/corpus/smtlib-2024/non-incremental/non-incremental/QF_NIA/20170427-VeryMax/ITS/From_AProVE_2014__Velroyen08-complInterv3.jar-obl-8__p13362_terminationG_0.smt2	unknown-Timeout	96138	unknown	Timeout	unsat	timeout	unknown
/nas3/data/axeyum/corpus/smtlib-2024/non-incremental/non-incremental/QF_NIA/20170427-VeryMax/ITS/From_AProVE_2014__cousot_rec.jar-obl-8__p28312_terminationG_0.smt2	unknown-Timeout	96234	unknown	Timeout	unsat	timeout	unknown
/nas3/data/axeyum/corpus/smtlib-2024/non-incremental/non-incremental/QF_NIA/20170427-VeryMax/ITS/From_AProVE_2014__juHashMapCreateContainsKey.jar-obl-11__p30967_safety_0.smt2	unknown-EncodingBudget	25432	unknown	EncodingBudget	sat	timeout	sat
/nas3/data/axeyum/corpus/smtlib-2024/non-incremental/non-incremental/QF_NIA/20170427-VeryMax/ITS/From_AProVE_2014__juHashMapCreateContainsKey.jar-obl-11__p31818_safety_0.smt2	unknown-EncodingBudget	74100	unknown	EncodingBudget	sat	sat	sat
/nas3/data/axeyum/corpus/smtlib-2024/non-incremental/non-incremental/QF_NIA/20170427-VeryMax/ITS/From_AProVE_2014__juHashMapCreateContainsValue.jar-obl-11__p32598_safety_0.smt2	unknown-EncodingBudget	26065	unknown	EncodingBudget	sat	timeout	sat
/nas3/data/axeyum/corpus/smtlib-2024/non-incremental/non-incremental/QF_NIA/20170427-VeryMax/ITS/From_AProVE_2014__juHashMapCreateIsEmpty.jar-obl-10__p2235_terminationG_0.smt2	unknown-EncodingBudget	30561	unknown	EncodingBudget	sat	sat	sat
/nas3/data/axeyum/corpus/smtlib-2024/non-incremental/non-incremental/QF_NIA/20170427-VeryMax/ITS/From_AProVE_2014__juHashMapCreatePut.jar-obl-10__p5428_safety_0.smt2	unknown-EncodingBudget	25441	unknown	EncodingBudget	sat	timeout	sat
/nas3/data/axeyum/corpus/smtlib-2024/non-incremental/non-incremental/QF_NIA/20170427-VeryMax/ITS/From_AProVE_2014__juHashMapCreateRemove.jar-obl-11__p6637_safety_0.smt2	unknown-EncodingBudget	31966	unknown	EncodingBudget	sat	timeout	sat
/nas3/data/axeyum/corpus/smtlib-2024/non-incremental/non-incremental/QF_NIA/20170427-VeryMax/ITS/From_AProVE_2014__juHashMapCreateSize.jar-obl-10__p7535_safety_0.smt2	unknown-EncodingBudget	29563	unknown	EncodingBudget	sat	timeout	sat
/nas3/data/axeyum/corpus/smtlib-2024/non-incremental/non-incremental/QF_NIA/20170427-VeryMax/ITS/From_AProVE_2014__juLinkedListCreateAddAllAt.jar-obl-17__p7871_safety_0.smt2	unknown-Timeout	96229	unknown	Timeout	sat	timeout	sat
/nas3/data/axeyum/corpus/smtlib-2024/non-incremental/non-incremental/QF_NIA/20170427-VeryMax/ITS/From_AProVE_2014__juLinkedListCreateAddAllAt.jar-obl-17__p8651_safety_0.smt2	unknown-Timeout	96124	unknown	Timeout	sat	sat	sat
/nas3/data/axeyum/corpus/smtlib-2024/non-incremental/non-incremental/QF_NIA/20170427-VeryMax/ITS/From_AProVE_2014__juLinkedListCreateAddAllAt.jar-obl-17__p9188_safety_0.smt2	unknown-Timeout	96222	unknown	Timeout	sat	timeout	sat
/nas3/data/axeyum/corpus/smtlib-2024/non-incremental/non-incremental/QF_NIA/20170427-VeryMax/ITS/From_T2__broydn.c.i.broydn.pl.t2.fixed.t2__term_unfeasibility_3_0.smt2	unknown-Timeout	96323	unknown	Timeout	sat	timeout	sat
/nas3/data/axeyum/corpus/smtlib-2024/non-incremental/non-incremental/QF_NIA/20170427-VeryMax/ITS/From_T2__disj_nightmare.t2__p18944_edge_closing_0.smt2	unknown-Timeout	96216	unknown	Timeout	sat	timeout	sat
/nas3/data/axeyum/corpus/smtlib-2024/non-incremental/non-incremental/QF_NIA/20170427-VeryMax/ITS/From_T2__ex36.t2__p29986_safety_0.smt2	unknown-Timeout	96123	unknown	Timeout	unsat	unsat	unsat
/nas3/data/axeyum/corpus/smtlib-2024/non-incremental/non-incremental/QF_NIA/20170427-VeryMax/ITS/From_T2__fun9.t2__p1480_edge_closing_0.smt2	unknown-Timeout	96107	unknown	Timeout	sat	timeout	sat
/nas3/data/axeyum/corpus/smtlib-2024/non-incremental/non-incremental/QF_NIA/20170427-VeryMax/ITS/From_T2__n-10.t2__p3427_edge_closing_0.smt2	unknown-Timeout	96315	unknown	Timeout	sat	timeout	sat
/nas3/data/axeyum/corpus/smtlib-2024/non-incremental/non-incremental/QF_NIA/20170427-VeryMax/ITS/From_T2__n-7.t2_fixed__p4922_terminationG_0.smt2	unknown-Timeout	96110	unknown	Timeout	unsat	unsat	unsat
/nas3/data/axeyum/corpus/smtlib-2024/non-incremental/non-incremental/QF_NIA/20170427-VeryMax/ITS/From_T2__queens.t2__term_unfeasibility_1_0.smt2	unknown-Timeout	96114	unknown	Timeout	sat	sat	sat
/nas3/data/axeyum/corpus/smtlib-2024/non-incremental/non-incremental/QF_NIA/20170427-VeryMax/ITS/From_T2__s1-striped.t2_fixed__p10157_safety_0.smt2	unknown-Timeout	96115	unknown	Timeout	sat	timeout	sat
/nas3/data/axeyum/corpus/smtlib-2024/non-incremental/non-incremental/QF_NIA/20170427-VeryMax/ITS/From_T2__s1.t2__p18409_safety_0.smt2	unknown-Timeout	96107	unknown	Timeout	unsat	unsat	unsat
/nas3/data/axeyum/corpus/smtlib-2024/non-incremental/non-incremental/QF_NIA/20170427-VeryMax/ITS/From_T2__s1.t2_fixed__p15159_terminationG_0.smt2	unknown-Timeout	96207	unknown	Timeout	sat	timeout	sat
/nas3/data/axeyum/corpus/smtlib-2024/non-incremental/non-incremental/QF_NIA/20170427-VeryMax/ITS/From_T2__small17.t2__p23845_edge_closing_0.smt2	unknown-Timeout	96108	unknown	Timeout	unsat	timeout	unknown
/nas3/data/axeyum/corpus/smtlib-2024/non-incremental/non-incremental/QF_NIA/20170427-VeryMax/SAT14/1051.smt2	unknown-EncodingBudget	72890	unknown	EncodingBudget	sat	sat	sat
/nas3/data/axeyum/corpus/smtlib-2024/non-incremental/non-incremental/QF_NIA/20170427-VeryMax/SAT14/1623.smt2	sat	21032	unknown	EncodingBudget	sat	timeout	sat
/nas3/data/axeyum/corpus/smtlib-2024/non-incremental/non-incremental/QF_NIA/20170427-VeryMax/SAT14/456.smt2	sat	40149	unknown	EncodingBudget	sat	sat	sat
/nas3/data/axeyum/corpus/smtlib-2024/non-incremental/non-incremental/QF_NIA/20170427-VeryMax/SAT14/803.smt2	sat	34443	unknown	EncodingBudget	sat	sat	sat
/nas3/data/axeyum/corpus/smtlib-2024/non-incremental/non-incremental/QF_NIA/20210219-Dartagnan/ReachSafety-Loops/geo1-u_valuebound2-O0.smt2	unknown-Incomplete	30838	unknown	Incomplete	unsat	unsat	unknown
/nas3/data/axeyum/corpus/smtlib-2024/non-incremental/non-incremental/QF_NIA/AProVE/aproveSMT4687047739446499948.smt2	unknown-Incomplete	38349	unknown	Incomplete	unsat	unsat	unsat
/nas3/data/axeyum/corpus/smtlib-2024/non-incremental/non-incremental/QF_NIA/AProVE/aproveSMT7795667227375240089.smt2	unknown-Incomplete	38048	unknown	Incomplete	unsat	unsat	unsat
