file	declared_status	bytes	max_int_literal	min_signed_width	live_ladder_rungs	axeyum_verdict	axeyum_kind	axeyum_ms	axeyum_detail	decisive_route	decisive_reason	decisive_detail	z3_verdict	z3_ms	cvc5_verdict	cvc5_ms
/nas3/data/axeyum/corpus/smtlib-2024/non-incremental/non-incremental/QF_NIA/20170427-VeryMax/CInteger/Stroeder_15__2Nested_true-termination.c__p20185_terminationG_0.smt2	sat	7147	2017	12	7	sat	-	7316		nia-linearize			sat	511	timeout	32261
/nas3/data/axeyum/corpus/smtlib-2024/non-incremental/non-incremental/QF_NIA/20170427-VeryMax/CInteger/Stroeder_15__ChenFlurMukhopadhyay-SAS2012-Ex2.02_false-termination.c__p21008_terminationG_0.smt2	sat	7360	2017	12	7	unknown	Timeout	24136	preprocessed dispatch timeout after reduced solve	int-blast-ladder	budget	integer bit-blast width ladder: wall-clock timeout reached	sat	6312	timeout	30210
/nas3/data/axeyum/corpus/smtlib-2024/non-incremental/non-incremental/QF_NIA/20170427-VeryMax/CInteger/Stroeder_15__ChenFlurMukhopadhyay-SAS2012-Ex2.14_false-termination.c__p21457_edge_closing_0.smt2	sat	8597	2017	12	7	unknown	Timeout	24131	preprocessed dispatch timeout after reduced solve	int-blast-ladder	budget	integer bit-blast width ladder: wall-clock timeout reached	sat	2712	timeout	35355
/nas3/data/axeyum/corpus/smtlib-2024/non-incremental/non-incremental/QF_NIA/20170427-VeryMax/CInteger/Stroeder_15__ChenFlurMukhopadhyay-SAS2012-Ex3.06_false-termination.c__p22014_terminationG_0.smt2	unknown	30131	50001	17	2	unknown	Timeout	24132	preprocessed dispatch timeout after reduced solve	int-blast-ladder	budget	integer bit-blast width ladder: wall-clock timeout reached	unsat	7419	timeout	29229
/nas3/data/axeyum/corpus/smtlib-2024/non-incremental/non-incremental/QF_NIA/20170427-VeryMax/CInteger/Stroeder_15__DivWithoutMinus.c__p22517_edge_closing_0.smt2	sat	18319	2017	12	7	unknown	Timeout	24131	preprocessed dispatch timeout after reduced solve	int-blast-ladder	budget	integer bit-blast width ladder: wall-clock timeout reached	sat	15719	timeout	34325
/nas3/data/axeyum/corpus/smtlib-2024/non-incremental/non-incremental/QF_NIA/20170427-VeryMax/CInteger/Stroeder_15__GCD.c__p23185_terminationG_0.smt2	sat	63500	2017	12	7	unknown	Timeout	24135	preprocessed dispatch timeout after reduced solve	int-blast-ladder	budget	integer bit-blast width ladder: wall-clock timeout reached	other	24031	timeout	27234
/nas3/data/axeyum/corpus/smtlib-2024/non-incremental/non-incremental/QF_NIA/20170427-VeryMax/CInteger/Stroeder_15__GulwaniJainKoskinen-PLDI2009-Fig1_true-termination.c__p23483_edge_closing_0.smt2	unknown	23222	2017	12	7	unknown	Timeout	24130	preprocessed dispatch timeout after reduced solve	int-blast-ladder	budget	integer bit-blast width ladder: wall-clock timeout reached	other	24036	timeout	27297
/nas3/data/axeyum/corpus/smtlib-2024/non-incremental/non-incremental/QF_NIA/20170427-VeryMax/CInteger/Stroeder_15__LeikeHeizmann-WST2014-Ex5_false-termination.c__p24052_edge_closing_0.smt2	sat	3587	2017	12	7	unknown	Timeout	24128	preprocessed dispatch timeout after reduced solve	int-blast-ladder	budget	integer bit-blast width ladder: wall-clock timeout reached	sat	810	timeout	28357
/nas3/data/axeyum/corpus/smtlib-2024/non-incremental/non-incremental/QF_NIA/20170427-VeryMax/CInteger/Stroeder_15__MirrorIntervSim.c__p24484_terminationG_0.smt2	unsat	6790	2017	12	7	unknown	Timeout	24129	preprocessed dispatch timeout after reduced solve	int-blast-ladder	budget	integer bit-blast width ladder: wall-clock timeout reached	other	24035	timeout	28355
/nas3/data/axeyum/corpus/smtlib-2024/non-incremental/non-incremental/QF_NIA/20170427-VeryMax/CInteger/Stroeder_15__NonTermination2_false-termination.c__p24932_edge_closing_0.smt2	sat	9872	50001	17	2	unknown	Timeout	24129	preprocessed dispatch timeout after reduced solve	int-blast-ladder	budget	integer bit-blast width ladder: wall-clock timeout reached	sat	6214	timeout	30415
/nas3/data/axeyum/corpus/smtlib-2024/non-incremental/non-incremental/QF_NIA/20170427-VeryMax/CInteger/Stroeder_15__Sunset.c__terminationQ_0_0.smt2	unsat	4667	2017	12	7	unknown	Timeout	24131	preprocessed dispatch timeout after reduced solve	int-blast-ladder	budget	integer bit-blast width ladder: wall-clock timeout reached	unsat	408	timeout	26259
/nas3/data/axeyum/corpus/smtlib-2024/non-incremental/non-incremental/QF_NIA/20170427-VeryMax/CInteger/Stroeder_15__svcomp_ex2.c__p25866_terminationG_0.smt2	unsat	27229	50001	17	2	unknown	Timeout	24131	preprocessed dispatch timeout after reduced solve	int-blast-ladder	budget	integer bit-blast width ladder: wall-clock timeout reached	unsat	1609	unsat	6815
/nas3/data/axeyum/corpus/smtlib-2024/non-incremental/non-incremental/QF_NIA/20170427-VeryMax/CInteger/Ton_Chanh_15__Benghazi_nondet_true-termination.c__p26690_terminationG_0.smt2	sat	10967	2017	12	7	unknown	Timeout	24132	preprocessed dispatch timeout after reduced solve	int-blast-ladder	budget	integer bit-blast width ladder: wall-clock timeout reached	sat	10119	timeout	26346
/nas3/data/axeyum/corpus/smtlib-2024/non-incremental/non-incremental/QF_NIA/20170427-VeryMax/CInteger/Ton_Chanh_15__Hanoi_3vars_false-termination.c__terminationQ_13_0.smt2	unsat	10597	50001	17	2	unsat	-	5815		nia-linearize			unsat	811	unsat	108
/nas3/data/axeyum/corpus/smtlib-2024/non-incremental/non-incremental/QF_NIA/20170427-VeryMax/CInteger/Ton_Chanh_15__Singapore_true-termination.c__p27347_terminationG_0.smt2	sat	5244	2017	12	7	unknown	Timeout	24139	preprocessed dispatch timeout after reduced solve	int-blast-ladder	budget	integer bit-blast width ladder: wall-clock timeout reached	sat	107	sat	107
/nas3/data/axeyum/corpus/smtlib-2024/non-incremental/non-incremental/QF_NIA/20170427-VeryMax/ITS/From_AProVE_2014__ConvertRec.jar-obl-9__p28030_safety_0.smt2	unknown	45017	2017	12	7	unknown	Timeout	24035	preprocessed dispatch timeout after reduced solve	int-blast-ladder	budget	integer bit-blast width ladder: wall-clock timeout reached	other	24027	timeout	26353
/nas3/data/axeyum/corpus/smtlib-2024/non-incremental/non-incremental/QF_NIA/20170427-VeryMax/ITS/From_AProVE_2014__DivMinus.jar-obl-11__p28570_edge_closing_0.smt2	sat	186334	2017	12	7	unknown	Timeout	24134	preprocessed dispatch timeout after reduced solve	int-blast-ladder	budget	integer bit-blast width ladder: wall-clock timeout reached	other	24028	timeout	28017
/nas3/data/axeyum/corpus/smtlib-2024/non-incremental/non-incremental/QF_NIA/20170427-VeryMax/ITS/From_AProVE_2014__Et3.jar-obl-9__p28829_terminationG_0.smt2	sat	15139	2017	12	7	unknown	Timeout	24133	preprocessed dispatch timeout after reduced solve	int-blast-ladder	budget	integer bit-blast width ladder: wall-clock timeout reached	other	24037	timeout	27613
/nas3/data/axeyum/corpus/smtlib-2024/non-incremental/non-incremental/QF_NIA/20170427-VeryMax/ITS/From_AProVE_2014__FlattenTreeListRec.jar-obl-10__p29567_safety_0.smt2	sat	31180	2017	12	7	unknown	Timeout	24127	preprocessed dispatch timeout after reduced solve	int-blast-ladder	budget	integer bit-blast width ladder: wall-clock timeout reached	sat	1510	sat	6413
/nas3/data/axeyum/corpus/smtlib-2024/non-incremental/non-incremental/QF_NIA/20170427-VeryMax/ITS/From_AProVE_2014__LessLeaves.jar-obl-10__p10018_edge_closing_0.smt2	sat	82561	2017	12	7	unknown	Timeout	24131	preprocessed dispatch timeout after reduced solve	int-blast-ladder	budget	integer bit-blast width ladder: wall-clock timeout reached	other	24035	timeout	26390
/nas3/data/axeyum/corpus/smtlib-2024/non-incremental/non-incremental/QF_NIA/20170427-VeryMax/ITS/From_AProVE_2014__MainDelete.jar-obl-10__p10430_safety_0.smt2	unknown	11831	2017	12	7	unknown	Timeout	24130	preprocessed dispatch timeout after reduced solve	int-blast-ladder	budget	integer bit-blast width ladder: wall-clock timeout reached	unsat	8618	timeout	29353
/nas3/data/axeyum/corpus/smtlib-2024/non-incremental/non-incremental/QF_NIA/20170427-VeryMax/ITS/From_AProVE_2014__Matrix.jar-obl-16__p10854_edge_closing_0.smt2	sat	119102	2017	12	7	unknown	Timeout	24327	preprocessed dispatch timeout after reduced solve	int-blast-ladder	budget	integer bit-blast width ladder: wall-clock timeout reached	other	24125	timeout	31293
/nas3/data/axeyum/corpus/smtlib-2024/non-incremental/non-incremental/QF_NIA/20170427-VeryMax/ITS/From_AProVE_2014__NO_12.jar-obl-8__p11373_terminationG_0.smt2	unknown	14816	50001	17	2	unknown	Timeout	24225	preprocessed dispatch timeout after reduced solve	int-blast-ladder	budget	integer bit-blast width ladder: wall-clock timeout reached	other	24130	timeout	31303
/nas3/data/axeyum/corpus/smtlib-2024/non-incremental/non-incremental/QF_NIA/20170427-VeryMax/ITS/From_AProVE_2014__RandomHard.jar-obl-10__p11834_safety_0.smt2	sat	27254	2017	12	7	unknown	Timeout	24131	preprocessed dispatch timeout after reduced solve	int-blast-ladder	budget	integer bit-blast width ladder: wall-clock timeout reached	other	24130	timeout	31307
/nas3/data/axeyum/corpus/smtlib-2024/non-incremental/non-incremental/QF_NIA/20170427-VeryMax/ITS/From_AProVE_2014__SortCount.jar-obl-10__terminationS_2_0.smt2	unsat	82111	50001	17	2	unknown	EncodingBudget	6414	estimated 150732237 CNF clauses before lowering exceeds budget 64000000 (oversized encoding refused gracefully)	int-blast-ladder	budget	estimated 150732237 CNF clauses before lowering exceeds budget 64000000 (oversized encoding refused gracefully)	unsat	8617	unsat	2810
/nas3/data/axeyum/corpus/smtlib-2024/non-incremental/non-incremental/QF_NIA/20170427-VeryMax/ITS/From_AProVE_2014__Test13Loops.jar-obl-10__p12737_edge_closing_0.smt2	sat	30693	2017	12	7	unknown	Timeout	24134	preprocessed dispatch timeout after reduced solve	int-blast-ladder	budget	integer bit-blast width ladder: wall-clock timeout reached	sat	7115	timeout	26582
/nas3/data/axeyum/corpus/smtlib-2024/non-incremental/non-incremental/QF_NIA/20170427-VeryMax/ITS/From_AProVE_2014__Test6.jar-obl-13__terminationS_36_0.smt2	unsat	419701	2017	12	7	unknown	Timeout	24233	preprocessed dispatch timeout after reduced solve	int-blast-ladder	budget	integer bit-blast width ladder: wall-clock timeout reached	unsat	17627	timeout	26489
/nas3/data/axeyum/corpus/smtlib-2024/non-incremental/non-incremental/QF_NIA/20170427-VeryMax/ITS/From_AProVE_2014__Velroyen08-complInterv3.jar-obl-8__p13362_terminationG_0.smt2	unknown	3994	50001	17	2	unknown	Timeout	24128	preprocessed dispatch timeout after reduced solve	int-blast-ladder	budget	integer bit-blast width ladder: wall-clock timeout reached	unsat	1910	timeout	26696
/nas3/data/axeyum/corpus/smtlib-2024/non-incremental/non-incremental/QF_NIA/20170427-VeryMax/ITS/From_AProVE_2014__Velroyen08-factorial.jar-obl-8__p13829_terminationG_0.smt2	unknown	23559	50001	17	2	unknown	Timeout	24127	preprocessed dispatch timeout after reduced solve	int-blast-ladder	budget	integer bit-blast width ladder: wall-clock timeout reached	unsat	1509	unsat	4212
/nas3/data/axeyum/corpus/smtlib-2024/non-incremental/non-incremental/QF_NIA/20170427-VeryMax/ITS/From_AProVE_2014__Velroyen08-middle.jar-obl-8__p14206_terminationG_0.smt2	sat	13740	2017	12	7	unknown	Timeout	24127	preprocessed dispatch timeout after reduced solve	int-blast-ladder	budget	integer bit-blast width ladder: wall-clock timeout reached	other	24036	timeout	26408
/nas3/data/axeyum/corpus/smtlib-2024/non-incremental/non-incremental/QF_NIA/20170427-VeryMax/ITS/From_AProVE_2014__Velroyen08-upAndDownIneq.jar-obl-8__terminationS_1_0.smt2	unsat	7025	2017	12	7	unknown	Timeout	24129	preprocessed dispatch timeout after reduced solve	int-blast-ladder	budget	integer bit-blast width ladder: wall-clock timeout reached	unsat	2615	timeout	26384
/nas3/data/axeyum/corpus/smtlib-2024/non-incremental/non-incremental/QF_NIA/20170427-VeryMax/ITS/From_AProVE_2014__cousot_rec.jar-obl-8__p28312_terminationG_0.smt2	unknown	17977	50001	17	2	unknown	Timeout	24133	preprocessed dispatch timeout after reduced solve	int-blast-ladder	budget	integer bit-blast width ladder: wall-clock timeout reached	unsat	8115	timeout	26367
/nas3/data/axeyum/corpus/smtlib-2024/non-incremental/non-incremental/QF_NIA/20170427-VeryMax/ITS/From_AProVE_2014__juHashMapCreate.jar-obl-10__p4414_safety_0.smt2	unknown	47512	1073741825	32	1	unknown	EncodingBudget	8217	estimated 94183956 CNF clauses before lowering exceeds budget 64000000 (oversized encoding refused gracefully)	int-blast-ladder	budget	estimated 94183956 CNF clauses before lowering exceeds budget 64000000 (oversized encoding refused gracefully)	other	24034	timeout	26368
/nas3/data/axeyum/corpus/smtlib-2024/non-incremental/non-incremental/QF_NIA/20170427-VeryMax/ITS/From_AProVE_2014__juHashMapCreate.jar-obl-10__p4676_safety_0.smt2	sat	70527	1073741825	32	1	unknown	EncodingBudget	6918	estimated 145454991 CNF clauses before lowering exceeds budget 64000000 (oversized encoding refused gracefully)	int-blast-ladder	budget	estimated 145454991 CNF clauses before lowering exceeds budget 64000000 (oversized encoding refused gracefully)	other	24035	timeout	26375
/nas3/data/axeyum/corpus/smtlib-2024/non-incremental/non-incremental/QF_NIA/20170427-VeryMax/ITS/From_AProVE_2014__juHashMapCreate.jar-obl-10__p4943_safety_0.smt2	sat	58123	1073741823	31	1	unknown	EncodingBudget	6615	estimated 109820226 CNF clauses before lowering exceeds budget 64000000 (oversized encoding refused gracefully)	int-blast-ladder	budget	estimated 109820226 CNF clauses before lowering exceeds budget 64000000 (oversized encoding refused gracefully)	sat	2110	sat	4214
/nas3/data/axeyum/corpus/smtlib-2024/non-incremental/non-incremental/QF_NIA/20170427-VeryMax/ITS/From_AProVE_2014__juHashMapCreate.jar-obl-10__p5184_terminationG_0.smt2	sat	191700	1073741825	32	1	unknown	EncodingBudget	7715	estimated 450420816 CNF clauses before lowering exceeds budget 64000000 (oversized encoding refused gracefully)	int-blast-ladder	budget	estimated 450420816 CNF clauses before lowering exceeds budget 64000000 (oversized encoding refused gracefully)	other	24029	timeout	28445
/nas3/data/axeyum/corpus/smtlib-2024/non-incremental/non-incremental/QF_NIA/20170427-VeryMax/ITS/From_AProVE_2014__juHashMapCreateClear.jar-obl-11__p29879_safety_0.smt2	unknown	64023	1073741823	31	1	unknown	EncodingBudget	6721	estimated 119558553 CNF clauses before lowering exceeds budget 64000000 (oversized encoding refused gracefully)	int-blast-ladder	budget	estimated 119558553 CNF clauses before lowering exceeds budget 64000000 (oversized encoding refused gracefully)	other	24031	timeout	28432
/nas3/data/axeyum/corpus/smtlib-2024/non-incremental/non-incremental/QF_NIA/20170427-VeryMax/ITS/From_AProVE_2014__juHashMapCreateClear.jar-obl-11__p30175_safety_0.smt2	unknown	66137	1073741825	32	1	unknown	EncodingBudget	6620	estimated 122396853 CNF clauses before lowering exceeds budget 64000000 (oversized encoding refused gracefully)	int-blast-ladder	budget	estimated 122396853 CNF clauses before lowering exceeds budget 64000000 (oversized encoding refused gracefully)	other	24031	timeout	26384
/nas3/data/axeyum/corpus/smtlib-2024/non-incremental/non-incremental/QF_NIA/20170427-VeryMax/ITS/From_AProVE_2014__juHashMapCreateClear.jar-obl-11__p30440_safety_0.smt2	unknown	59380	1073741825	32	1	unknown	EncodingBudget	6615	estimated 116357343 CNF clauses before lowering exceeds budget 64000000 (oversized encoding refused gracefully)	int-blast-ladder	budget	estimated 116357343 CNF clauses before lowering exceeds budget 64000000 (oversized encoding refused gracefully)	other	24038	timeout	26412
/nas3/data/axeyum/corpus/smtlib-2024/non-incremental/non-incremental/QF_NIA/20170427-VeryMax/ITS/From_AProVE_2014__juHashMapCreateClear.jar-obl-11__p30726_safety_0.smt2	sat	57203	1073741823	31	1	unknown	EncodingBudget	6619	estimated 114749562 CNF clauses before lowering exceeds budget 64000000 (oversized encoding refused gracefully)	int-blast-ladder	budget	estimated 114749562 CNF clauses before lowering exceeds budget 64000000 (oversized encoding refused gracefully)	sat	1811	sat	1810
/nas3/data/axeyum/corpus/smtlib-2024/non-incremental/non-incremental/QF_NIA/20170427-VeryMax/ITS/From_AProVE_2014__juHashMapCreateContainsKey.jar-obl-11__p30967_safety_0.smt2	sat	86001	1073741823	31	1	unknown	EncodingBudget	6721	estimated 171206739 CNF clauses before lowering exceeds budget 64000000 (oversized encoding refused gracefully)	int-blast-ladder	budget	estimated 171206739 CNF clauses before lowering exceeds budget 64000000 (oversized encoding refused gracefully)	sat	10217	timeout	26402
/nas3/data/axeyum/corpus/smtlib-2024/non-incremental/non-incremental/QF_NIA/20170427-VeryMax/ITS/From_AProVE_2014__juHashMapCreateContainsKey.jar-obl-11__p31253_safety_0.smt2	sat	50594	1073741825	32	1	unknown	EncodingBudget	8015	estimated 105646605 CNF clauses before lowering exceeds budget 64000000 (oversized encoding refused gracefully)	int-blast-ladder	budget	estimated 105646605 CNF clauses before lowering exceeds budget 64000000 (oversized encoding refused gracefully)	sat	609	sat	2515
/nas3/data/axeyum/corpus/smtlib-2024/non-incremental/non-incremental/QF_NIA/20170427-VeryMax/ITS/From_AProVE_2014__juHashMapCreateContainsKey.jar-obl-11__p31541_safety_0.smt2	sat	44267	1073741823	31	1	unknown	EncodingBudget	8115	estimated 81972837 CNF clauses before lowering exceeds budget 64000000 (oversized encoding refused gracefully)	int-blast-ladder	budget	estimated 81972837 CNF clauses before lowering exceeds budget 64000000 (oversized encoding refused gracefully)	sat	1410	timeout	26376
/nas3/data/axeyum/corpus/smtlib-2024/non-incremental/non-incremental/QF_NIA/20170427-VeryMax/ITS/From_AProVE_2014__juHashMapCreateContainsKey.jar-obl-11__p31818_safety_0.smt2	sat	40847	1073741823	31	1	unknown	EncodingBudget	18927	estimated 81482280 CNF clauses before lowering exceeds budget 64000000 (oversized encoding refused gracefully)	int-blast-ladder	budget	estimated 81482280 CNF clauses before lowering exceeds budget 64000000 (oversized encoding refused gracefully)	sat	2110	sat	811
/nas3/data/axeyum/corpus/smtlib-2024/non-incremental/non-incremental/QF_NIA/20170427-VeryMax/ITS/From_AProVE_2014__juHashMapCreateContainsValue.jar-obl-11__p32069_safety_0.smt2	sat	140367	1073741823	31	1	unknown	EncodingBudget	7015	estimated 267934755 CNF clauses before lowering exceeds budget 64000000 (oversized encoding refused gracefully)	int-blast-ladder	budget	estimated 267934755 CNF clauses before lowering exceeds budget 64000000 (oversized encoding refused gracefully)	sat	2411	timeout	27240
/nas3/data/axeyum/corpus/smtlib-2024/non-incremental/non-incremental/QF_NIA/20170427-VeryMax/ITS/From_AProVE_2014__juHashMapCreateContainsValue.jar-obl-11__p32332_safety_0.smt2	sat	68426	1073741825	32	1	unknown	EncodingBudget	6720	estimated 126586314 CNF clauses before lowering exceeds budget 64000000 (oversized encoding refused gracefully)	int-blast-ladder	budget	estimated 126586314 CNF clauses before lowering exceeds budget 64000000 (oversized encoding refused gracefully)	sat	2111	timeout	26270
/nas3/data/axeyum/corpus/smtlib-2024/non-incremental/non-incremental/QF_NIA/20170427-VeryMax/ITS/From_AProVE_2014__juHashMapCreateContainsValue.jar-obl-11__p32598_safety_0.smt2	sat	149810	1073741825	32	1	unknown	EncodingBudget	7115	estimated 286797975 CNF clauses before lowering exceeds budget 64000000 (oversized encoding refused gracefully)	int-blast-ladder	budget	estimated 286797975 CNF clauses before lowering exceeds budget 64000000 (oversized encoding refused gracefully)	sat	810	timeout	26361
/nas3/data/axeyum/corpus/smtlib-2024/non-incremental/non-incremental/QF_NIA/20170427-VeryMax/ITS/From_AProVE_2014__juHashMapCreateContainsValue.jar-obl-11__p420_safety_0.smt2	sat	71580	1073741823	31	1	unknown	EncodingBudget	6616	estimated 130037202 CNF clauses before lowering exceeds budget 64000000 (oversized encoding refused gracefully)	int-blast-ladder	budget	estimated 130037202 CNF clauses before lowering exceeds budget 64000000 (oversized encoding refused gracefully)	sat	2312	timeout	27228
/nas3/data/axeyum/corpus/smtlib-2024/non-incremental/non-incremental/QF_NIA/20170427-VeryMax/ITS/From_AProVE_2014__juHashMapCreateIsEmpty.jar-obl-10__p1784_safety_0.smt2	sat	37666	1073741825	32	1	unknown	EncodingBudget	18727	estimated 74329095 CNF clauses before lowering exceeds budget 64000000 (oversized encoding refused gracefully)	int-blast-ladder	budget	estimated 74329095 CNF clauses before lowering exceeds budget 64000000 (oversized encoding refused gracefully)	sat	1109	sat	511
/nas3/data/axeyum/corpus/smtlib-2024/non-incremental/non-incremental/QF_NIA/20170427-VeryMax/ITS/From_AProVE_2014__juHashMapCreateIsEmpty.jar-obl-10__p2235_terminationG_0.smt2	sat	96235	1073741825	32	1	unknown	EncodingBudget	8414	estimated 236225850 CNF clauses before lowering exceeds budget 64000000 (oversized encoding refused gracefully)	int-blast-ladder	budget	estimated 236225850 CNF clauses before lowering exceeds budget 64000000 (oversized encoding refused gracefully)	sat	1109	sat	3313
/nas3/data/axeyum/corpus/smtlib-2024/non-incremental/non-incremental/QF_NIA/20170427-VeryMax/ITS/From_AProVE_2014__juHashMapCreateIsEmpty.jar-obl-10__p2587_safety_0.smt2	sat	68504	1073741823	31	1	unknown	EncodingBudget	6614	estimated 128318187 CNF clauses before lowering exceeds budget 64000000 (oversized encoding refused gracefully)	int-blast-ladder	budget	estimated 128318187 CNF clauses before lowering exceeds budget 64000000 (oversized encoding refused gracefully)	sat	10820	timeout	27232
/nas3/data/axeyum/corpus/smtlib-2024/non-incremental/non-incremental/QF_NIA/20170427-VeryMax/ITS/From_AProVE_2014__juHashMapCreateIsEmpty.jar-obl-10__p2868_edge_closing_0.smt2	unknown	2550128	2017	12	7	unknown	Timeout	29331	preprocessed dispatch timeout after reduced solve	nia-square	not-applicable		other	24135	timeout	28612
/nas3/data/axeyum/corpus/smtlib-2024/non-incremental/non-incremental/QF_NIA/20170427-VeryMax/ITS/From_AProVE_2014__juHashMapCreateIteratorEntryLoop.jar-obl-12__p3150_safety_0.smt2	sat	38659	1073741825	32	1	unknown	EncodingBudget	18729	estimated 75194781 CNF clauses before lowering exceeds budget 64000000 (oversized encoding refused gracefully)	int-blast-ladder	budget	estimated 75194781 CNF clauses before lowering exceeds budget 64000000 (oversized encoding refused gracefully)	sat	1108	timeout	26384
/nas3/data/axeyum/corpus/smtlib-2024/non-incremental/non-incremental/QF_NIA/20170427-VeryMax/ITS/From_AProVE_2014__juHashMapCreatePut.jar-obl-10__p5428_safety_0.smt2	sat	68416	1073741825	32	1	unknown	EncodingBudget	6715	estimated 128928408 CNF clauses before lowering exceeds budget 64000000 (oversized encoding refused gracefully)	int-blast-ladder	budget	estimated 128928408 CNF clauses before lowering exceeds budget 64000000 (oversized encoding refused gracefully)	sat	507	timeout	26382
/nas3/data/axeyum/corpus/smtlib-2024/non-incremental/non-incremental/QF_NIA/20170427-VeryMax/ITS/From_AProVE_2014__juHashMapCreatePut.jar-obl-10__p5722_safety_0.smt2	sat	55884	1073741823	31	1	unknown	EncodingBudget	9617	estimated 111696312 CNF clauses before lowering exceeds budget 64000000 (oversized encoding refused gracefully)	int-blast-ladder	budget	estimated 111696312 CNF clauses before lowering exceeds budget 64000000 (oversized encoding refused gracefully)	sat	609	timeout	26366
/nas3/data/axeyum/corpus/smtlib-2024/non-incremental/non-incremental/QF_NIA/20170427-VeryMax/ITS/From_AProVE_2014__juHashMapCreatePut.jar-obl-10__p6041_safety_0.smt2	unsat	27395	1073741823	31	1	unknown	Timeout	24330	preprocessed dispatch timeout after reduced solve	int-blast-ladder	budget	combined-theory timeout after scalar backend	unsat	2016	timeout	26372
/nas3/data/axeyum/corpus/smtlib-2024/non-incremental/non-incremental/QF_NIA/20170427-VeryMax/ITS/From_AProVE_2014__juHashMapCreatePut.jar-obl-10__p6315_safety_0.smt2	unknown	71709	1073741823	31	1	unknown	EncodingBudget	6614	estimated 133250496 CNF clauses before lowering exceeds budget 64000000 (oversized encoding refused gracefully)	int-blast-ladder	budget	estimated 133250496 CNF clauses before lowering exceeds budget 64000000 (oversized encoding refused gracefully)	other	24032	timeout	26583
/nas3/data/axeyum/corpus/smtlib-2024/non-incremental/non-incremental/QF_NIA/20170427-VeryMax/ITS/From_AProVE_2014__juHashMapCreateRemove.jar-obl-11__p6637_safety_0.smt2	sat	45498	1073741823	31	1	unknown	EncodingBudget	7914	estimated 94426554 CNF clauses before lowering exceeds budget 64000000 (oversized encoding refused gracefully)	int-blast-ladder	budget	estimated 94426554 CNF clauses before lowering exceeds budget 64000000 (oversized encoding refused gracefully)	sat	611	timeout	26383
/nas3/data/axeyum/corpus/smtlib-2024/non-incremental/non-incremental/QF_NIA/20170427-VeryMax/ITS/From_AProVE_2014__juHashMapCreateRemove.jar-obl-11__p6984_safety_0.smt2	sat	44678	1073741825	32	1	unknown	EncodingBudget	7915	estimated 82590729 CNF clauses before lowering exceeds budget 64000000 (oversized encoding refused gracefully)	int-blast-ladder	budget	estimated 82590729 CNF clauses before lowering exceeds budget 64000000 (oversized encoding refused gracefully)	sat	2113	sat	1711
/nas3/data/axeyum/corpus/smtlib-2024/non-incremental/non-incremental/QF_NIA/20170427-VeryMax/ITS/From_AProVE_2014__juHashMapCreateSize.jar-obl-10__p7265_safety_0.smt2	sat	63146	1073741825	32	1	unknown	EncodingBudget	6617	estimated 107475720 CNF clauses before lowering exceeds budget 64000000 (oversized encoding refused gracefully)	int-blast-ladder	budget	estimated 107475720 CNF clauses before lowering exceeds budget 64000000 (oversized encoding refused gracefully)	sat	2115	sat	909
/nas3/data/axeyum/corpus/smtlib-2024/non-incremental/non-incremental/QF_NIA/20170427-VeryMax/ITS/From_AProVE_2014__juHashMapCreateSize.jar-obl-10__p7535_safety_0.smt2	sat	49195	1073741825	32	1	unknown	EncodingBudget	8419	estimated 99609969 CNF clauses before lowering exceeds budget 64000000 (oversized encoding refused gracefully)	int-blast-ladder	budget	estimated 99609969 CNF clauses before lowering exceeds budget 64000000 (oversized encoding refused gracefully)	sat	5719	timeout	26375
/nas3/data/axeyum/corpus/smtlib-2024/non-incremental/non-incremental/QF_NIA/20170427-VeryMax/ITS/From_AProVE_2014__juLinkedListCreateAddAll.jar-obl-11__p9492_safety_0.smt2	sat	246618	2017	12	7	unknown	Timeout	24335	preprocessed dispatch timeout after reduced solve	int-blast-ladder	budget	integer bit-blast width ladder: wall-clock timeout reached	sat	14029	timeout	26348
/nas3/data/axeyum/corpus/smtlib-2024/non-incremental/non-incremental/QF_NIA/20170427-VeryMax/ITS/From_AProVE_2014__juLinkedListCreateAddAllAt.jar-obl-17__p7725_safety_0.smt2	sat	244614	2017	12	7	unknown	Timeout	24336	preprocessed dispatch timeout after reduced solve	int-blast-ladder	budget	integer bit-blast width ladder: wall-clock timeout reached	sat	14424	sat	21725
/nas3/data/axeyum/corpus/smtlib-2024/non-incremental/non-incremental/QF_NIA/20170427-VeryMax/ITS/From_AProVE_2014__juLinkedListCreateAddAllAt.jar-obl-17__p7871_safety_0.smt2	sat	242748	2017	12	7	unknown	Timeout	24237	preprocessed dispatch timeout after reduced solve	int-blast-ladder	budget	integer bit-blast width ladder: wall-clock timeout reached	sat	8519	timeout	26245
/nas3/data/axeyum/corpus/smtlib-2024/non-incremental/non-incremental/QF_NIA/20170427-VeryMax/ITS/From_AProVE_2014__juLinkedListCreateAddAllAt.jar-obl-17__p8065_safety_0.smt2	sat	377349	2017	12	7	unknown	Timeout	24332	preprocessed dispatch timeout after reduced solve	int-blast-ladder	budget	integer bit-blast width ladder: wall-clock timeout reached	other	24137	timeout	26362
/nas3/data/axeyum/corpus/smtlib-2024/non-incremental/non-incremental/QF_NIA/20170427-VeryMax/ITS/From_AProVE_2014__juLinkedListCreateAddAllAt.jar-obl-17__p8261_safety_0.smt2	sat	110563	2017	12	7	unknown	Timeout	24142	preprocessed dispatch timeout after reduced solve	int-blast-ladder	budget	integer bit-blast width ladder: wall-clock timeout reached	sat	6216	sat	12919
/nas3/data/axeyum/corpus/smtlib-2024/non-incremental/non-incremental/QF_NIA/20170427-VeryMax/ITS/From_AProVE_2014__juLinkedListCreateAddAllAt.jar-obl-17__p8434_safety_0.smt2	sat	119745	2017	12	7	unknown	Timeout	24134	preprocessed dispatch timeout after reduced solve	int-blast-ladder	budget	integer bit-blast width ladder: wall-clock timeout reached	sat	1011	sat	3111
/nas3/data/axeyum/corpus/smtlib-2024/non-incremental/non-incremental/QF_NIA/20170427-VeryMax/ITS/From_AProVE_2014__juLinkedListCreateAddAllAt.jar-obl-17__p8651_safety_0.smt2	sat	31357	2017	12	7	unknown	Timeout	24136	preprocessed dispatch timeout after reduced solve	int-blast-ladder	budget	integer bit-blast width ladder: wall-clock timeout reached	sat	1212	sat	1009
/nas3/data/axeyum/corpus/smtlib-2024/non-incremental/non-incremental/QF_NIA/20170427-VeryMax/ITS/From_AProVE_2014__juLinkedListCreateAddAllAt.jar-obl-17__p8809_safety_0.smt2	sat	147263	2017	12	7	unknown	Timeout	24136	preprocessed dispatch timeout after reduced solve	int-blast-ladder	budget	integer bit-blast width ladder: wall-clock timeout reached	sat	2612	sat	12420
/nas3/data/axeyum/corpus/smtlib-2024/non-incremental/non-incremental/QF_NIA/20170427-VeryMax/ITS/From_AProVE_2014__juLinkedListCreateAddAllAt.jar-obl-17__p8992_safety_0.smt2	sat	140461	2017	12	7	unknown	Timeout	24130	preprocessed dispatch timeout after reduced solve	int-blast-ladder	budget	integer bit-blast width ladder: wall-clock timeout reached	sat	8220	sat	6713
/nas3/data/axeyum/corpus/smtlib-2024/non-incremental/non-incremental/QF_NIA/20170427-VeryMax/ITS/From_AProVE_2014__juLinkedListCreateAddAllAt.jar-obl-17__p9188_safety_0.smt2	sat	73340	2017	12	7	unknown	Timeout	24135	preprocessed dispatch timeout after reduced solve	int-blast-ladder	budget	integer bit-blast width ladder: wall-clock timeout reached	sat	612	timeout	27216
/nas3/data/axeyum/corpus/smtlib-2024/non-incremental/non-incremental/QF_NIA/20170427-VeryMax/ITS/From_AProVE_2014__juLinkedListCreateContainsAll.jar-obl-11__terminationS_0_0.smt2	unsat	764266	2017	12	7	unknown	Timeout	24636	preprocessed dispatch timeout after reduced solve	int-blast-ladder	budget	integer bit-blast width ladder: wall-clock timeout reached	other	24141	timeout	29502
/nas3/data/axeyum/corpus/smtlib-2024/non-incremental/non-incremental/QF_NIA/20170427-VeryMax/ITS/From_AProVE_2014__mirrorInterv_rec.jar-obl-8__p10955_edge_closing_0.smt2	sat	16791	2017	12	7	unknown	Timeout	24132	preprocessed dispatch timeout after reduced solve	int-blast-ladder	budget	integer bit-blast width ladder: wall-clock timeout reached	other	24033	timeout	31504
/nas3/data/axeyum/corpus/smtlib-2024/non-incremental/non-incremental/QF_NIA/20170427-VeryMax/ITS/From_AProVE_2014__whileNested_rec.jar-obl-9__p14976_terminationG_0.smt2	unsat	5325	2017	12	7	unknown	Timeout	24135	preprocessed dispatch timeout after reduced solve	int-blast-ladder	budget	integer bit-blast width ladder: wall-clock timeout reached	other	24034	timeout	31688
/nas3/data/axeyum/corpus/smtlib-2024/non-incremental/non-incremental/QF_NIA/20170427-VeryMax/ITS/From_T2__afagp-fail.t2__p15482_terminationG_0.smt2	unknown	70898	50001	17	2	unknown	EncodingBudget	11523	estimated 125751234 CNF clauses before lowering exceeds budget 64000000 (oversized encoding refused gracefully)	int-blast-ladder	budget	estimated 125751234 CNF clauses before lowering exceeds budget 64000000 (oversized encoding refused gracefully)	other	24033	timeout	30165
/nas3/data/axeyum/corpus/smtlib-2024/non-incremental/non-incremental/QF_NIA/20170427-VeryMax/ITS/From_T2__agafp.t2_fixed__terminationS_0_0.smt2	unsat	44503	200006	19	2	unknown	Timeout	24236	preprocessed dispatch timeout after reduced solve	int-blast-ladder	budget	integer bit-blast width ladder: wall-clock timeout reached	unsat	22537	timeout	26434
/nas3/data/axeyum/corpus/smtlib-2024/non-incremental/non-incremental/QF_NIA/20170427-VeryMax/ITS/From_T2__apchild-accepted.t2__p16321_terminationG_0.smt2	sat	874580	50001	17	2	unknown	EncodingBudget	7719	estimated 1695104115 CNF clauses before lowering exceeds budget 64000000 (oversized encoding refused gracefully)	int-blast-ladder	budget	estimated 1695104115 CNF clauses before lowering exceeds budget 64000000 (oversized encoding refused gracefully)	other	24130	timeout	26398
/nas3/data/axeyum/corpus/smtlib-2024/non-incremental/non-incremental/QF_NIA/20170427-VeryMax/ITS/From_T2__apchild-live.t2_fixed__p16479_terminationG_0.smt2	sat	512385	2017	12	7	unknown	Timeout	24533	preprocessed dispatch timeout after reduced solve	int-blast-ladder	budget	integer bit-blast width ladder: wall-clock timeout reached	sat	3314	timeout	27452
/nas3/data/axeyum/corpus/smtlib-2024/non-incremental/non-incremental/QF_NIA/20170427-VeryMax/ITS/From_T2__apchildlive-succeed.t2_fixed__p16399_edge_closing_0.smt2	unknown	3586869	5001	14	5	unknown	EncodingBudget	21930	estimated 4370349378 CNF clauses before lowering exceeds budget 64000000 (oversized encoding refused gracefully)	int-blast-ladder	budget	estimated 4370349378 CNF clauses before lowering exceeds budget 64000000 (oversized encoding refused gracefully)	other	24138	timeout	29534
/nas3/data/axeyum/corpus/smtlib-2024/non-incremental/non-incremental/QF_NIA/20170427-VeryMax/ITS/From_T2__broydn.c.i.broydn.pl.t2.fixed.t2__term_unfeasibility_3_0.smt2	sat	93533	2017	12	7	unknown	Timeout	24137	preprocessed dispatch timeout after reduced solve	int-blast-ladder	budget	integer bit-blast width ladder: wall-clock timeout reached	sat	14321	timeout	30614
/nas3/data/axeyum/corpus/smtlib-2024/non-incremental/non-incremental/QF_NIA/20170427-VeryMax/ITS/From_T2__byron-4.t2__p17594_terminationG_0.smt2	unknown	16977	50001	17	2	unknown	Timeout	24232	preprocessed dispatch timeout after reduced solve	int-blast-ladder	budget	integer bit-blast width ladder: wall-clock timeout reached	other	24031	timeout	26365
/nas3/data/axeyum/corpus/smtlib-2024/non-incremental/non-incremental/QF_NIA/20170427-VeryMax/ITS/From_T2__consts1nt.t2__p17935_terminationG_0.smt2	unsat	3547	50001	17	2	unsat	-	4915		nia-linearize			unsat	1011	unsat	111
/nas3/data/axeyum/corpus/smtlib-2024/non-incremental/non-incremental/QF_NIA/20170427-VeryMax/ITS/From_T2__consts5nt.t2__p18457_edge_closing_0.smt2	sat	20172	4000	13	6	unknown	Timeout	24142	preprocessed dispatch timeout after reduced solve	int-blast-ladder	budget	integer bit-blast width ladder: wall-clock timeout reached	sat	3114	timeout	26380
/nas3/data/axeyum/corpus/smtlib-2024/non-incremental/non-incremental/QF_NIA/20170427-VeryMax/ITS/From_T2__db2.t2_fixed__terminationS_29_0.smt2	unsat	238497	2017	12	7	unknown	Timeout	24236	preprocessed dispatch timeout after reduced solve	int-blast-ladder	budget	integer bit-blast width ladder: wall-clock timeout reached	unsat	2312	timeout	27513
/nas3/data/axeyum/corpus/smtlib-2024/non-incremental/non-incremental/QF_NIA/20170427-VeryMax/ITS/From_T2__disj_nightmare.t2__p18944_edge_closing_0.smt2	sat	110997	2017	12	7	unknown	Timeout	24336	preprocessed dispatch timeout after reduced solve	int-blast-ladder	budget	integer bit-blast width ladder: wall-clock timeout reached	sat	1011	timeout	26358
/nas3/data/axeyum/corpus/smtlib-2024/non-incremental/non-incremental/QF_NIA/20170427-VeryMax/ITS/From_T2__edn.t2__p20109_safety_0.smt2	sat	14927	2017	12	7	sat	-	6619		nia-linearize			sat	613	timeout	26463
/nas3/data/axeyum/corpus/smtlib-2024/non-incremental/non-incremental/QF_NIA/20170427-VeryMax/ITS/From_T2__edn.t2__p20676_safety_0.smt2	sat	17470	2017	12	7	sat	-	6518		nia-linearize			sat	2212	timeout	26357
/nas3/data/axeyum/corpus/smtlib-2024/non-incremental/non-incremental/QF_NIA/20170427-VeryMax/ITS/From_T2__efegp.t2__p21963_edge_closing_0.smt2	sat	49211	5365	14	5	unknown	Timeout	24132	preprocessed dispatch timeout after reduced solve	int-blast-ladder	budget	integer bit-blast width ladder: wall-clock timeout reached	sat	8817	sat	8915
/nas3/data/axeyum/corpus/smtlib-2024/non-incremental/non-incremental/QF_NIA/20170427-VeryMax/ITS/From_T2__ex19.t2__p22319_terminationG_0.smt2	unknown	4796	2017	12	7	unknown	Timeout	24139	preprocessed dispatch timeout after reduced solve	int-blast-ladder	budget	integer bit-blast width ladder: wall-clock timeout reached	unsat	2012	timeout	27486
/nas3/data/axeyum/corpus/smtlib-2024/non-incremental/non-incremental/QF_NIA/20170427-VeryMax/ITS/From_T2__ex36.t2__p26914_safety_0.smt2	sat	13667	12771	15	4	sat	-	9121		nia-linearize			sat	511	sat	709
/nas3/data/axeyum/corpus/smtlib-2024/non-incremental/non-incremental/QF_NIA/20170427-VeryMax/ITS/From_T2__ex36.t2__p28763_safety_0.smt2	sat	11831	12771	15	4	sat	-	8218		nia-linearize			sat	1810	sat	609
/nas3/data/axeyum/corpus/smtlib-2024/non-incremental/non-incremental/QF_NIA/20170427-VeryMax/ITS/From_T2__ex36.t2__p29986_safety_0.smt2	unsat	8026	12537	15	4	unknown	Timeout	24133	preprocessed dispatch timeout after reduced solve	int-blast-ladder	budget	integer bit-blast width ladder: wall-clock timeout reached	unsat	1313	unsat	306
/nas3/data/axeyum/corpus/smtlib-2024/non-incremental/non-incremental/QF_NIA/20170427-VeryMax/ITS/From_T2__ex36.t2__p31135_safety_0.smt2	sat	12468	12771	15	4	sat	-	9821		nia-linearize			sat	911	sat	307
/nas3/data/axeyum/corpus/smtlib-2024/non-incremental/non-incremental/QF_NIA/20170427-VeryMax/ITS/From_T2__ex36.t2__p31933_safety_0.smt2	unknown	16778	12537	15	4	unknown	Timeout	24132	preprocessed dispatch timeout after reduced solve	int-blast-ladder	budget	integer bit-blast width ladder: wall-clock timeout reached	other	24031	timeout	28262
/nas3/data/axeyum/corpus/smtlib-2024/non-incremental/non-incremental/QF_NIA/20170427-VeryMax/ITS/From_T2__ex36.t2_fixed__p23563_safety_0.smt2	sat	5351	11511	15	4	sat	-	9822		nia-linearize			sat	1116	sat	108
/nas3/data/axeyum/corpus/smtlib-2024/non-incremental/non-incremental/QF_NIA/20170427-VeryMax/ITS/From_T2__firewire.t2__terminationS_13_0.smt2	unsat	164658	50001	17	2	unknown	EncodingBudget	7118	estimated 282490206 CNF clauses before lowering exceeds budget 64000000 (oversized encoding refused gracefully)	int-blast-ladder	budget	estimated 282490206 CNF clauses before lowering exceeds budget 64000000 (oversized encoding refused gracefully)	other	24132	timeout	29154
/nas3/data/axeyum/corpus/smtlib-2024/non-incremental/non-incremental/QF_NIA/20170427-VeryMax/ITS/From_T2__foo.t2__terminationS_32_0.smt2	unsat	1312666	2017	12	7	unknown	EncodingBudget	24231	estimated 2930944950 CNF clauses before lowering exceeds budget 64000000 (oversized encoding refused gracefully)	int-blast-ladder	budget	integer bit-blast width ladder: wall-clock timeout reached	other	24132	timeout	29448
/nas3/data/axeyum/corpus/smtlib-2024/non-incremental/non-incremental/QF_NIA/20170427-VeryMax/ITS/From_T2__fun1.t2_fixed__p697_terminationG_0.smt2	sat	534653	2017	12	7	unknown	Timeout	24432	preprocessed dispatch timeout after reduced solve	int-blast-ladder	budget	integer bit-blast width ladder: wall-clock timeout reached	other	24039	timeout	26351
/nas3/data/axeyum/corpus/smtlib-2024/non-incremental/non-incremental/QF_NIA/20170427-VeryMax/ITS/From_T2__fun1b.t2__terminationS_11_0.smt2	unsat	395316	2017	12	7	unknown	Timeout	24233	preprocessed dispatch timeout after reduced solve	int-blast-ladder	budget	integer bit-blast width ladder: wall-clock timeout reached	unsat	10219	timeout	26255
/nas3/data/axeyum/corpus/smtlib-2024/non-incremental/non-incremental/QF_NIA/20170427-VeryMax/ITS/From_T2__fun7.t2__p1152_terminationG_0.smt2	sat	168138	2017	12	7	unknown	Timeout	24341	preprocessed dispatch timeout after reduced solve	int-blast-ladder	budget	integer bit-blast width ladder: wall-clock timeout reached	other	24033	timeout	27185
/nas3/data/axeyum/corpus/smtlib-2024/non-incremental/non-incremental/QF_NIA/20170427-VeryMax/ITS/From_T2__fun9.t2__p1346_edge_closing_0.smt2	sat	40180	2017	12	7	unknown	Timeout	24134	preprocessed dispatch timeout after reduced solve	int-blast-ladder	budget	integer bit-blast width ladder: wall-clock timeout reached	sat	3014	timeout	28236
/nas3/data/axeyum/corpus/smtlib-2024/non-incremental/non-incremental/QF_NIA/20170427-VeryMax/ITS/From_T2__fun9.t2__p1480_edge_closing_0.smt2	sat	29849	2017	12	7	unknown	Timeout	24132	preprocessed dispatch timeout after reduced solve	int-blast-ladder	budget	integer bit-blast width ladder: wall-clock timeout reached	sat	2914	timeout	28242
/nas3/data/axeyum/corpus/smtlib-2024/non-incremental/non-incremental/QF_NIA/20170427-VeryMax/ITS/From_T2__hqr.c.i.hqr.pl.t2.fixed.t2_fixed__terminationS_36_0.smt2	unsat	226397	2017	12	7	unknown	Timeout	24234	preprocessed dispatch timeout after reduced solve	int-blast-ladder	budget	integer bit-blast width ladder: wall-clock timeout reached	unsat	6817	unsat	22228
/nas3/data/axeyum/corpus/smtlib-2024/non-incremental/non-incremental/QF_NIA/20170427-VeryMax/ITS/From_T2__hqr.c.i.hqr.pl.t2.nor.t2.rlgfixed.t2_fixed__terminationS_45_0.smt2	unsat	221316	2017	12	7	unknown	Timeout	24233	preprocessed dispatch timeout after reduced solve	int-blast-ladder	budget	integer bit-blast width ladder: wall-clock timeout reached	other	24032	timeout	26425
/nas3/data/axeyum/corpus/smtlib-2024/non-incremental/non-incremental/QF_NIA/20170427-VeryMax/ITS/From_T2__hqr.t2_fixed__terminationS_36_0.smt2	unsat	222685	2017	12	7	unknown	Timeout	24237	preprocessed dispatch timeout after reduced solve	int-blast-ladder	budget	integer bit-blast width ladder: wall-clock timeout reached	unsat	9419	timeout	26415
/nas3/data/axeyum/corpus/smtlib-2024/non-incremental/non-incremental/QF_NIA/20170427-VeryMax/ITS/From_T2__janne_complex.t2__p2263_terminationG_0.smt2	sat	81231	50001	17	2	unknown	EncodingBudget	9723	estimated 168816888 CNF clauses before lowering exceeds budget 64000000 (oversized encoding refused gracefully)	int-blast-ladder	budget	estimated 168816888 CNF clauses before lowering exceeds budget 64000000 (oversized encoding refused gracefully)	other	24033	timeout	27459
/nas3/data/axeyum/corpus/smtlib-2024/non-incremental/non-incremental/QF_NIA/20170427-VeryMax/ITS/From_T2__mc91.t2__p2846_terminationG_0.smt2	unknown	40765	50001	17	2	unknown	Timeout	24331	preprocessed dispatch timeout after reduced solve	int-blast-ladder	budget	integer bit-blast width ladder: wall-clock timeout reached	other	24035	timeout	28473
/nas3/data/axeyum/corpus/smtlib-2024/non-incremental/non-incremental/QF_NIA/20170427-VeryMax/ITS/From_T2__mc91test.t2__p3142_terminationG_0.smt2	sat	199934	2017	12	7	unknown	Timeout	24234	preprocessed dispatch timeout after reduced solve	int-blast-ladder	budget	integer bit-blast width ladder: wall-clock timeout reached	other	24033	timeout	30023
/nas3/data/axeyum/corpus/smtlib-2024/non-incremental/non-incremental/QF_NIA/20170427-VeryMax/ITS/From_T2__n-10.t2__p3427_edge_closing_0.smt2	sat	29841	2017	12	7	unknown	Timeout	24135	preprocessed dispatch timeout after reduced solve	int-blast-ladder	budget	integer bit-blast width ladder: wall-clock timeout reached	sat	4216	timeout	26395
/nas3/data/axeyum/corpus/smtlib-2024/non-incremental/non-incremental/QF_NIA/20170427-VeryMax/ITS/From_T2__n-21.t2__p3959_terminationG_0.smt2	unsat	13518	50001	17	2	unknown	Timeout	24130	preprocessed dispatch timeout after reduced solve	int-blast-ladder	budget	integer bit-blast width ladder: wall-clock timeout reached	unsat	1312	unsat	510
/nas3/data/axeyum/corpus/smtlib-2024/non-incremental/non-incremental/QF_NIA/20170427-VeryMax/ITS/From_T2__n-40.t2__p4304_terminationG_0.smt2	unknown	70495	50001	17	2	unknown	EncodingBudget	6818	estimated 148252557 CNF clauses before lowering exceeds budget 64000000 (oversized encoding refused gracefully)	int-blast-ladder	budget	estimated 148252557 CNF clauses before lowering exceeds budget 64000000 (oversized encoding refused gracefully)	other	24131	timeout	27202
/nas3/data/axeyum/corpus/smtlib-2024/non-incremental/non-incremental/QF_NIA/20170427-VeryMax/ITS/From_T2__n-5.t2__p4694_edge_closing_0.smt2	sat	86719	2017	12	7	unknown	Timeout	24135	preprocessed dispatch timeout after reduced solve	int-blast-ladder	budget	integer bit-blast width ladder: wall-clock timeout reached	sat	3016	timeout	28729
/nas3/data/axeyum/corpus/smtlib-2024/non-incremental/non-incremental/QF_NIA/20170427-VeryMax/ITS/From_T2__n-7.t2__p5005_terminationG_0.smt2	unknown	14634	50001	17	2	unknown	Timeout	24235	preprocessed dispatch timeout after reduced solve	int-blast-ladder	budget	integer bit-blast width ladder: wall-clock timeout reached	other	24032	timeout	27687
/nas3/data/axeyum/corpus/smtlib-2024/non-incremental/non-incremental/QF_NIA/20170427-VeryMax/ITS/From_T2__n-7.t2_fixed__p4922_terminationG_0.smt2	unsat	8033	50001	17	2	unknown	Timeout	24133	preprocessed dispatch timeout after reduced solve	int-blast-ladder	budget	integer bit-blast width ladder: wall-clock timeout reached	unsat	1316	unsat	310
/nas3/data/axeyum/corpus/smtlib-2024/non-incremental/non-incremental/QF_NIA/20170427-VeryMax/ITS/From_T2__nakata.t2__p5351_edge_closing_0.smt2	sat	752122	50001	17	2	unknown	EncodingBudget	9917	estimated 1745710104 CNF clauses before lowering exceeds budget 64000000 (oversized encoding refused gracefully)	int-blast-ladder	budget	estimated 1745710104 CNF clauses before lowering exceeds budget 64000000 (oversized encoding refused gracefully)	other	24033	timeout	26462
/nas3/data/axeyum/corpus/smtlib-2024/non-incremental/non-incremental/QF_NIA/20170427-VeryMax/ITS/From_T2__p-43-terminate.t2__term_unfeasibility_1_0.smt2	unsat	37280	2017	12	7	unknown	Timeout	24131	preprocessed dispatch timeout after reduced solve	int-blast-ladder	budget	integer bit-blast width ladder: wall-clock timeout reached	unsat	1815	unsat	2913
/nas3/data/axeyum/corpus/smtlib-2024/non-incremental/non-incremental/QF_NIA/20170427-VeryMax/ITS/From_T2__pentagon.t2__p7110_edge_closing_0.smt2	unknown	22426	2017	12	7	unknown	Timeout	24134	preprocessed dispatch timeout after reduced solve	int-blast-ladder	budget	integer bit-blast width ladder: wall-clock timeout reached	other	24131	timeout	26380
/nas3/data/axeyum/corpus/smtlib-2024/non-incremental/non-incremental/QF_NIA/20170427-VeryMax/ITS/From_T2__polling.t2_fixed__p7335_terminationG_0.smt2	sat	276289	3942	13	6	unknown	Timeout	24328	preprocessed dispatch timeout after reduced solve	int-blast-ladder	budget	integer bit-blast width ladder: wall-clock timeout reached	sat	6215	timeout	26365
/nas3/data/axeyum/corpus/smtlib-2024/non-incremental/non-incremental/QF_NIA/20170427-VeryMax/ITS/From_T2__ppblock.t2__p7749_edge_closing_0.smt2	sat	55110	50004	17	2	unknown	EncodingBudget	8117	estimated 137463183 CNF clauses before lowering exceeds budget 64000000 (oversized encoding refused gracefully)	int-blast-ladder	budget	estimated 137463183 CNF clauses before lowering exceeds budget 64000000 (oversized encoding refused gracefully)	other	24131	timeout	26866
/nas3/data/axeyum/corpus/smtlib-2024/non-incremental/non-incremental/QF_NIA/20170427-VeryMax/ITS/From_T2__queens.t2__term_unfeasibility_1_0.smt2	sat	49848	2017	12	7	unknown	Timeout	24131	preprocessed dispatch timeout after reduced solve	int-blast-ladder	budget	integer bit-blast width ladder: wall-clock timeout reached	sat	2713	sat	12016
/nas3/data/axeyum/corpus/smtlib-2024/non-incremental/non-incremental/QF_NIA/20170427-VeryMax/ITS/From_T2__rlft3.c.i.rlft3.pl.t2.fixed.t2__p8813_terminationG_0.smt2	unknown	39580	200011	19	2	unknown	Timeout	24537	preprocessed dispatch timeout after reduced solve	int-blast-ladder	budget	integer bit-blast width ladder: wall-clock timeout reached	unsat	10320	timeout	26365
/nas3/data/axeyum/corpus/smtlib-2024/non-incremental/non-incremental/QF_NIA/20170427-VeryMax/ITS/From_T2__rlft3.t2__p9106_terminationG_0.smt2	unknown	75739	100004	18	2	unknown	EncodingBudget	7117	estimated 160224396 CNF clauses before lowering exceeds budget 64000000 (oversized encoding refused gracefully)	int-blast-ladder	budget	estimated 160224396 CNF clauses before lowering exceeds budget 64000000 (oversized encoding refused gracefully)	other	24133	timeout	26373
/nas3/data/axeyum/corpus/smtlib-2024/non-incremental/non-incremental/QF_NIA/20170427-VeryMax/ITS/From_T2__s1-striped.t2__p12578_safety_0.smt2	unknown	8599	10743	15	4	unknown	Timeout	24133	preprocessed dispatch timeout after reduced solve	int-blast-ladder	budget	integer bit-blast width ladder: wall-clock timeout reached	other	24027	timeout	26377
/nas3/data/axeyum/corpus/smtlib-2024/non-incremental/non-incremental/QF_NIA/20170427-VeryMax/ITS/From_T2__s1-striped.t2__p13494_safety_0.smt2	sat	116903	11590	15	4	unknown	Timeout	24129	preprocessed dispatch timeout after reduced solve	int-blast-ladder	budget	integer bit-blast width ladder: wall-clock timeout reached	other	24029	timeout	27797
/nas3/data/axeyum/corpus/smtlib-2024/non-incremental/non-incremental/QF_NIA/20170427-VeryMax/ITS/From_T2__s1-striped.t2__p14253_safety_0.smt2	sat	117509	11590	15	4	unknown	Timeout	24134	preprocessed dispatch timeout after reduced solve	int-blast-ladder	budget	integer bit-blast width ladder: wall-clock timeout reached	sat	10119	sat	4813
/nas3/data/axeyum/corpus/smtlib-2024/non-incremental/non-incremental/QF_NIA/20170427-VeryMax/ITS/From_T2__s1-striped.t2_fixed__p10157_safety_0.smt2	sat	65797	9979	15	4	unknown	Timeout	24133	preprocessed dispatch timeout after reduced solve	int-blast-ladder	budget	integer bit-blast width ladder: wall-clock timeout reached	sat	2112	timeout	26413
/nas3/data/axeyum/corpus/smtlib-2024/non-incremental/non-incremental/QF_NIA/20170427-VeryMax/ITS/From_T2__s1-striped.t2_fixed__p10785_safety_0.smt2	sat	116371	9979	15	4	unknown	Timeout	24131	preprocessed dispatch timeout after reduced solve	int-blast-ladder	budget	integer bit-blast width ladder: wall-clock timeout reached	sat	8115	timeout	26549
/nas3/data/axeyum/corpus/smtlib-2024/non-incremental/non-incremental/QF_NIA/20170427-VeryMax/ITS/From_T2__s1-striped.t2_fixed__p11698_safety_0.smt2	unsat	5430	9276	15	4	unknown	Timeout	24131	preprocessed dispatch timeout after reduced solve	int-blast-ladder	budget	combined-theory timeout after scalar backend	unsat	2211	unsat	709
/nas3/data/axeyum/corpus/smtlib-2024/non-incremental/non-incremental/QF_NIA/20170427-VeryMax/ITS/From_T2__s1.t2__p18409_safety_0.smt2	unsat	6205	10743	15	4	unknown	Timeout	24129	preprocessed dispatch timeout after reduced solve	int-blast-ladder	budget	integer bit-blast width ladder: wall-clock timeout reached	unsat	1010	unsat	1511
/nas3/data/axeyum/corpus/smtlib-2024/non-incremental/non-incremental/QF_NIA/20170427-VeryMax/ITS/From_T2__s1.t2__p19291_safety_0.smt2	sat	102588	11590	15	4	unknown	Timeout	24125	preprocessed dispatch timeout after reduced solve	int-blast-ladder	budget	integer bit-blast width ladder: wall-clock timeout reached	sat	608	sat	3014
/nas3/data/axeyum/corpus/smtlib-2024/non-incremental/non-incremental/QF_NIA/20170427-VeryMax/ITS/From_T2__s1.t2__p20015_safety_0.smt2	sat	120963	11590	15	4	unknown	Timeout	24129	preprocessed dispatch timeout after reduced solve	int-blast-ladder	budget	integer bit-blast width ladder: wall-clock timeout reached	sat	1208	sat	3312
/nas3/data/axeyum/corpus/smtlib-2024/non-incremental/non-incremental/QF_NIA/20170427-VeryMax/ITS/From_T2__s1.t2_fixed__p15159_terminationG_0.smt2	sat	366257	2017	12	7	unknown	Timeout	24328	preprocessed dispatch timeout after reduced solve	int-blast-ladder	budget	integer bit-blast width ladder: wall-clock timeout reached	sat	3113	timeout	27237
/nas3/data/axeyum/corpus/smtlib-2024/non-incremental/non-incremental/QF_NIA/20170427-VeryMax/ITS/From_T2__s1.t2_fixed__p16687_safety_0.smt2	unknown	8704	9276	15	4	unknown	Timeout	24129	preprocessed dispatch timeout after reduced solve	int-blast-ladder	budget	integer bit-blast width ladder: wall-clock timeout reached	other	24029	timeout	28549
/nas3/data/axeyum/corpus/smtlib-2024/non-incremental/non-incremental/QF_NIA/20170427-VeryMax/ITS/From_T2__sas2.t2__terminationQ_2_0.smt2	sat	57708	50001	17	2	unknown	EncodingBudget	10516	estimated 117393672 CNF clauses before lowering exceeds budget 64000000 (oversized encoding refused gracefully)	int-blast-ladder	budget	estimated 117393672 CNF clauses before lowering exceeds budget 64000000 (oversized encoding refused gracefully)	sat	9419	timeout	29124
/nas3/data/axeyum/corpus/smtlib-2024/non-incremental/non-incremental/QF_NIA/20170427-VeryMax/ITS/From_T2__slayer-3-filtered.t2__p21659_terminationG_0.smt2	unknown	211737	50001	17	2	unknown	EncodingBudget	7613	estimated 325583043 CNF clauses before lowering exceeds budget 64000000 (oversized encoding refused gracefully)	int-blast-ladder	budget	estimated 325583043 CNF clauses before lowering exceeds budget 64000000 (oversized encoding refused gracefully)	other	24032	timeout	26258
/nas3/data/axeyum/corpus/smtlib-2024/non-incremental/non-incremental/QF_NIA/20170427-VeryMax/ITS/From_T2__slayer-3-new.t2__p21995_terminationG_0.smt2	unknown	523469	180279	19	2	unknown	EncodingBudget	8615	estimated 820809771 CNF clauses before lowering exceeds budget 64000000 (oversized encoding refused gracefully)	int-blast-ladder	budget	estimated 820809771 CNF clauses before lowering exceeds budget 64000000 (oversized encoding refused gracefully)	other	24130	timeout	27266
/nas3/data/axeyum/corpus/smtlib-2024/non-incremental/non-incremental/QF_NIA/20170427-VeryMax/ITS/From_T2__slayer-3.t2__p22227_terminationG_0.smt2	unknown	355425	203030	19	2	unknown	EncodingBudget	8316	estimated 533361651 CNF clauses before lowering exceeds budget 64000000 (oversized encoding refused gracefully)	int-blast-ladder	budget	estimated 533361651 CNF clauses before lowering exceeds budget 64000000 (oversized encoding refused gracefully)	other	24131	timeout	26388
/nas3/data/axeyum/corpus/smtlib-2024/non-incremental/non-incremental/QF_NIA/20170427-VeryMax/ITS/From_T2__slayer-3.t2_fixed__terminationS_31_0.smt2	unsat	321238	2017	12	7	unknown	Timeout	24232	preprocessed dispatch timeout after reduced solve	int-blast-ladder	budget	integer bit-blast width ladder: wall-clock timeout reached	unsat	20035	timeout	26356
/nas3/data/axeyum/corpus/smtlib-2024/non-incremental/non-incremental/QF_NIA/20170427-VeryMax/ITS/From_T2__slayer-4-filtered.t2__p22683_terminationG_0.smt2	sat	542507	148073	19	2	unknown	Timeout	24532	preprocessed dispatch timeout after reduced solve	int-blast-ladder	budget	integer bit-blast width ladder: wall-clock timeout reached	other	24131	timeout	26255
/nas3/data/axeyum/corpus/smtlib-2024/non-incremental/non-incremental/QF_NIA/20170427-VeryMax/ITS/From_T2__slayer-n1.t2_fixed__p22997_safety_0.smt2	unsat	31847	2017	12	7	unsat	-	8816		nia-linearize			unsat	811	unsat	511
/nas3/data/axeyum/corpus/smtlib-2024/non-incremental/non-incremental/QF_NIA/20170427-VeryMax/ITS/From_T2__small01.t2__p23469_terminationG_0.smt2	unknown	7127	2017	12	7	unknown	Timeout	24133	preprocessed dispatch timeout after reduced solve	int-blast-ladder	budget	integer bit-blast width ladder: wall-clock timeout reached	other	24032	timeout	27048
/nas3/data/axeyum/corpus/smtlib-2024/non-incremental/non-incremental/QF_NIA/20170427-VeryMax/ITS/From_T2__small17.t2__p23845_edge_closing_0.smt2	unknown	4637	2017	12	7	unknown	Timeout	24132	preprocessed dispatch timeout after reduced solve	int-blast-ladder	budget	integer bit-blast width ladder: wall-clock timeout reached	unsat	512	timeout	26570
/nas3/data/axeyum/corpus/smtlib-2024/non-incremental/non-incremental/QF_NIA/20170427-VeryMax/ITS/From_T2__streamserver-succeed.t2__p24602_terminationG_0.smt2	sat	715881	2017	12	7	unknown	Timeout	24532	preprocessed dispatch timeout after reduced solve	int-blast-ladder	budget	integer bit-blast width ladder: wall-clock timeout reached	other	24132	timeout	26360
/nas3/data/axeyum/corpus/smtlib-2024/non-incremental/non-incremental/QF_NIA/20170427-VeryMax/ITS/From_T2__streamserver.bug.t2__terminationS_1_0.smt2	unsat	88325	2017	12	7	unknown	Timeout	24135	preprocessed dispatch timeout after reduced solve	int-blast-ladder	budget	integer bit-blast width ladder: wall-clock timeout reached	unsat	3015	unsat	15017
/nas3/data/axeyum/corpus/smtlib-2024/non-incremental/non-incremental/QF_NIA/20170427-VeryMax/ITS/From_T2__svdcmp.c.i.svdcmp.pl.t2.nor.t2.rlgfixed.t2__p24935_safety_0.smt2	sat	305408	5142	14	5	unknown	Timeout	24331	preprocessed dispatch timeout after reduced solve	int-blast-ladder	budget	integer bit-blast width ladder: wall-clock timeout reached	other	24129	timeout	26384
/nas3/data/axeyum/corpus/smtlib-2024/non-incremental/non-incremental/QF_NIA/20170427-VeryMax/ITS/From_T2__tqli.c.i.tqli.pl.t2.nor.t2.rlgfixed.t2__p25069_terminationG_0.smt2	sat	551788	2017	12	7	unknown	Timeout	24732	preprocessed dispatch timeout after reduced solve	int-blast-ladder	budget	integer bit-blast width ladder: wall-clock timeout reached	other	24028	timeout	26366
/nas3/data/axeyum/corpus/smtlib-2024/non-incremental/non-incremental/QF_NIA/20170427-VeryMax/ITS/From_T2__ud.t2__term_unfeasibility_1_0.smt2	sat	13112	2017	12	7	sat	-	10823		int-blast-ladder			sat	2916	sat	2111
/nas3/data/axeyum/corpus/smtlib-2024/non-incremental/non-incremental/QF_NIA/20170427-VeryMax/ITS/From_T2__zlib-adler32.c.t2__p25902_terminationG_0.smt2	sat	62991	5552	14	5	unknown	Timeout	24230	preprocessed dispatch timeout after reduced solve	int-blast-ladder	budget	integer bit-blast width ladder: wall-clock timeout reached	sat	610	timeout	26473
/nas3/data/axeyum/corpus/smtlib-2024/non-incremental/non-incremental/QF_NIA/20170427-VeryMax/ITS/From_T2__zlib-adler32.c.t2_fixed__p25888_safety_0.smt2	unknown	6677	2017	12	7	unknown	Timeout	24130	preprocessed dispatch timeout after reduced solve	int-blast-ladder	budget	combined-theory timeout after scalar backend	other	24026	timeout	26460
/nas3/data/axeyum/corpus/smtlib-2024/non-incremental/non-incremental/QF_NIA/20170427-VeryMax/SAT14/1051.smt2	sat	83962	200102	19	2	unknown	EncodingBudget	19026	estimated 209670018 CNF clauses before lowering exceeds budget 64000000 (oversized encoding refused gracefully)	int-blast-ladder	budget	estimated 209670018 CNF clauses before lowering exceeds budget 64000000 (oversized encoding refused gracefully)	sat	107	sat	10216
/nas3/data/axeyum/corpus/smtlib-2024/non-incremental/non-incremental/QF_NIA/20170427-VeryMax/SAT14/1166.smt2	sat	92749	100002	18	2	unknown	EncodingBudget	18422	estimated 234076170 CNF clauses before lowering exceeds budget 64000000 (oversized encoding refused gracefully)	int-blast-ladder	budget	estimated 234076170 CNF clauses before lowering exceeds budget 64000000 (oversized encoding refused gracefully)	sat	309	timeout	28185
/nas3/data/axeyum/corpus/smtlib-2024/non-incremental/non-incremental/QF_NIA/20170427-VeryMax/SAT14/1280.smt2	sat	37638	100002	18	2	sat	-	10816		int-blast-ladder	budget	integer bit-blast width ladder: wall-clock timeout reached	sat	108	sat	409
/nas3/data/axeyum/corpus/smtlib-2024/non-incremental/non-incremental/QF_NIA/20170427-VeryMax/SAT14/1395.smt2	sat	30376	50005	17	2	sat	-	7012		nia-linearize			sat	508	sat	409
/nas3/data/axeyum/corpus/smtlib-2024/non-incremental/non-incremental/QF_NIA/20170427-VeryMax/SAT14/1509.smt2	sat	71141	150004	19	2	unknown	EncodingBudget	11518	estimated 171663966 CNF clauses before lowering exceeds budget 64000000 (oversized encoding refused gracefully)	int-blast-ladder	budget	estimated 171663966 CNF clauses before lowering exceeds budget 64000000 (oversized encoding refused gracefully)	sat	111	sat	610
/nas3/data/axeyum/corpus/smtlib-2024/non-incremental/non-incremental/QF_NIA/20170427-VeryMax/SAT14/1623.smt2	sat	49142	100004	18	2	unknown	EncodingBudget	18822	estimated 114208803 CNF clauses before lowering exceeds budget 64000000 (oversized encoding refused gracefully)	nia-linearize			sat	612	timeout	26257
/nas3/data/axeyum/corpus/smtlib-2024/non-incremental/non-incremental/QF_NIA/20170427-VeryMax/SAT14/1738.smt2	sat	22924	50004	17	2	unknown	Timeout	24228	preprocessed dispatch timeout after reduced solve	int-blast-ladder	budget	integer bit-blast width ladder: wall-clock timeout reached	sat	113	sat	309
/nas3/data/axeyum/corpus/smtlib-2024/non-incremental/non-incremental/QF_NIA/20170427-VeryMax/SAT14/1854.smt2	sat	48837	150003	19	2	sat	-	8116		nia-linearize			sat	111	sat	308
/nas3/data/axeyum/corpus/smtlib-2024/non-incremental/non-incremental/QF_NIA/20170427-VeryMax/SAT14/227.smt2	sat	16213	50201	17	2	sat	-	6817		nia-linearize			sat	111	sat	209
/nas3/data/axeyum/corpus/smtlib-2024/non-incremental/non-incremental/QF_NIA/20170427-VeryMax/SAT14/341.smt2	sat	25456	50001	17	2	unknown	Timeout	24236	preprocessed dispatch timeout after reduced solve	int-blast-ladder	budget	integer bit-blast width ladder: wall-clock timeout reached	sat	109	sat	209
/nas3/data/axeyum/corpus/smtlib-2024/non-incremental/non-incremental/QF_NIA/20170427-VeryMax/SAT14/456.smt2	sat	77630	50001	17	2	unknown	EncodingBudget	18230	estimated 168414339 CNF clauses before lowering exceeds budget 64000000 (oversized encoding refused gracefully)	int-blast-ladder	budget	estimated 168414339 CNF clauses before lowering exceeds budget 64000000 (oversized encoding refused gracefully)	sat	110	sat	508
/nas3/data/axeyum/corpus/smtlib-2024/non-incremental/non-incremental/QF_NIA/20170427-VeryMax/SAT14/571.smt2	sat	205861	2017	12	7	unknown	Timeout	24335	preprocessed dispatch timeout after reduced solve	int-blast-ladder	budget	integer bit-blast width ladder: wall-clock timeout reached	sat	708	sat	4611
/nas3/data/axeyum/corpus/smtlib-2024/non-incremental/non-incremental/QF_NIA/20170427-VeryMax/SAT14/687.smt2	sat	85420	100002	18	2	unknown	EncodingBudget	18224	estimated 201184377 CNF clauses before lowering exceeds budget 64000000 (oversized encoding refused gracefully)	int-blast-ladder	budget	estimated 201184377 CNF clauses before lowering exceeds budget 64000000 (oversized encoding refused gracefully)	sat	109	sat	809
/nas3/data/axeyum/corpus/smtlib-2024/non-incremental/non-incremental/QF_NIA/20170427-VeryMax/SAT14/803.smt2	sat	60442	50001	17	2	unknown	EncodingBudget	18127	estimated 164395062 CNF clauses before lowering exceeds budget 64000000 (oversized encoding refused gracefully)	int-blast-ladder	budget	estimated 164395062 CNF clauses before lowering exceeds budget 64000000 (oversized encoding refused gracefully)	sat	207	sat	1209
/nas3/data/axeyum/corpus/smtlib-2024/non-incremental/non-incremental/QF_NIA/20170427-VeryMax/SAT14/919.smt2	sat	31396	50001	17	2	unknown	Timeout	24230	preprocessed dispatch timeout after reduced solve	int-blast-ladder	budget	integer bit-blast width ladder: wall-clock timeout reached	sat	109	sat	306
/nas3/data/axeyum/corpus/smtlib-2024/non-incremental/non-incremental/QF_NIA/20210219-Dartagnan/ReachSafety-Loops/array_3-1-O0.smt2	unknown	10002338	2147483648	33	0	unknown	ResourceLimit	410	ingest resource limit: `distinct` with 16525 arguments requires 136529550 pairwise expansions; deterministic limit is 65536	<no trace>	ingest-resource-limit		unsat	1410	unsat	4912
/nas3/data/axeyum/corpus/smtlib-2024/non-incremental/non-incremental/QF_NIA/20210219-Dartagnan/ReachSafety-Loops/geo1-u_valuebound2-O0.smt2	unknown	175539	4294967295	33	0	unknown	Incomplete	14020	integer constant 4294967295 does not fit the bounded width 32; widen the bound	int-blast-ladder	incomplete	integer constant 4294967295 does not fit the bounded width 32; widen the bound	unsat	508	unsat	808
/nas3/data/axeyum/corpus/smtlib-2024/non-incremental/non-incremental/QF_NIA/20210219-Dartagnan/ReachSafety-Loops/ps2-ll_unwindbound50-O0.smt2	unknown	124392	2147483648	33	0	unknown	Incomplete	24727	no model within the bounded integer width 32; widen the bound	int-blast-ladder	incomplete	no model within the bounded integer width 32; widen the bound	unsat	307	unsat	107
/nas3/data/axeyum/corpus/smtlib-2024/non-incremental/non-incremental/QF_NIA/20220315-MathProblems/MS_06.smt2	sat	24043	2022	12	7	unknown	Timeout	24026	preprocessed dispatch timeout after reduced solve	int-blast-ladder	budget	integer bit-blast width ladder: wall-clock timeout reached	other	24029	timeout	27205
/nas3/data/axeyum/corpus/smtlib-2024/non-incremental/non-incremental/QF_NIA/20220315-MathProblems/STC_0078.smt2	sat	622	2022	12	7	unknown	Timeout	24025	preprocessed dispatch timeout after reduced solve	int-blast-ladder	budget	integer bit-blast width ladder: wall-clock timeout reached	other	24028	timeout	27548
/nas3/data/axeyum/corpus/smtlib-2024/non-incremental/non-incremental/QF_NIA/20220315-MathProblems/STC_0205.smt2	sat	623	2022	12	7	sat	-	11917		int-blast-ladder			other	24036	timeout	26364
/nas3/data/axeyum/corpus/smtlib-2024/non-incremental/non-incremental/QF_NIA/20220315-MathProblems/STC_0332.smt2	sat	623	2022	12	7	sat	-	4712		int-blast-ladder			other	24031	timeout	26378
/nas3/data/axeyum/corpus/smtlib-2024/non-incremental/non-incremental/QF_NIA/20220315-MathProblems/STC_0459.smt2	sat	623	2022	12	7	sat	-	4213		int-blast-ladder			other	24031	timeout	29079
/nas3/data/axeyum/corpus/smtlib-2024/non-incremental/non-incremental/QF_NIA/20220315-MathProblems/STC_0586.smt2	sat	623	2022	12	7	sat	-	4212		int-blast-ladder			other	24028	timeout	27261
/nas3/data/axeyum/corpus/smtlib-2024/non-incremental/non-incremental/QF_NIA/20220315-MathProblems/STC_0713.smt2	sat	623	2022	12	7	sat	-	4111		int-blast-ladder			other	24033	timeout	27244
/nas3/data/axeyum/corpus/smtlib-2024/non-incremental/non-incremental/QF_NIA/20220315-MathProblems/STC_0840.smt2	sat	623	2022	12	7	sat	-	7713		int-blast-ladder			other	24027	timeout	26670
/nas3/data/axeyum/corpus/smtlib-2024/non-incremental/non-incremental/QF_NIA/20220315-MathProblems/STC_0967.smt2	unsat	625	2022	12	7	unknown	Timeout	24028	preprocessed dispatch timeout after reduced solve	int-blast-ladder	budget	integer bit-blast width ladder: wall-clock timeout reached	other	24030	timeout	26386
/nas3/data/axeyum/corpus/smtlib-2024/non-incremental/non-incremental/QF_NIA/20230328-sqrtmodinv-hoenicke/sqrtStep6a.smt2	unsat	1184	855285730872204993313810429440	101	0	unknown	Incomplete	2409	integer constant 462408296549760 does not fit the bounded width 32; widen the bound	int-blast-ladder	incomplete	integer constant 462408296549760 does not fit the bounded width 32; widen the bound	unsat	108	timeout	27712
/nas3/data/axeyum/corpus/smtlib-2024/non-incremental/non-incremental/QF_NIA/AProVE/aproveSMT1294590808882795189.smt2	sat	654	2014	12	7	sat	-	108		nia-linearize			sat	108	sat	116
/nas3/data/axeyum/corpus/smtlib-2024/non-incremental/non-incremental/QF_NIA/AProVE/aproveSMT1669457300444119286.smt2	sat	5148	2014	12	7	sat	-	11120		int-blast-ladder			sat	208	sat	1708
/nas3/data/axeyum/corpus/smtlib-2024/non-incremental/non-incremental/QF_NIA/AProVE/aproveSMT2045146210738691450.smt2	sat	2036	2014	12	7	sat	-	409		nia-linearize			sat	109	sat	107
/nas3/data/axeyum/corpus/smtlib-2024/non-incremental/non-incremental/QF_NIA/AProVE/aproveSMT2449356678853584219.smt2	sat	116200	2014	12	7	sat	-	12923		int-blast-ladder			sat	2912	timeout	27201
/nas3/data/axeyum/corpus/smtlib-2024/non-incremental/non-incremental/QF_NIA/AProVE/aproveSMT2912633883485370336.smt2	sat	21362	2014	12	7	sat	-	8214		int-blast-ladder			sat	1512	timeout	27531
/nas3/data/axeyum/corpus/smtlib-2024/non-incremental/non-incremental/QF_NIA/AProVE/aproveSMT3326416242224032552.smt2	sat	893	2014	12	7	sat	-	108		nia-linearize			sat	109	sat	109
/nas3/data/axeyum/corpus/smtlib-2024/non-incremental/non-incremental/QF_NIA/AProVE/aproveSMT3734122552322670033.smt2	sat	4718	2014	12	7	sat	-	8515		int-blast-ladder			sat	208	sat	109
/nas3/data/axeyum/corpus/smtlib-2024/non-incremental/non-incremental/QF_NIA/AProVE/aproveSMT4225308127115953119.smt2	sat	5704	2014	12	7	sat	-	2711		nia-linearize			sat	108	sat	109
/nas3/data/axeyum/corpus/smtlib-2024/non-incremental/non-incremental/QF_NIA/AProVE/aproveSMT4687047739446499948.smt2	unsat	3263	2014	12	7	unknown	Incomplete	19229	bounded integer model overflowed at width 32 (assertion #620 is false over exact semantics); widen the bound	int-blast-ladder	incomplete	bounded integer model overflowed at width 32 (assertion #620 is false over exact semantics); widen the bound	unsat	211	unsat	209
/nas3/data/axeyum/corpus/smtlib-2024/non-incremental/non-incremental/QF_NIA/AProVE/aproveSMT5048239408100334127.smt2	unsat	5091	2014	12	7	unknown	Timeout	24230	preprocessed dispatch timeout after reduced solve	int-blast-ladder	budget	combined-theory timeout after scalar backend	unsat	309	unsat	3011
/nas3/data/axeyum/corpus/smtlib-2024/non-incremental/non-incremental/QF_NIA/AProVE/aproveSMT5574282980958522472.smt2	unsat	2200	2014	12	7	unsat	-	4212		nia-linearize			unsat	111	unsat	108
/nas3/data/axeyum/corpus/smtlib-2024/non-incremental/non-incremental/QF_NIA/AProVE/aproveSMT6025886977398171379.smt2	sat	1488	2014	12	7	sat	-	208		nia-linearize			sat	108	sat	108
/nas3/data/axeyum/corpus/smtlib-2024/non-incremental/non-incremental/QF_NIA/AProVE/aproveSMT6461796824751951221.smt2	unsat	12797	2014	12	7	unknown	Timeout	24142	preprocessed dispatch timeout after reduced solve	int-blast-ladder	budget	integer bit-blast width ladder: wall-clock timeout reached	unsat	909	unsat	21122
/nas3/data/axeyum/corpus/smtlib-2024/non-incremental/non-incremental/QF_NIA/AProVE/aproveSMT6902839063897808376.smt2	sat	14947	2014	12	7	sat	-	6821		int-blast-ladder			sat	2916	sat	710
/nas3/data/axeyum/corpus/smtlib-2024/non-incremental/non-incremental/QF_NIA/AProVE/aproveSMT7398754856107094872.smt2	sat	11473	2014	12	7	sat	-	5315		nia-linearize			sat	411	sat	3512
/nas3/data/axeyum/corpus/smtlib-2024/non-incremental/non-incremental/QF_NIA/AProVE/aproveSMT7795667227375240089.smt2	unsat	2416	2014	12	7	unknown	Incomplete	15623	bounded integer model overflowed at width 32 (assertion #323 is false over exact semantics); widen the bound	int-blast-ladder	incomplete	bounded integer model overflowed at width 32 (assertion #323 is false over exact semantics); widen the bound	unsat	208	unsat	209
/nas3/data/axeyum/corpus/smtlib-2024/non-incremental/non-incremental/QF_NIA/AProVE/aproveSMT8300370999791707493.smt2	sat	22332	2014	12	7	sat	-	18128		int-blast-ladder	budget	integer bit-blast width ladder: wall-clock timeout reached	sat	909	sat	6715
/nas3/data/axeyum/corpus/smtlib-2024/non-incremental/non-incremental/QF_NIA/AProVE/aproveSMT8801446599485295192.smt2	sat	32351	2014	12	7	sat	-	2912		int-blast-ladder			sat	409	sat	210
/nas3/data/axeyum/corpus/smtlib-2024/non-incremental/non-incremental/QF_NIA/AProVE/aproveSMT994105904163423260.smt2	sat	13997	2014	12	7	sat	-	7719		int-blast-ladder			sat	908	sat	2812
/nas3/data/axeyum/corpus/smtlib-2024/non-incremental/non-incremental/QF_NIA/UltimateLassoRanker/LarrazOliverasRodriguez-CarbonellRubio-2013FMCAD-Fig1-alloca_unknown-termination.c.i_Iteration6_Lasso+nonterminationTemplate.smt2	unsat	3965887	10000	15	4	unknown	Timeout	24228	preprocessed dispatch timeout after reduced solve	int-blast-ladder	budget	integer bit-blast width ladder: wall-clock timeout reached	unsat	709	unsat	309
/nas3/data/axeyum/corpus/smtlib-2024/non-incremental/non-incremental/QF_NIA/calypto/problem-002617.cvc.1.smt2	sat	2521	524288	21	2	sat	-	4310		int-blast-ladder			sat	107	sat	109
/nas3/data/axeyum/corpus/smtlib-2024/non-incremental/non-incremental/QF_NIA/leipzig/term-MRIndM.smt2	sat	3121	47	7	12	sat	-	8116		int-blast-ladder			sat	108	sat	209
/nas3/data/axeyum/corpus/smtlib-2024/non-incremental/non-incremental/QF_NIA/mcm/106.smt2	unknown	158920	2048	13	6	killed	ExternalKill	32141					other	24034	timeout	26278
