file	verdict	wall_ms	euf_online_outcome	euf_online_ms	decided_by	bound_by	atoms_line
/nas3/data/axeyum/corpus/smtlib-2024/non-incremental/non-incremental/QF_UF/20170829-Rodin/smt1300175744189082250.smt2	unsat	107	not-reached		qf-bv		
/nas3/data/axeyum/corpus/smtlib-2024/non-incremental/non-incremental/QF_UF/2018-Goel-hwbench/QF_UF_at.4.prop1_ab_cti_max.smt2	sat	608	decided	17	euf-online		euf-online-atoms policy=sliced entered=1 abstracted_queries=0 abstracted_atoms=0 refused=0
/nas3/data/axeyum/corpus/smtlib-2024/non-incremental/non-incremental/QF_UF/2018-Goel-hwbench/QF_UF_brp2.6.prop2_ab_cti_max.smt2	sat	407	decided	3	euf-online		euf-online-atoms policy=sliced entered=1 abstracted_queries=0 abstracted_atoms=0 refused=0
/nas3/data/axeyum/corpus/smtlib-2024/non-incremental/non-incremental/QF_UF/2018-Goel-hwbench/QF_UF_brp.3.prop1_ab_reg_max.smt2	unsat	107	decided	0	euf-online		euf-online-atoms policy=sliced entered=1 abstracted_queries=0 abstracted_atoms=0 refused=0
/nas3/data/axeyum/corpus/smtlib-2024/non-incremental/non-incremental/QF_UF/2018-Goel-hwbench/QF_UF_cambridge.7.prop2_ab_fp_max.smt2	sat	3009	decided	1805	euf-online		euf-online-atoms policy=sliced entered=1 abstracted_queries=0 abstracted_atoms=0 refused=0
/nas3/data/axeyum/corpus/smtlib-2024/non-incremental/non-incremental/QF_UF/2018-Goel-hwbench/QF_UF_dyn_partition_ab_reg_max.smt2	sat	107	decided	0	euf-online		euf-online-atoms policy=sliced entered=1 abstracted_queries=0 abstracted_atoms=0 refused=0
/nas3/data/axeyum/corpus/smtlib-2024/non-incremental/non-incremental/QF_UF/2018-Goel-hwbench/QF_UF_extinction.3.prop1_ab_reg_max.smt2	sat	108	decided	0	euf-online		euf-online-atoms policy=sliced entered=1 abstracted_queries=0 abstracted_atoms=0 refused=0
/nas3/data/axeyum/corpus/smtlib-2024/non-incremental/non-incremental/QF_UF/2018-Goel-hwbench/QF_UF_fischer.5.prop1_ab_cti_max.smt2	sat	407	decided	4	euf-online		euf-online-atoms policy=sliced entered=1 abstracted_queries=0 abstracted_atoms=0 refused=0
/nas3/data/axeyum/corpus/smtlib-2024/non-incremental/non-incremental/QF_UF/2018-Goel-hwbench/QF_UF_hanoi.3.prop1_ab_br_max.smt2	sat	6412	declined	1133	ufbv-declared-sort-lazy		euf-online-atoms policy=sliced entered=1 abstracted_queries=0 abstracted_atoms=0 refused=0
/nas3/data/axeyum/corpus/smtlib-2024/non-incremental/non-incremental/QF_UF/2018-Goel-hwbench/QF_UF_h_Arbiter_ab_reg_max.smt2	unsat	106	declined	1	ufbv-declared-sort-lazy		euf-online-atoms policy=sliced entered=1 abstracted_queries=0 abstracted_atoms=0 refused=0
/nas3/data/axeyum/corpus/smtlib-2024/non-incremental/non-incremental/QF_UF/2018-Goel-hwbench/QF_UF_Heap_ab_cti_max.smt2	sat	307	declined	17	ufbv-declared-sort-lazy		euf-online-atoms policy=sliced entered=1 abstracted_queries=0 abstracted_atoms=0 refused=0
/nas3/data/axeyum/corpus/smtlib-2024/non-incremental/non-incremental/QF_UF/2018-Goel-hwbench/QF_UF_lamport.5.prop1_ab_reg_max.smt2	sat	108	decided	0	euf-online		euf-online-atoms policy=sliced entered=1 abstracted_queries=0 abstracted_atoms=0 refused=0
/nas3/data/axeyum/corpus/smtlib-2024/non-incremental/non-incremental/QF_UF/2018-Goel-hwbench/QF_UF_leader_election.5.prop1_ab_cti_max.smt2	sat	1009	decided	308	euf-online		euf-online-atoms policy=sliced entered=1 abstracted_queries=0 abstracted_atoms=0 refused=0
/nas3/data/axeyum/corpus/smtlib-2024/non-incremental/non-incremental/QF_UF/2018-Goel-hwbench/QF_UF_loyd.3.prop1_ab_br_max.smt2	unsat	608	decided	29	euf-online		euf-online-atoms policy=sliced entered=1 abstracted_queries=0 abstracted_atoms=0 refused=0
/nas3/data/axeyum/corpus/smtlib-2024/non-incremental/non-incremental/QF_UF/2018-Goel-hwbench/QF_UF_needham.1.prop4_ab_cti_max.smt2	sat	609	decided	5	euf-online		euf-online-atoms policy=sliced entered=1 abstracted_queries=0 abstracted_atoms=0 refused=0
/nas3/data/axeyum/corpus/smtlib-2024/non-incremental/non-incremental/QF_UF/2018-Goel-hwbench/QF_UF_peg_solitaire.4.prop1_ab_reg_max.smt2	sat	408	decided	7	euf-online		euf-online-atoms policy=sliced entered=1 abstracted_queries=0 abstracted_atoms=0 refused=0
/nas3/data/axeyum/corpus/smtlib-2024/non-incremental/non-incremental/QF_UF/2018-Goel-hwbench/QF_UF_pgm_protocol.3.prop5_ab_cti_max.smt2	sat	1009	decided	138	euf-online		euf-online-atoms policy=sliced entered=1 abstracted_queries=0 abstracted_atoms=0 refused=0
/nas3/data/axeyum/corpus/smtlib-2024/non-incremental/non-incremental/QF_UF/2018-Goel-hwbench/QF_UF_pgm_protocol.8.prop5_ab_reg_max.smt2	sat	109	decided	0	euf-online		euf-online-atoms policy=sliced entered=1 abstracted_queries=0 abstracted_atoms=0 refused=0
/nas3/data/axeyum/corpus/smtlib-2024/non-incremental/non-incremental/QF_UF/2018-Goel-hwbench/QF_UF_reader_writer.1.prop1_ab_cti_max.smt2	sat	610	decided	4	euf-online		euf-online-atoms policy=sliced entered=1 abstracted_queries=0 abstracted_atoms=0 refused=0
/nas3/data/axeyum/corpus/smtlib-2024/non-incremental/non-incremental/QF_UF/2018-Goel-hwbench/QF_UF_rushhour.3.prop1_ab_cti_max.smt2	unsolved	24225	declined	22948			euf-online-atoms policy=sliced entered=1 abstracted_queries=0 abstracted_atoms=0 refused=0
/nas3/data/axeyum/corpus/smtlib-2024/non-incremental/non-incremental/QF_UF/2018-Goel-hwbench/QF_UF_sw_sym_ex_v_ab_reg_max.smt2	unsat	109	decided	0	euf-online		euf-online-atoms policy=sliced entered=1 abstracted_queries=0 abstracted_atoms=0 refused=0
/nas3/data/axeyum/corpus/smtlib-2024/non-incremental/non-incremental/QF_UF/2018-Goel-hwbench/QF_UF_telephony.4.prop1_ab_reg_max.smt2	unsat	709	decided	10	euf-online		euf-online-atoms policy=sliced entered=1 abstracted_queries=0 abstracted_atoms=0 refused=0
/nas3/data/axeyum/corpus/smtlib-2024/non-incremental/non-incremental/QF_UF/20190906-CLEARSY/0001/00435.smt2	unsat	108	decided	3	euf-online		euf-online-atoms policy=sliced entered=1 abstracted_queries=0 abstracted_atoms=0 refused=0
/nas3/data/axeyum/corpus/smtlib-2024/non-incremental/non-incremental/QF_UF/20190906-CLEARSY/0023/00913.smt2	unsat	108	decided	0	euf-online		euf-online-atoms policy=sliced entered=1 abstracted_queries=0 abstracted_atoms=0 refused=0
/nas3/data/axeyum/corpus/smtlib-2024/non-incremental/non-incremental/QF_UF/NEQ/NEQ033_size6.smt2	unsolved	24624	declined	23838			euf-online-atoms policy=sliced entered=1 abstracted_queries=0 abstracted_atoms=0 refused=0
/nas3/data/axeyum/corpus/smtlib-2024/non-incremental/non-incremental/QF_UF/PEQ/PEQ013_size5.smt2	unsat	11415	decided	11338	euf-online		euf-online-atoms policy=sliced entered=1 abstracted_queries=0 abstracted_atoms=0 refused=0
/nas3/data/axeyum/corpus/smtlib-2024/non-incremental/non-incremental/QF_UF/QG-classification/loops6/dead_dnd015.smt2	unsat	2609	decided	2489	euf-online		euf-online-atoms policy=sliced entered=1 abstracted_queries=0 abstracted_atoms=0 refused=0
/nas3/data/axeyum/corpus/smtlib-2024/non-incremental/non-incremental/QF_UF/QG-classification/loops6/gensys_brn034.smt2	sat	309	decided	170	euf-online		euf-online-atoms policy=sliced entered=1 abstracted_queries=0 abstracted_atoms=0 refused=0
/nas3/data/axeyum/corpus/smtlib-2024/non-incremental/non-incremental/QF_UF/QG-classification/loops6/gensys_brn071.smt2	sat	109	decided	54	euf-online		euf-online-atoms policy=sliced entered=1 abstracted_queries=0 abstracted_atoms=0 refused=0
/nas3/data/axeyum/corpus/smtlib-2024/non-incremental/non-incremental/QF_UF/QG-classification/loops6/gensys_icl002.smt2	unsat	108	decided	52	euf-online		euf-online-atoms policy=sliced entered=1 abstracted_queries=0 abstracted_atoms=0 refused=0
/nas3/data/axeyum/corpus/smtlib-2024/non-incremental/non-incremental/QF_UF/QG-classification/loops6/gensys_icl039.smt2	unsat	208	decided	111	euf-online		euf-online-atoms policy=sliced entered=1 abstracted_queries=0 abstracted_atoms=0 refused=0
/nas3/data/axeyum/corpus/smtlib-2024/non-incremental/non-incremental/QF_UF/QG-classification/loops6/gensys_icl076.smt2	unsat	309	decided	172	euf-online		euf-online-atoms policy=sliced entered=1 abstracted_queries=0 abstracted_atoms=0 refused=0
/nas3/data/axeyum/corpus/smtlib-2024/non-incremental/non-incremental/QF_UF/QG-classification/loops6/iso_brn004.smt2	sat	109	decided	38	euf-online		euf-online-atoms policy=sliced entered=1 abstracted_queries=0 abstracted_atoms=0 refused=0
/nas3/data/axeyum/corpus/smtlib-2024/non-incremental/non-incremental/QF_UF/QG-classification/loops6/iso_brn041.smt2	sat	108	decided	41	euf-online		euf-online-atoms policy=sliced entered=1 abstracted_queries=0 abstracted_atoms=0 refused=0
/nas3/data/axeyum/corpus/smtlib-2024/non-incremental/non-incremental/QF_UF/QG-classification/loops6/iso_brn078.smt2	unsat	408	decided	272	euf-online		euf-online-atoms policy=sliced entered=1 abstracted_queries=0 abstracted_atoms=0 refused=0
/nas3/data/axeyum/corpus/smtlib-2024/non-incremental/non-incremental/QF_UF/QG-classification/loops6/iso_icl009.smt2	unsat	209	decided	127	euf-online		euf-online-atoms policy=sliced entered=1 abstracted_queries=0 abstracted_atoms=0 refused=0
/nas3/data/axeyum/corpus/smtlib-2024/non-incremental/non-incremental/QF_UF/QG-classification/loops6/iso_icl046.smt2	unsat	309	decided	207	euf-online		euf-online-atoms policy=sliced entered=1 abstracted_queries=0 abstracted_atoms=0 refused=0
/nas3/data/axeyum/corpus/smtlib-2024/non-incremental/non-incremental/QF_UF/QG-classification/loops6/iso_icl083.smt2	unsat	309	decided	222	euf-online		euf-online-atoms policy=sliced entered=1 abstracted_queries=0 abstracted_atoms=0 refused=0
/nas3/data/axeyum/corpus/smtlib-2024/non-incremental/non-incremental/QF_UF/QG-classification/qg5/dead_dnd011.smt2	unsat	4011	decided	3942	euf-online		euf-online-atoms policy=sliced entered=1 abstracted_queries=0 abstracted_atoms=0 refused=0
/nas3/data/axeyum/corpus/smtlib-2024/non-incremental/non-incremental/QF_UF/QG-classification/qg5/dead_dnd048.smt2	unsat	4111	decided	3999	euf-online		euf-online-atoms policy=sliced entered=1 abstracted_queries=0 abstracted_atoms=0 refused=0
/nas3/data/axeyum/corpus/smtlib-2024/non-incremental/non-incremental/QF_UF/QG-classification/qg5/gensys_brn019.smt2	sat	109	decided	62	euf-online		euf-online-atoms policy=sliced entered=1 abstracted_queries=0 abstracted_atoms=0 refused=0
/nas3/data/axeyum/corpus/smtlib-2024/non-incremental/non-incremental/QF_UF/QG-classification/qg5/gensys_brn056.smt2	sat	109	decided	7	euf-online		euf-online-atoms policy=sliced entered=1 abstracted_queries=0 abstracted_atoms=0 refused=0
/nas3/data/axeyum/corpus/smtlib-2024/non-incremental/non-incremental/QF_UF/QG-classification/qg5/gensys_brn093.smt2	unsat	6912	decided	6842	euf-online		euf-online-atoms policy=sliced entered=1 abstracted_queries=0 abstracted_atoms=0 refused=0
/nas3/data/axeyum/corpus/smtlib-2024/non-incremental/non-incremental/QF_UF/QG-classification/qg5/gensys_brn1027.smt2	sat	109	decided	66	euf-online		euf-online-atoms policy=sliced entered=1 abstracted_queries=0 abstracted_atoms=0 refused=0
/nas3/data/axeyum/corpus/smtlib-2024/non-incremental/non-incremental/QF_UF/QG-classification/qg5/gensys_brn1060.smt2	sat	109	decided	12	euf-online		euf-online-atoms policy=sliced entered=1 abstracted_queries=0 abstracted_atoms=0 refused=0
/nas3/data/axeyum/corpus/smtlib-2024/non-incremental/non-incremental/QF_UF/QG-classification/qg5/gensys_brn1094.smt2	sat	307	decided	207	euf-online		euf-online-atoms policy=sliced entered=1 abstracted_queries=0 abstracted_atoms=0 refused=0
/nas3/data/axeyum/corpus/smtlib-2024/non-incremental/non-incremental/QF_UF/QG-classification/qg5/gensys_brn1128.smt2	sat	108	decided	35	euf-online		euf-online-atoms policy=sliced entered=1 abstracted_queries=0 abstracted_atoms=0 refused=0
/nas3/data/axeyum/corpus/smtlib-2024/non-incremental/non-incremental/QF_UF/QG-classification/qg5/gensys_brn1161.smt2	sat	108	decided	30	euf-online		euf-online-atoms policy=sliced entered=1 abstracted_queries=0 abstracted_atoms=0 refused=0
/nas3/data/axeyum/corpus/smtlib-2024/non-incremental/non-incremental/QF_UF/QG-classification/qg5/gensys_brn1195.smt2	unsat	2710	decided	2601	euf-online		euf-online-atoms policy=sliced entered=1 abstracted_queries=0 abstracted_atoms=0 refused=0
/nas3/data/axeyum/corpus/smtlib-2024/non-incremental/non-incremental/QF_UF/QG-classification/qg5/gensys_brn1229.smt2	sat	109	decided	27	euf-online		euf-online-atoms policy=sliced entered=1 abstracted_queries=0 abstracted_atoms=0 refused=0
/nas3/data/axeyum/corpus/smtlib-2024/non-incremental/non-incremental/QF_UF/QG-classification/qg5/gensys_brn1262.smt2	unsat	2710	decided	2664	euf-online		euf-online-atoms policy=sliced entered=1 abstracted_queries=0 abstracted_atoms=0 refused=0
/nas3/data/axeyum/corpus/smtlib-2024/non-incremental/non-incremental/QF_UF/QG-classification/qg5/gensys_brn1296.smt2	sat	108	decided	36	euf-online		euf-online-atoms policy=sliced entered=1 abstracted_queries=0 abstracted_atoms=0 refused=0
/nas3/data/axeyum/corpus/smtlib-2024/non-incremental/non-incremental/QF_UF/QG-classification/qg5/gensys_brn135.smt2	sat	207	decided	148	euf-online		euf-online-atoms policy=sliced entered=1 abstracted_queries=0 abstracted_atoms=0 refused=0
/nas3/data/axeyum/corpus/smtlib-2024/non-incremental/non-incremental/QF_UF/QG-classification/qg5/gensys_brn172.smt2	sat	408	decided	310	euf-online		euf-online-atoms policy=sliced entered=1 abstracted_queries=0 abstracted_atoms=0 refused=0
/nas3/data/axeyum/corpus/smtlib-2024/non-incremental/non-incremental/QF_UF/QG-classification/qg5/gensys_brn209.smt2	unsat	509	decided	456	euf-online		euf-online-atoms policy=sliced entered=1 abstracted_queries=0 abstracted_atoms=0 refused=0
/nas3/data/axeyum/corpus/smtlib-2024/non-incremental/non-incremental/QF_UF/QG-classification/qg5/gensys_brn246.smt2	sat	109	decided	39	euf-online		euf-online-atoms policy=sliced entered=1 abstracted_queries=0 abstracted_atoms=0 refused=0
/nas3/data/axeyum/corpus/smtlib-2024/non-incremental/non-incremental/QF_UF/QG-classification/qg5/gensys_brn283.smt2	unsat	309	decided	242	euf-online		euf-online-atoms policy=sliced entered=1 abstracted_queries=0 abstracted_atoms=0 refused=0
/nas3/data/axeyum/corpus/smtlib-2024/non-incremental/non-incremental/QF_UF/QG-classification/qg5/gensys_brn320.smt2	sat	209	decided	110	euf-online		euf-online-atoms policy=sliced entered=1 abstracted_queries=0 abstracted_atoms=0 refused=0
/nas3/data/axeyum/corpus/smtlib-2024/non-incremental/non-incremental/QF_UF/QG-classification/qg5/gensys_brn357.smt2	sat	107	decided	51	euf-online		euf-online-atoms policy=sliced entered=1 abstracted_queries=0 abstracted_atoms=0 refused=0
/nas3/data/axeyum/corpus/smtlib-2024/non-incremental/non-incremental/QF_UF/QG-classification/qg5/gensys_brn394.smt2	sat	107	decided	44	euf-online		euf-online-atoms policy=sliced entered=1 abstracted_queries=0 abstracted_atoms=0 refused=0
/nas3/data/axeyum/corpus/smtlib-2024/non-incremental/non-incremental/QF_UF/QG-classification/qg5/gensys_brn431.smt2	sat	109	decided	55	euf-online		euf-online-atoms policy=sliced entered=1 abstracted_queries=0 abstracted_atoms=0 refused=0
/nas3/data/axeyum/corpus/smtlib-2024/non-incremental/non-incremental/QF_UF/QG-classification/qg5/gensys_brn468.smt2	sat	108	decided	36	euf-online		euf-online-atoms policy=sliced entered=1 abstracted_queries=0 abstracted_atoms=0 refused=0
/nas3/data/axeyum/corpus/smtlib-2024/non-incremental/non-incremental/QF_UF/QG-classification/qg5/gensys_brn505.smt2	sat	107	decided	37	euf-online		euf-online-atoms policy=sliced entered=1 abstracted_queries=0 abstracted_atoms=0 refused=0
/nas3/data/axeyum/corpus/smtlib-2024/non-incremental/non-incremental/QF_UF/QG-classification/qg5/gensys_brn542.smt2	sat	107	decided	53	euf-online		euf-online-atoms policy=sliced entered=1 abstracted_queries=0 abstracted_atoms=0 refused=0
/nas3/data/axeyum/corpus/smtlib-2024/non-incremental/non-incremental/QF_UF/QG-classification/qg5/gensys_brn579.smt2	sat	207	decided	87	euf-online		euf-online-atoms policy=sliced entered=1 abstracted_queries=0 abstracted_atoms=0 refused=0
/nas3/data/axeyum/corpus/smtlib-2024/non-incremental/non-incremental/QF_UF/QG-classification/qg5/gensys_brn616.smt2	sat	107	decided	72	euf-online		euf-online-atoms policy=sliced entered=1 abstracted_queries=0 abstracted_atoms=0 refused=0
/nas3/data/axeyum/corpus/smtlib-2024/non-incremental/non-incremental/QF_UF/QG-classification/qg5/gensys_brn653.smt2	sat	107	decided	20	euf-online		euf-online-atoms policy=sliced entered=1 abstracted_queries=0 abstracted_atoms=0 refused=0
/nas3/data/axeyum/corpus/smtlib-2024/non-incremental/non-incremental/QF_UF/QG-classification/qg5/gensys_brn690.smt2	sat	107	decided	68	euf-online		euf-online-atoms policy=sliced entered=1 abstracted_queries=0 abstracted_atoms=0 refused=0
/nas3/data/axeyum/corpus/smtlib-2024/non-incremental/non-incremental/QF_UF/QG-classification/qg5/gensys_brn727.smt2	unsat	909	decided	823	euf-online		euf-online-atoms policy=sliced entered=1 abstracted_queries=0 abstracted_atoms=0 refused=0
/nas3/data/axeyum/corpus/smtlib-2024/non-incremental/non-incremental/QF_UF/QG-classification/qg5/gensys_brn764.smt2	sat	307	decided	195	euf-online		euf-online-atoms policy=sliced entered=1 abstracted_queries=0 abstracted_atoms=0 refused=0
/nas3/data/axeyum/corpus/smtlib-2024/non-incremental/non-incremental/QF_UF/QG-classification/qg5/gensys_brn801.smt2	sat	308	decided	254	euf-online		euf-online-atoms policy=sliced entered=1 abstracted_queries=0 abstracted_atoms=0 refused=0
/nas3/data/axeyum/corpus/smtlib-2024/non-incremental/non-incremental/QF_UF/QG-classification/qg5/gensys_brn838.smt2	unsat	21824	decided	21754	euf-online		euf-online-atoms policy=sliced entered=1 abstracted_queries=0 abstracted_atoms=0 refused=0
/nas3/data/axeyum/corpus/smtlib-2024/non-incremental/non-incremental/QF_UF/QG-classification/qg5/gensys_brn875.smt2	unsat	15818	decided	15747	euf-online		euf-online-atoms policy=sliced entered=1 abstracted_queries=0 abstracted_atoms=0 refused=0
/nas3/data/axeyum/corpus/smtlib-2024/non-incremental/non-incremental/QF_UF/QG-classification/qg5/gensys_brn912.smt2	sat	108	decided	59	euf-online		euf-online-atoms policy=sliced entered=1 abstracted_queries=0 abstracted_atoms=0 refused=0
/nas3/data/axeyum/corpus/smtlib-2024/non-incremental/non-incremental/QF_UF/QG-classification/qg5/gensys_brn949.smt2	unsat	1309	decided	1213	euf-online		euf-online-atoms policy=sliced entered=1 abstracted_queries=0 abstracted_atoms=0 refused=0
/nas3/data/axeyum/corpus/smtlib-2024/non-incremental/non-incremental/QF_UF/QG-classification/qg5/gensys_brn986.smt2	sat	108	decided	45	euf-online		euf-online-atoms policy=sliced entered=1 abstracted_queries=0 abstracted_atoms=0 refused=0
/nas3/data/axeyum/corpus/smtlib-2024/non-incremental/non-incremental/QF_UF/QG-classification/qg5/gensys_icl024.smt2	unsat	308	decided	269	euf-online		euf-online-atoms policy=sliced entered=1 abstracted_queries=0 abstracted_atoms=0 refused=0
/nas3/data/axeyum/corpus/smtlib-2024/non-incremental/non-incremental/QF_UF/QG-classification/qg5/gensys_icl061.smt2	unsat	108	decided	64	euf-online		euf-online-atoms policy=sliced entered=1 abstracted_queries=0 abstracted_atoms=0 refused=0
/nas3/data/axeyum/corpus/smtlib-2024/non-incremental/non-incremental/QF_UF/QG-classification/qg5/gensys_icl098.smt2	unsat	308	decided	242	euf-online		euf-online-atoms policy=sliced entered=1 abstracted_queries=0 abstracted_atoms=0 refused=0
/nas3/data/axeyum/corpus/smtlib-2024/non-incremental/non-incremental/QF_UF/QG-classification/qg5/gensys_icl1031.smt2	unsat	11616	decided	11540	euf-online		euf-online-atoms policy=sliced entered=1 abstracted_queries=0 abstracted_atoms=0 refused=0
/nas3/data/axeyum/corpus/smtlib-2024/non-incremental/non-incremental/QF_UF/QG-classification/qg5/gensys_icl1065.smt2	unsat	1209	decided	1173	euf-online		euf-online-atoms policy=sliced entered=1 abstracted_queries=0 abstracted_atoms=0 refused=0
/nas3/data/axeyum/corpus/smtlib-2024/non-incremental/non-incremental/QF_UF/QG-classification/qg5/gensys_icl1099.smt2	unsat	1709	decided	1680	euf-online		euf-online-atoms policy=sliced entered=1 abstracted_queries=0 abstracted_atoms=0 refused=0
/nas3/data/axeyum/corpus/smtlib-2024/non-incremental/non-incremental/QF_UF/QG-classification/qg5/gensys_icl1132.smt2	unsat	209	decided	177	euf-online		euf-online-atoms policy=sliced entered=1 abstracted_queries=0 abstracted_atoms=0 refused=0
/nas3/data/axeyum/corpus/smtlib-2024/non-incremental/non-incremental/QF_UF/QG-classification/qg5/gensys_icl1166.smt2	unsat	3611	decided	3546	euf-online		euf-online-atoms policy=sliced entered=1 abstracted_queries=0 abstracted_atoms=0 refused=0
/nas3/data/axeyum/corpus/smtlib-2024/non-incremental/non-incremental/QF_UF/QG-classification/qg5/gensys_icl120.smt2	unsat	910	decided	807	euf-online		euf-online-atoms policy=sliced entered=1 abstracted_queries=0 abstracted_atoms=0 refused=0
/nas3/data/axeyum/corpus/smtlib-2024/non-incremental/non-incremental/QF_UF/QG-classification/qg5/gensys_icl1233.smt2	unsat	309	decided	207	euf-online		euf-online-atoms policy=sliced entered=1 abstracted_queries=0 abstracted_atoms=0 refused=0
/nas3/data/axeyum/corpus/smtlib-2024/non-incremental/non-incremental/QF_UF/QG-classification/qg5/gensys_icl1267.smt2	unsat	408	decided	321	euf-online		euf-online-atoms policy=sliced entered=1 abstracted_queries=0 abstracted_atoms=0 refused=0
/nas3/data/axeyum/corpus/smtlib-2024/non-incremental/non-incremental/QF_UF/QG-classification/qg5/gensys_icl147.smt2	unsat	8214	decided	8137	euf-online		euf-online-atoms policy=sliced entered=1 abstracted_queries=0 abstracted_atoms=0 refused=0
/nas3/data/axeyum/corpus/smtlib-2024/non-incremental/non-incremental/QF_UF/QG-classification/qg5/gensys_icl184.smt2	unsat	910	decided	791	euf-online		euf-online-atoms policy=sliced entered=1 abstracted_queries=0 abstracted_atoms=0 refused=0
/nas3/data/axeyum/corpus/smtlib-2024/non-incremental/non-incremental/QF_UF/QG-classification/qg5/gensys_icl221.smt2	unsat	410	decided	343	euf-online		euf-online-atoms policy=sliced entered=1 abstracted_queries=0 abstracted_atoms=0 refused=0
/nas3/data/axeyum/corpus/smtlib-2024/non-incremental/non-incremental/QF_UF/QG-classification/qg5/gensys_icl258.smt2	unsat	510	decided	375	euf-online		euf-online-atoms policy=sliced entered=1 abstracted_queries=0 abstracted_atoms=0 refused=0
/nas3/data/axeyum/corpus/smtlib-2024/non-incremental/non-incremental/QF_UF/QG-classification/qg5/gensys_icl295.smt2	unsat	3211	decided	3172	euf-online		euf-online-atoms policy=sliced entered=1 abstracted_queries=0 abstracted_atoms=0 refused=0
/nas3/data/axeyum/corpus/smtlib-2024/non-incremental/non-incremental/QF_UF/QG-classification/qg5/gensys_icl332.smt2	unsat	7214	decided	7113	euf-online		euf-online-atoms policy=sliced entered=1 abstracted_queries=0 abstracted_atoms=0 refused=0
/nas3/data/axeyum/corpus/smtlib-2024/non-incremental/non-incremental/QF_UF/QG-classification/qg5/gensys_icl369.smt2	unsat	509	decided	474	euf-online		euf-online-atoms policy=sliced entered=1 abstracted_queries=0 abstracted_atoms=0 refused=0
/nas3/data/axeyum/corpus/smtlib-2024/non-incremental/non-incremental/QF_UF/QG-classification/qg5/gensys_icl406.smt2	unsat	209	decided	159	euf-online		euf-online-atoms policy=sliced entered=1 abstracted_queries=0 abstracted_atoms=0 refused=0
/nas3/data/axeyum/corpus/smtlib-2024/non-incremental/non-incremental/QF_UF/QG-classification/qg5/gensys_icl443.smt2	unsat	3011	decided	2905	euf-online		euf-online-atoms policy=sliced entered=1 abstracted_queries=0 abstracted_atoms=0 refused=0
/nas3/data/axeyum/corpus/smtlib-2024/non-incremental/non-incremental/QF_UF/QG-classification/qg5/gensys_icl480.smt2	unsat	509	decided	449	euf-online		euf-online-atoms policy=sliced entered=1 abstracted_queries=0 abstracted_atoms=0 refused=0
/nas3/data/axeyum/corpus/smtlib-2024/non-incremental/non-incremental/QF_UF/QG-classification/qg5/gensys_icl517.smt2	unsat	3411	decided	3331	euf-online		euf-online-atoms policy=sliced entered=1 abstracted_queries=0 abstracted_atoms=0 refused=0
/nas3/data/axeyum/corpus/smtlib-2024/non-incremental/non-incremental/QF_UF/QG-classification/qg5/gensys_icl554.smt2	unsat	7413	decided	7335	euf-online		euf-online-atoms policy=sliced entered=1 abstracted_queries=0 abstracted_atoms=0 refused=0
/nas3/data/axeyum/corpus/smtlib-2024/non-incremental/non-incremental/QF_UF/QG-classification/qg5/gensys_icl591.smt2	unsat	19423	decided	19300	euf-online		euf-online-atoms policy=sliced entered=1 abstracted_queries=0 abstracted_atoms=0 refused=0
/nas3/data/axeyum/corpus/smtlib-2024/non-incremental/non-incremental/QF_UF/QG-classification/qg5/gensys_icl628.smt2	unsat	1509	decided	1413	euf-online		euf-online-atoms policy=sliced entered=1 abstracted_queries=0 abstracted_atoms=0 refused=0
/nas3/data/axeyum/corpus/smtlib-2024/non-incremental/non-incremental/QF_UF/QG-classification/qg5/gensys_icl665.smt2	unsat	209	decided	173	euf-online		euf-online-atoms policy=sliced entered=1 abstracted_queries=0 abstracted_atoms=0 refused=0
/nas3/data/axeyum/corpus/smtlib-2024/non-incremental/non-incremental/QF_UF/QG-classification/qg5/gensys_icl702.smt2	unsat	2209	decided	2121	euf-online		euf-online-atoms policy=sliced entered=1 abstracted_queries=0 abstracted_atoms=0 refused=0
/nas3/data/axeyum/corpus/smtlib-2024/non-incremental/non-incremental/QF_UF/QG-classification/qg5/gensys_icl739.smt2	unsat	409	decided	365	euf-online		euf-online-atoms policy=sliced entered=1 abstracted_queries=0 abstracted_atoms=0 refused=0
/nas3/data/axeyum/corpus/smtlib-2024/non-incremental/non-incremental/QF_UF/QG-classification/qg5/gensys_icl776.smt2	unsolved	24127	declined	24004			euf-online-atoms policy=sliced entered=1 abstracted_queries=0 abstracted_atoms=0 refused=0
/nas3/data/axeyum/corpus/smtlib-2024/non-incremental/non-incremental/QF_UF/QG-classification/qg5/gensys_icl813.smt2	unsat	6713	decided	6599	euf-online		euf-online-atoms policy=sliced entered=1 abstracted_queries=0 abstracted_atoms=0 refused=0
/nas3/data/axeyum/corpus/smtlib-2024/non-incremental/non-incremental/QF_UF/QG-classification/qg5/gensys_icl850.smt2	unsat	8414	decided	8340	euf-online		euf-online-atoms policy=sliced entered=1 abstracted_queries=0 abstracted_atoms=0 refused=0
/nas3/data/axeyum/corpus/smtlib-2024/non-incremental/non-incremental/QF_UF/QG-classification/qg5/gensys_icl887.smt2	unsat	1310	decided	1190	euf-online		euf-online-atoms policy=sliced entered=1 abstracted_queries=0 abstracted_atoms=0 refused=0
/nas3/data/axeyum/corpus/smtlib-2024/non-incremental/non-incremental/QF_UF/QG-classification/qg5/gensys_icl924.smt2	unsat	2111	decided	2058	euf-online		euf-online-atoms policy=sliced entered=1 abstracted_queries=0 abstracted_atoms=0 refused=0
/nas3/data/axeyum/corpus/smtlib-2024/non-incremental/non-incremental/QF_UF/QG-classification/qg5/gensys_icl961.smt2	unsat	2910	decided	2824	euf-online		euf-online-atoms policy=sliced entered=1 abstracted_queries=0 abstracted_atoms=0 refused=0
/nas3/data/axeyum/corpus/smtlib-2024/non-incremental/non-incremental/QF_UF/QG-classification/qg5/gensys_icl998.smt2	unsat	2210	decided	2106	euf-online		euf-online-atoms policy=sliced entered=1 abstracted_queries=0 abstracted_atoms=0 refused=0
/nas3/data/axeyum/corpus/smtlib-2024/non-incremental/non-incremental/QF_UF/QG-classification/qg5/iso_brn036.smt2	unsat	109	decided	10	euf-online		euf-online-atoms policy=sliced entered=1 abstracted_queries=0 abstracted_atoms=0 refused=0
/nas3/data/axeyum/corpus/smtlib-2024/non-incremental/non-incremental/QF_UF/QG-classification/qg5/iso_brn073.smt2	sat	109	decided	12	euf-online		euf-online-atoms policy=sliced entered=1 abstracted_queries=0 abstracted_atoms=0 refused=0
/nas3/data/axeyum/corpus/smtlib-2024/non-incremental/non-incremental/QF_UF/QG-classification/qg5/iso_brn1009.smt2	sat	109	decided	70	euf-online		euf-online-atoms policy=sliced entered=1 abstracted_queries=0 abstracted_atoms=0 refused=0
/nas3/data/axeyum/corpus/smtlib-2024/non-incremental/non-incremental/QF_UF/QG-classification/qg5/iso_brn1042.smt2	sat	108	decided	35	euf-online		euf-online-atoms policy=sliced entered=1 abstracted_queries=0 abstracted_atoms=0 refused=0
/nas3/data/axeyum/corpus/smtlib-2024/non-incremental/non-incremental/QF_UF/QG-classification/qg5/iso_brn1076.smt2	sat	108	decided	52	euf-online		euf-online-atoms policy=sliced entered=1 abstracted_queries=0 abstracted_atoms=0 refused=0
/nas3/data/axeyum/corpus/smtlib-2024/non-incremental/non-incremental/QF_UF/QG-classification/qg5/iso_brn111.smt2	sat	108	decided	13	euf-online		euf-online-atoms policy=sliced entered=1 abstracted_queries=0 abstracted_atoms=0 refused=0
/nas3/data/axeyum/corpus/smtlib-2024/non-incremental/non-incremental/QF_UF/QG-classification/qg5/iso_brn1143.smt2	unsat	108	decided	20	euf-online		euf-online-atoms policy=sliced entered=1 abstracted_queries=0 abstracted_atoms=0 refused=0
/nas3/data/axeyum/corpus/smtlib-2024/non-incremental/non-incremental/QF_UF/QG-classification/qg5/iso_brn1177.smt2	unsat	108	decided	41	euf-online		euf-online-atoms policy=sliced entered=1 abstracted_queries=0 abstracted_atoms=0 refused=0
/nas3/data/axeyum/corpus/smtlib-2024/non-incremental/non-incremental/QF_UF/QG-classification/qg5/iso_brn1210.smt2	unsat	109	decided	32	euf-online		euf-online-atoms policy=sliced entered=1 abstracted_queries=0 abstracted_atoms=0 refused=0
/nas3/data/axeyum/corpus/smtlib-2024/non-incremental/non-incremental/QF_UF/QG-classification/qg5/iso_brn1244.smt2	sat	109	decided	26	euf-online		euf-online-atoms policy=sliced entered=1 abstracted_queries=0 abstracted_atoms=0 refused=0
/nas3/data/axeyum/corpus/smtlib-2024/non-incremental/non-incremental/QF_UF/QG-classification/qg5/iso_brn1278.smt2	sat	107	decided	46	euf-online		euf-online-atoms policy=sliced entered=1 abstracted_queries=0 abstracted_atoms=0 refused=0
/nas3/data/axeyum/corpus/smtlib-2024/non-incremental/non-incremental/QF_UF/QG-classification/qg5/iso_brn1311.smt2	sat	108	decided	12	euf-online		euf-online-atoms policy=sliced entered=1 abstracted_queries=0 abstracted_atoms=0 refused=0
/nas3/data/axeyum/corpus/smtlib-2024/non-incremental/non-incremental/QF_UF/QG-classification/qg5/iso_brn152.smt2	sat	107	decided	19	euf-online		euf-online-atoms policy=sliced entered=1 abstracted_queries=0 abstracted_atoms=0 refused=0
/nas3/data/axeyum/corpus/smtlib-2024/non-incremental/non-incremental/QF_UF/QG-classification/qg5/iso_brn189.smt2	sat	109	decided	27	euf-online		euf-online-atoms policy=sliced entered=1 abstracted_queries=0 abstracted_atoms=0 refused=0
/nas3/data/axeyum/corpus/smtlib-2024/non-incremental/non-incremental/QF_UF/QG-classification/qg5/iso_brn226.smt2	sat	109	decided	4	euf-online		euf-online-atoms policy=sliced entered=1 abstracted_queries=0 abstracted_atoms=0 refused=0
/nas3/data/axeyum/corpus/smtlib-2024/non-incremental/non-incremental/QF_UF/QG-classification/qg5/iso_brn263.smt2	sat	108	decided	21	euf-online		euf-online-atoms policy=sliced entered=1 abstracted_queries=0 abstracted_atoms=0 refused=0
/nas3/data/axeyum/corpus/smtlib-2024/non-incremental/non-incremental/QF_UF/QG-classification/qg5/iso_brn300.smt2	sat	108	decided	44	euf-online		euf-online-atoms policy=sliced entered=1 abstracted_queries=0 abstracted_atoms=0 refused=0
/nas3/data/axeyum/corpus/smtlib-2024/non-incremental/non-incremental/QF_UF/QG-classification/qg5/iso_brn337.smt2	sat	209	decided	81	euf-online		euf-online-atoms policy=sliced entered=1 abstracted_queries=0 abstracted_atoms=0 refused=0
/nas3/data/axeyum/corpus/smtlib-2024/non-incremental/non-incremental/QF_UF/QG-classification/qg5/iso_brn374.smt2	sat	108	decided	52	euf-online		euf-online-atoms policy=sliced entered=1 abstracted_queries=0 abstracted_atoms=0 refused=0
/nas3/data/axeyum/corpus/smtlib-2024/non-incremental/non-incremental/QF_UF/QG-classification/qg5/iso_brn411.smt2	unsat	108	decided	18	euf-online		euf-online-atoms policy=sliced entered=1 abstracted_queries=0 abstracted_atoms=0 refused=0
/nas3/data/axeyum/corpus/smtlib-2024/non-incremental/non-incremental/QF_UF/QG-classification/qg5/iso_brn448.smt2	sat	108	decided	16	euf-online		euf-online-atoms policy=sliced entered=1 abstracted_queries=0 abstracted_atoms=0 refused=0
/nas3/data/axeyum/corpus/smtlib-2024/non-incremental/non-incremental/QF_UF/QG-classification/qg5/iso_brn485.smt2	unsat	108	decided	34	euf-online		euf-online-atoms policy=sliced entered=1 abstracted_queries=0 abstracted_atoms=0 refused=0
/nas3/data/axeyum/corpus/smtlib-2024/non-incremental/non-incremental/QF_UF/QG-classification/qg5/iso_brn522.smt2	sat	108	decided	76	euf-online		euf-online-atoms policy=sliced entered=1 abstracted_queries=0 abstracted_atoms=0 refused=0
/nas3/data/axeyum/corpus/smtlib-2024/non-incremental/non-incremental/QF_UF/QG-classification/qg5/iso_brn559.smt2	unsat	108	decided	34	euf-online		euf-online-atoms policy=sliced entered=1 abstracted_queries=0 abstracted_atoms=0 refused=0
/nas3/data/axeyum/corpus/smtlib-2024/non-incremental/non-incremental/QF_UF/QG-classification/qg5/iso_brn596.smt2	unsat	108	decided	75	euf-online		euf-online-atoms policy=sliced entered=1 abstracted_queries=0 abstracted_atoms=0 refused=0
/nas3/data/axeyum/corpus/smtlib-2024/non-incremental/non-incremental/QF_UF/QG-classification/qg5/iso_brn633.smt2	sat	108	decided	25	euf-online		euf-online-atoms policy=sliced entered=1 abstracted_queries=0 abstracted_atoms=0 refused=0
/nas3/data/axeyum/corpus/smtlib-2024/non-incremental/non-incremental/QF_UF/QG-classification/qg5/iso_brn670.smt2	unsat	108	decided	58	euf-online		euf-online-atoms policy=sliced entered=1 abstracted_queries=0 abstracted_atoms=0 refused=0
/nas3/data/axeyum/corpus/smtlib-2024/non-incremental/non-incremental/QF_UF/QG-classification/qg5/iso_brn707.smt2	sat	208	decided	111	euf-online		euf-online-atoms policy=sliced entered=1 abstracted_queries=0 abstracted_atoms=0 refused=0
/nas3/data/axeyum/corpus/smtlib-2024/non-incremental/non-incremental/QF_UF/QG-classification/qg5/iso_brn744.smt2	sat	109	decided	55	euf-online		euf-online-atoms policy=sliced entered=1 abstracted_queries=0 abstracted_atoms=0 refused=0
/nas3/data/axeyum/corpus/smtlib-2024/non-incremental/non-incremental/QF_UF/QG-classification/qg5/iso_brn781.smt2	sat	109	decided	46	euf-online		euf-online-atoms policy=sliced entered=1 abstracted_queries=0 abstracted_atoms=0 refused=0
/nas3/data/axeyum/corpus/smtlib-2024/non-incremental/non-incremental/QF_UF/QG-classification/qg5/iso_brn818.smt2	sat	109	decided	35	euf-online		euf-online-atoms policy=sliced entered=1 abstracted_queries=0 abstracted_atoms=0 refused=0
/nas3/data/axeyum/corpus/smtlib-2024/non-incremental/non-incremental/QF_UF/QG-classification/qg5/iso_brn855.smt2	unsat	108	decided	42	euf-online		euf-online-atoms policy=sliced entered=1 abstracted_queries=0 abstracted_atoms=0 refused=0
/nas3/data/axeyum/corpus/smtlib-2024/non-incremental/non-incremental/QF_UF/QG-classification/qg5/iso_brn892.smt2	sat	108	decided	41	euf-online		euf-online-atoms policy=sliced entered=1 abstracted_queries=0 abstracted_atoms=0 refused=0
/nas3/data/axeyum/corpus/smtlib-2024/non-incremental/non-incremental/QF_UF/QG-classification/qg5/iso_brn929.smt2	sat	108	decided	32	euf-online		euf-online-atoms policy=sliced entered=1 abstracted_queries=0 abstracted_atoms=0 refused=0
/nas3/data/axeyum/corpus/smtlib-2024/non-incremental/non-incremental/QF_UF/QG-classification/qg5/iso_brn966.smt2	sat	108	decided	22	euf-online		euf-online-atoms policy=sliced entered=1 abstracted_queries=0 abstracted_atoms=0 refused=0
/nas3/data/axeyum/corpus/smtlib-2024/non-incremental/non-incremental/QF_UF/QG-classification/qg5/iso_icl004.smt2	unsat	107	decided	6	euf-online		euf-online-atoms policy=sliced entered=1 abstracted_queries=0 abstracted_atoms=0 refused=0
/nas3/data/axeyum/corpus/smtlib-2024/non-incremental/non-incremental/QF_UF/QG-classification/qg5/iso_icl041.smt2	unsat	108	decided	32	euf-online		euf-online-atoms policy=sliced entered=1 abstracted_queries=0 abstracted_atoms=0 refused=0
/nas3/data/axeyum/corpus/smtlib-2024/non-incremental/non-incremental/QF_UF/QG-classification/qg5/iso_icl078.smt2	unsat	108	decided	24	euf-online		euf-online-atoms policy=sliced entered=1 abstracted_queries=0 abstracted_atoms=0 refused=0
/nas3/data/axeyum/corpus/smtlib-2024/non-incremental/non-incremental/QF_UF/QG-classification/qg5/iso_icl1013.smt2	unsat	108	decided	35	euf-online		euf-online-atoms policy=sliced entered=1 abstracted_queries=0 abstracted_atoms=0 refused=0
/nas3/data/axeyum/corpus/smtlib-2024/non-incremental/non-incremental/QF_UF/QG-classification/qg5/iso_icl1047.smt2	unsat	107	decided	65	euf-online		euf-online-atoms policy=sliced entered=1 abstracted_queries=0 abstracted_atoms=0 refused=0
/nas3/data/axeyum/corpus/smtlib-2024/non-incremental/non-incremental/QF_UF/QG-classification/qg5/iso_icl1080.smt2	unsat	108	decided	38	euf-online		euf-online-atoms policy=sliced entered=1 abstracted_queries=0 abstracted_atoms=0 refused=0
/nas3/data/axeyum/corpus/smtlib-2024/non-incremental/non-incremental/QF_UF/QG-classification/qg5/iso_icl1114.smt2	unsat	107	decided	33	euf-online		euf-online-atoms policy=sliced entered=1 abstracted_queries=0 abstracted_atoms=0 refused=0
/nas3/data/axeyum/corpus/smtlib-2024/non-incremental/non-incremental/QF_UF/QG-classification/qg5/iso_icl1148.smt2	unsat	109	decided	28	euf-online		euf-online-atoms policy=sliced entered=1 abstracted_queries=0 abstracted_atoms=0 refused=0
/nas3/data/axeyum/corpus/smtlib-2024/non-incremental/non-incremental/QF_UF/QG-classification/qg5/iso_icl1181.smt2	unsat	107	decided	32	euf-online		euf-online-atoms policy=sliced entered=1 abstracted_queries=0 abstracted_atoms=0 refused=0
/nas3/data/axeyum/corpus/smtlib-2024/non-incremental/non-incremental/QF_UF/QG-classification/qg5/iso_icl1215.smt2	unsat	108	decided	63	euf-online		euf-online-atoms policy=sliced entered=1 abstracted_queries=0 abstracted_atoms=0 refused=0
/nas3/data/axeyum/corpus/smtlib-2024/non-incremental/non-incremental/QF_UF/QG-classification/qg5/iso_icl1249.smt2	unsat	107	decided	67	euf-online		euf-online-atoms policy=sliced entered=1 abstracted_queries=0 abstracted_atoms=0 refused=0
/nas3/data/axeyum/corpus/smtlib-2024/non-incremental/non-incremental/QF_UF/QG-classification/qg5/iso_icl1282.smt2	unsat	109	decided	28	euf-online		euf-online-atoms policy=sliced entered=1 abstracted_queries=0 abstracted_atoms=0 refused=0
/nas3/data/axeyum/corpus/smtlib-2024/non-incremental/non-incremental/QF_UF/QG-classification/qg5/iso_icl164.smt2	unsat	207	decided	167	euf-online		euf-online-atoms policy=sliced entered=1 abstracted_queries=0 abstracted_atoms=0 refused=0
/nas3/data/axeyum/corpus/smtlib-2024/non-incremental/non-incremental/QF_UF/QG-classification/qg5/iso_icl201.smt2	unsat	107	decided	66	euf-online		euf-online-atoms policy=sliced entered=1 abstracted_queries=0 abstracted_atoms=0 refused=0
/nas3/data/axeyum/corpus/smtlib-2024/non-incremental/non-incremental/QF_UF/QG-classification/qg5/iso_icl238.smt2	unsat	107	decided	9	euf-online		euf-online-atoms policy=sliced entered=1 abstracted_queries=0 abstracted_atoms=0 refused=0
/nas3/data/axeyum/corpus/smtlib-2024/non-incremental/non-incremental/QF_UF/QG-classification/qg5/iso_icl275.smt2	unsat	108	decided	11	euf-online		euf-online-atoms policy=sliced entered=1 abstracted_queries=0 abstracted_atoms=0 refused=0
/nas3/data/axeyum/corpus/smtlib-2024/non-incremental/non-incremental/QF_UF/QG-classification/qg5/iso_icl312.smt2	unsat	108	decided	41	euf-online		euf-online-atoms policy=sliced entered=1 abstracted_queries=0 abstracted_atoms=0 refused=0
/nas3/data/axeyum/corpus/smtlib-2024/non-incremental/non-incremental/QF_UF/QG-classification/qg5/iso_icl349.smt2	unsat	108	decided	61	euf-online		euf-online-atoms policy=sliced entered=1 abstracted_queries=0 abstracted_atoms=0 refused=0
/nas3/data/axeyum/corpus/smtlib-2024/non-incremental/non-incremental/QF_UF/QG-classification/qg5/iso_icl386.smt2	unsat	108	decided	18	euf-online		euf-online-atoms policy=sliced entered=1 abstracted_queries=0 abstracted_atoms=0 refused=0
/nas3/data/axeyum/corpus/smtlib-2024/non-incremental/non-incremental/QF_UF/QG-classification/qg5/iso_icl423.smt2	unsat	107	decided	47	euf-online		euf-online-atoms policy=sliced entered=1 abstracted_queries=0 abstracted_atoms=0 refused=0
/nas3/data/axeyum/corpus/smtlib-2024/non-incremental/non-incremental/QF_UF/QG-classification/qg5/iso_icl460.smt2	unsat	109	decided	18	euf-online		euf-online-atoms policy=sliced entered=1 abstracted_queries=0 abstracted_atoms=0 refused=0
/nas3/data/axeyum/corpus/smtlib-2024/non-incremental/non-incremental/QF_UF/QG-classification/qg5/iso_icl497.smt2	unsat	109	decided	31	euf-online		euf-online-atoms policy=sliced entered=1 abstracted_queries=0 abstracted_atoms=0 refused=0
/nas3/data/axeyum/corpus/smtlib-2024/non-incremental/non-incremental/QF_UF/QG-classification/qg5/iso_icl534.smt2	unsat	207	decided	139	euf-online		euf-online-atoms policy=sliced entered=1 abstracted_queries=0 abstracted_atoms=0 refused=0
/nas3/data/axeyum/corpus/smtlib-2024/non-incremental/non-incremental/QF_UF/QG-classification/qg5/iso_icl571.smt2	unsat	207	decided	117	euf-online		euf-online-atoms policy=sliced entered=1 abstracted_queries=0 abstracted_atoms=0 refused=0
/nas3/data/axeyum/corpus/smtlib-2024/non-incremental/non-incremental/QF_UF/QG-classification/qg5/iso_icl608.smt2	unsat	108	decided	70	euf-online		euf-online-atoms policy=sliced entered=1 abstracted_queries=0 abstracted_atoms=0 refused=0
/nas3/data/axeyum/corpus/smtlib-2024/non-incremental/non-incremental/QF_UF/QG-classification/qg5/iso_icl645.smt2	unsat	107	decided	43	euf-online		euf-online-atoms policy=sliced entered=1 abstracted_queries=0 abstracted_atoms=0 refused=0
/nas3/data/axeyum/corpus/smtlib-2024/non-incremental/non-incremental/QF_UF/QG-classification/qg5/iso_icl682.smt2	unsat	108	decided	54	euf-online		euf-online-atoms policy=sliced entered=1 abstracted_queries=0 abstracted_atoms=0 refused=0
/nas3/data/axeyum/corpus/smtlib-2024/non-incremental/non-incremental/QF_UF/QG-classification/qg5/iso_icl719.smt2	unsat	107	decided	41	euf-online		euf-online-atoms policy=sliced entered=1 abstracted_queries=0 abstracted_atoms=0 refused=0
/nas3/data/axeyum/corpus/smtlib-2024/non-incremental/non-incremental/QF_UF/QG-classification/qg5/iso_icl756.smt2	unsat	107	decided	27	euf-online		euf-online-atoms policy=sliced entered=1 abstracted_queries=0 abstracted_atoms=0 refused=0
/nas3/data/axeyum/corpus/smtlib-2024/non-incremental/non-incremental/QF_UF/QG-classification/qg5/iso_icl793.smt2	unsat	108	decided	35	euf-online		euf-online-atoms policy=sliced entered=1 abstracted_queries=0 abstracted_atoms=0 refused=0
/nas3/data/axeyum/corpus/smtlib-2024/non-incremental/non-incremental/QF_UF/QG-classification/qg5/iso_icl830.smt2	unsat	208	decided	103	euf-online		euf-online-atoms policy=sliced entered=1 abstracted_queries=0 abstracted_atoms=0 refused=0
/nas3/data/axeyum/corpus/smtlib-2024/non-incremental/non-incremental/QF_UF/QG-classification/qg5/iso_icl867.smt2	unsat	208	decided	106	euf-online		euf-online-atoms policy=sliced entered=1 abstracted_queries=0 abstracted_atoms=0 refused=0
/nas3/data/axeyum/corpus/smtlib-2024/non-incremental/non-incremental/QF_UF/QG-classification/qg5/iso_icl904.smt2	unsat	108	decided	60	euf-online		euf-online-atoms policy=sliced entered=1 abstracted_queries=0 abstracted_atoms=0 refused=0
/nas3/data/axeyum/corpus/smtlib-2024/non-incremental/non-incremental/QF_UF/QG-classification/qg5/iso_icl941.smt2	unsat	108	decided	33	euf-online		euf-online-atoms policy=sliced entered=1 abstracted_queries=0 abstracted_atoms=0 refused=0
/nas3/data/axeyum/corpus/smtlib-2024/non-incremental/non-incremental/QF_UF/QG-classification/qg5/iso_icl978.smt2	unsat	108	decided	81	euf-online		euf-online-atoms policy=sliced entered=1 abstracted_queries=0 abstracted_atoms=0 refused=0
/nas3/data/axeyum/corpus/smtlib-2024/non-incremental/non-incremental/QF_UF/QG-classification/qg6/gensys_brn012.smt2	sat	509	decided	447	euf-online		euf-online-atoms policy=sliced entered=1 abstracted_queries=0 abstracted_atoms=0 refused=0
/nas3/data/axeyum/corpus/smtlib-2024/non-incremental/non-incremental/QF_UF/QG-classification/qg6/gensys_icl_sk002.smt2	unsat	2209	decided	2081	euf-online		euf-online-atoms policy=sliced entered=1 abstracted_queries=0 abstracted_atoms=0 refused=0
/nas3/data/axeyum/corpus/smtlib-2024/non-incremental/non-incremental/QF_UF/QG-classification/qg6/iso_brn_nogen009.smt2	sat	1508	decided	1237	euf-online		euf-online-atoms policy=sliced entered=1 abstracted_queries=0 abstracted_atoms=0 refused=0
/nas3/data/axeyum/corpus/smtlib-2024/non-incremental/non-incremental/QF_UF/QG-classification/qg6/iso_brn_repgen012.smt2	sat	2611	decided	2501	euf-online		euf-online-atoms policy=sliced entered=1 abstracted_queries=0 abstracted_atoms=0 refused=0
/nas3/data/axeyum/corpus/smtlib-2024/non-incremental/non-incremental/QF_UF/QG-classification/qg6/iso_brn_sk015.smt2	unsat	208	decided	126	euf-online		euf-online-atoms policy=sliced entered=1 abstracted_queries=0 abstracted_atoms=0 refused=0
/nas3/data/axeyum/corpus/smtlib-2024/non-incremental/non-incremental/QF_UF/QG-classification/qg6/iso_icl_nogen_sk009.smt2	unsat	15219	decided	14956	euf-online		euf-online-atoms policy=sliced entered=1 abstracted_queries=0 abstracted_atoms=0 refused=0
/nas3/data/axeyum/corpus/smtlib-2024/non-incremental/non-incremental/QF_UF/QG-classification/qg6/iso_icl_sk007.smt2	unsat	208	decided	160	euf-online		euf-online-atoms policy=sliced entered=1 abstracted_queries=0 abstracted_atoms=0 refused=0
/nas3/data/axeyum/corpus/smtlib-2024/non-incremental/non-incremental/QF_UF/QG-classification/qg7/gensys_brn033.smt2	sat	709	decided	388	euf-online		euf-online-atoms policy=sliced entered=1 abstracted_queries=0 abstracted_atoms=0 refused=0
/nas3/data/axeyum/corpus/smtlib-2024/non-incremental/non-incremental/QF_UF/QG-classification/qg7/gensys_brn_sk015.smt2	sat	4411	decided	4144	euf-online		euf-online-atoms policy=sliced entered=1 abstracted_queries=0 abstracted_atoms=0 refused=0
/nas3/data/axeyum/corpus/smtlib-2024/non-incremental/non-incremental/QF_UF/QG-classification/qg7/gensys_brn_sk052.smt2	sat	6212	decided	5946	euf-online		euf-online-atoms policy=sliced entered=1 abstracted_queries=0 abstracted_atoms=0 refused=0
/nas3/data/axeyum/corpus/smtlib-2024/non-incremental/non-incremental/QF_UF/QG-classification/qg7/iso_brn022.smt2	unsat	2610	decided	2524	euf-online		euf-online-atoms policy=sliced entered=1 abstracted_queries=0 abstracted_atoms=0 refused=0
/nas3/data/axeyum/corpus/smtlib-2024/non-incremental/non-incremental/QF_UF/QG-classification/qg7/iso_brn_nogen005.smt2	sat	17318	decided	14560	euf-online		euf-online-atoms policy=sliced entered=1 abstracted_queries=0 abstracted_atoms=0 refused=0
/nas3/data/axeyum/corpus/smtlib-2024/non-incremental/non-incremental/QF_UF/QG-classification/qg7/iso_brn_repgen004.smt2	sat	12015	decided	11885	euf-online		euf-online-atoms policy=sliced entered=1 abstracted_queries=0 abstracted_atoms=0 refused=0
/nas3/data/axeyum/corpus/smtlib-2024/non-incremental/non-incremental/QF_UF/QG-classification/qg7/iso_brn_repgen041.smt2	unsolved	24120	declined	23976			euf-online-atoms policy=sliced entered=1 abstracted_queries=0 abstracted_atoms=0 refused=0
/nas3/data/axeyum/corpus/smtlib-2024/non-incremental/non-incremental/QF_UF/QG-classification/qg7/iso_brn_repgen_sk024.smt2	sat	5212	decided	5122	euf-online		euf-online-atoms policy=sliced entered=1 abstracted_queries=0 abstracted_atoms=0 refused=0
/nas3/data/axeyum/corpus/smtlib-2024/non-incremental/non-incremental/QF_UF/QG-classification/qg7/iso_brn_sk006.smt2	sat	2809	decided	2763	euf-online		euf-online-atoms policy=sliced entered=1 abstracted_queries=0 abstracted_atoms=0 refused=0
/nas3/data/axeyum/corpus/smtlib-2024/non-incremental/non-incremental/QF_UF/QG-classification/qg7/iso_brn_sk043.smt2	unsat	4011	decided	3975	euf-online		euf-online-atoms policy=sliced entered=1 abstracted_queries=0 abstracted_atoms=0 refused=0
/nas3/data/axeyum/corpus/smtlib-2024/non-incremental/non-incremental/QF_UF/QG-classification/qg7/iso_icl_repgen004.smt2	unsolved	24122	declined	23994			euf-online-atoms policy=sliced entered=1 abstracted_queries=0 abstracted_atoms=0 refused=0
/nas3/data/axeyum/corpus/smtlib-2024/non-incremental/non-incremental/QF_UF/SEQ/SEQ013_size5.smt2	unsat	1910	decided	1792	euf-online		euf-online-atoms policy=sliced entered=1 abstracted_queries=0 abstracted_atoms=0 refused=0
