cpachecker-induction.minepump_spec1_product56_false-unreach-call.cil.c.smt2	unknown	25.02	unknown	25.02
cpachecker-induction.minepump_spec3_product17_false-unreach-call.cil.c.smt2	unknown	25.02	unknown	25.03
cpachecker-induction.minepump_spec3_product35_false-unreach-call.cil.c.smt2	unknown	25.02	unknown	25.02
cpachecker-induction.minepump_spec3_product59_false-unreach-call.cil.c.smt2	unknown	25.02	unknown	25.03
pb_real_20_0400_10_14.smt2	unknown	25.13	unknown	25.13
pb_real_30_0450_10_24.smt2	unknown	25.13	unknown	25.13
pb_real_30_0600_10_28.smt2	unknown	25.13	unknown	25.13
pb_real_40_0600_10_14.smt2	unknown	25.34	unknown	25.23
pb_real_40_0800_10_12.smt2	unknown	25.13	unknown	25.13
pb_real_50_100_30_20.smt2	unknown	25.13	unknown	25.13
cpachecker-induction.minepump_spec2_product38_true-unreach-call.cil.c.smt2	unknown	25.02	unknown	25.02
cpachecker-induction.minepump_spec3_product23_false-unreach-call.cil.c.smt2	unknown	25.02	unknown	25.03
cpachecker-induction.minepump_spec3_product41_true-unreach-call.cil.c.smt2	unknown	25.02	unknown	25.02
cpachecker-induction.minepump_spec4_product53_true-unreach-call.cil.c.smt2	unknown	25.02	unknown	25.03
pb_real_30_0450_10_12.smt2	unknown	25.13	unknown	25.13
pb_real_30_0600_10_10.smt2	unknown	25.13	unknown	25.13
pb_real_30_0750_10_20.smt2	unknown	25.13	unknown	25.13
pb_real_40_0600_10_20.smt2	unknown	25.13	unknown	25.23
pb_real_40_0800_10_18.smt2	unknown	25.13	unknown	25.13
pb_real_50_100_30_74.smt2	unknown	25.14	unknown	25.13
cpachecker-induction.minepump_spec2_product62_true-unreach-call.cil.c.smt2	unknown	25.03	unknown	25.03
cpachecker-induction.minepump_spec3_product29_false-unreach-call.cil.c.smt2	unknown	25.03	unknown	25.03
cpachecker-induction.minepump_spec3_product47_false-unreach-call.cil.c.smt2	unknown	25.03	unknown	25.03
pb_real_20_0300_10_28.smt2	unknown	25.13	unknown	25.14
pb_real_30_0450_10_18.smt2	unknown	25.13	unknown	25.13
pb_real_30_0600_10_22.smt2	unknown	25.14	unknown	25.13
pb_real_40_0400_10_16.smt2	unknown	25.03	unknown	25.03
pb_real_40_0600_10_26.smt2	unknown	25.14	unknown	25.14
pb_real_40_0800_10_24.smt2	unknown	25.13	unknown	25.13
